{"textures":{"0":"modelengine:entity/sm_artoriasknight"},"elements":[{"name":"cube","from":[6.62,7.832547,7.81172],"to":[9.38,10.592547,10.90292],"rotation":{"angle":0.0,"axis":"x","origin":[8.0,9.212547,9.35732]},"faces":{"down":{"uv":[4.75,11.25,4.125,12.0],"rotation":0,"texture":"#0","tintindex":0},"east":{"uv":[2.625,11.25,1.875,11.875],"rotation":0,"texture":"#0","tintindex":0},"north":{"uv":[4.75,11.75,5.375,12.375],"rotation":0,"texture":"#0","tintindex":0},"south":{"uv":[6.375,11.75,7.0,12.375],"rotation":0,"texture":"#0","tintindex":0},"up":{"uv":[11.875,4.0,11.25,3.25],"rotation":0,"texture":"#0","tintindex":0},"west":{"uv":[1.875,11.25,2.625,11.875],"rotation":0,"texture":"#0","tintindex":0}}},{"name":"cube","from":[5.403693,11.140474,5.0517],"to":[10.503695,15.340474,9.8517],"rotation":{"angle":22.5,"axis":"x","origin":[7.9536934,11.140474,7.4517]},"faces":{"down":{"uv":[7.25,4.625,6.125,5.625],"rotation":0,"texture":"#0","tintindex":0},"east":{"uv":[0.0,7.875,1.0,8.75],"rotation":0,"texture":"#0","tintindex":0},"north":{"uv":[2.125,6.875,3.25,7.75],"rotation":0,"texture":"#0","tintindex":0},"south":{"uv":[3.25,6.875,4.375,7.75],"rotation":0,"texture":"#0","tintindex":0},"up":{"uv":[7.125,4.625,6.0,3.625],"rotation":0,"texture":"#0","tintindex":0},"west":{"uv":[1.0,7.875,0.0,8.75],"rotation":0,"texture":"#0","tintindex":0}}},{"name":"cube","from":[5.7036934,8.808981,5.157285],"to":[10.203693,12.40898,9.957285],"rotation":{"angle":0.0,"axis":"x","origin":[7.9536934,10.308981,7.1072855]},"faces":{"down":{"uv":[1.0,6.875,0.0,7.875],"rotation":0,"texture":"#0","tintindex":0},"east":{"uv":[9.125,9.375,8.125,10.125],"rotation":0,"texture":"#0","tintindex":0},"north":{"uv":[9.25,2.75,10.25,3.5],"rotation":0,"texture":"#0","tintindex":0},"south":{"uv":[9.25,2.75,10.25,3.5],"rotation":0,"texture":"#0","tintindex":0},"up":{"uv":[5.5,7.75,4.5,6.75],"rotation":0,"texture":"#0","tintindex":0},"west":{"uv":[8.125,9.375,9.125,10.125],"rotation":0,"texture":"#0","tintindex":0}}},{"name":"cube","from":[6.3199997,10.219999,8.42],"to":[9.68,14.179999,11.18],"rotation":{"angle":0.0,"axis":"x","origin":[8.0,12.2,20.600002]},"faces":{"down":{"uv":[12.0,6.875,11.25,7.5],"rotation":0,"texture":"#0","tintindex":0},"east":{"uv":[2.75,10.375,2.125,11.25],"rotation":0,"texture":"#0","tintindex":0},"north":{"uv":[0.75,10.0,1.5,10.875],"rotation":0,"texture":"#0","tintindex":0},"south":{"uv":[0.75,10.0,1.5,10.875],"rotation":0,"texture":"#0","tintindex":0},"up":{"uv":[12.0,6.875,11.25,6.25],"rotation":0,"texture":"#0","tintindex":0},"west":{"uv":[2.125,10.375,2.75,11.25],"rotation":0,"texture":"#0","tintindex":0}}}],"display":{"head":{"translation":[0.0,-6.4,0.0],"rotation":[0.0,0.0,0.0],"scale":[3.8095,3.8095,3.8095]}}}