{"textures":{"0":"modelengine:entity/sm_artoriasknight"},"elements":[{"name":"cube","from":[6.8,4.7,8.0],"to":[10.4,8.3,8.0],"rotation":{"angle":22.5,"axis":"z","origin":[8.0,6.2,8.0]},"faces":{"down":{"uv":[0.75,0.0,0.0,0.0],"rotation":0,"texture":"#0","tintindex":0},"east":{"uv":[0.0,0.0,0.0,0.75],"rotation":0,"texture":"#0","tintindex":0},"north":{"uv":[8.5,10.125,7.75,10.875],"rotation":0,"texture":"#0","tintindex":0},"south":{"uv":[7.75,10.125,8.5,10.875],"rotation":0,"texture":"#0","tintindex":0},"up":{"uv":[0.75,0.0,0.0,0.0],"rotation":0,"texture":"#0","tintindex":0},"west":{"uv":[0.0,0.0,0.0,0.75],"rotation":0,"texture":"#0","tintindex":0}}}],"display":{"head":{"translation":[0.0,-6.4,0.0],"rotation":[0.0,0.0,0.0],"scale":[3.8095,3.8095,3.8095]}}}