{"textures":{"0":"modelengine:entity/sm_artoriasknight"},"elements":[{"name":"cube","from":[7.47061,3.5254998,7.4025545],"to":[8.52939,8.293701,8.461315],"rotation":{"angle":-22.5,"axis":"x","origin":[8.0,7.4096017,7.331935]},"faces":{"down":{"uv":[1.0,12.625,0.75,13.625],"rotation":0,"texture":"#0","tintindex":0},"east":{"uv":[12.5,9.0,13.5,9.25],"rotation":0,"texture":"#0","tintindex":0},"north":{"uv":[0.5,10.625,0.75,10.875],"rotation":0,"texture":"#0","tintindex":0},"south":{"uv":[1.875,11.0,2.125,11.25],"rotation":0,"texture":"#0","tintindex":0},"up":{"uv":[0.75,13.625,0.5,12.625],"rotation":0,"texture":"#0","tintindex":0},"west":{"uv":[12.5,11.125,13.5,11.375],"rotation":0,"texture":"#0","tintindex":0}}}],"display":{"head":{"translation":[0.0,-6.4,0.0],"rotation":[0.0,0.0,0.0],"scale":[3.8095,3.8095,3.8095]}}}