{"textures":{"0":"modelengine:entity/sm_artoriasknight"},"elements":[{"name":"cube","from":[7.800947,6.05,6.499875],"to":[8.700947,8.15,9.499876],"rotation":{"angle":0.0,"axis":"x","origin":[8.100947,7.129999,7.999875]},"faces":{"down":{"uv":[1.25,13.75,1.0,14.5],"rotation":0,"texture":"#0","tintindex":0},"east":{"uv":[11.75,8.75,12.5,9.25],"rotation":0,"texture":"#0","tintindex":0},"north":{"uv":[13.0,14.125,13.25,14.625],"rotation":0,"texture":"#0","tintindex":0},"south":{"uv":[1.25,14.25,1.5,14.75],"rotation":0,"texture":"#0","tintindex":0},"up":{"uv":[3.625,11.375,3.375,10.625],"rotation":0,"texture":"#0","tintindex":0},"west":{"uv":[11.75,11.125,12.5,11.625],"rotation":0,"texture":"#0","tintindex":0}}},{"name":"cube","from":[6.9846945,6.05,4.702547],"to":[7.8846946,8.15,6.8025475],"rotation":{"angle":0.0,"axis":"x","origin":[7.9394097,7.05307,5.7066927]},"faces":{"down":{"uv":[9.125,14.25,8.875,14.75],"rotation":0,"texture":"#0","tintindex":0},"east":{"uv":[12.125,12.75,12.625,13.25],"rotation":0,"texture":"#0","tintindex":0},"north":{"uv":[1.5,14.25,1.75,14.75],"rotation":0,"texture":"#0","tintindex":0},"south":{"uv":[1.75,14.25,2.0,14.75],"rotation":0,"texture":"#0","tintindex":0},"up":{"uv":[3.5,14.75,3.25,14.25],"rotation":0,"texture":"#0","tintindex":0},"west":{"uv":[1.5,12.875,2.0,13.375],"rotation":0,"texture":"#0","tintindex":0}}},{"name":"cube","from":[7.5846944,5.8999996,3.3525472],"to":[7.5846944,8.3,5.1525474],"rotation":{"angle":0.0,"axis":"x","origin":[7.9394097,7.05307,5.7066927]},"faces":{"down":{"uv":[0.0,0.0,0.0,0.375],"rotation":0,"texture":"#0","tintindex":0},"east":{"uv":[1.25,13.75,1.625,14.25],"rotation":0,"texture":"#0","tintindex":0},"north":{"uv":[0.0,0.0,0.0,0.5],"rotation":0,"texture":"#0","tintindex":0},"south":{"uv":[0.0,0.0,0.0,0.5],"rotation":0,"texture":"#0","tintindex":0},"up":{"uv":[0.0,0.375,0.0,0.0],"rotation":0,"texture":"#0","tintindex":0},"west":{"uv":[1.625,13.75,2.0,14.25],"rotation":0,"texture":"#0","tintindex":0}}},{"name":"cube","from":[8.96142,5.8999996,10.264099],"to":[8.96142,8.3,12.064099],"rotation":{"angle":0.0,"axis":"x","origin":[7.9394097,7.05307,8.393227]},"faces":{"down":{"uv":[0.0,0.375,0.0,0.0],"rotation":0,"texture":"#0","tintindex":0},"east":{"uv":[1.625,13.75,1.25,14.25],"rotation":0,"texture":"#0","tintindex":0},"north":{"uv":[0.0,0.0,0.0,0.5],"rotation":0,"texture":"#0","tintindex":0},"south":{"uv":[0.0,0.0,0.0,0.5],"rotation":0,"texture":"#0","tintindex":0},"up":{"uv":[0.0,0.0,0.0,0.375],"rotation":0,"texture":"#0","tintindex":0},"west":{"uv":[1.25,13.75,1.625,14.25],"rotation":0,"texture":"#0","tintindex":0}}},{"name":"cube","from":[8.361421,6.05,8.614099],"to":[9.261421,8.15,10.714098],"rotation":{"angle":0.0,"axis":"x","origin":[7.9394097,7.05307,8.393227]},"faces":{"down":{"uv":[9.125,14.75,8.875,14.25],"rotation":0,"texture":"#0","tintindex":0},"east":{"uv":[12.625,12.75,12.125,13.25],"rotation":0,"texture":"#0","tintindex":0},"north":{"uv":[2.0,14.25,1.75,14.75],"rotation":0,"texture":"#0","tintindex":0},"south":{"uv":[1.75,14.25,1.5,14.75],"rotation":0,"texture":"#0","tintindex":0},"up":{"uv":[3.5,14.25,3.25,14.75],"rotation":0,"texture":"#0","tintindex":0},"west":{"uv":[2.0,12.875,1.5,13.375],"rotation":0,"texture":"#0","tintindex":0}}}],"display":{"head":{"translation":[0.0,-6.4,0.0],"rotation":[0.0,0.0,0.0],"scale":[3.8095,3.8095,3.8095]}}}