{"textures":{"0":"modelengine:entity/sm_artoriasknight"},"elements":[{"name":"cube","from":[7.5050073,7.482164,13.577584],"to":[8.49909,8.476247,22.304436],"rotation":{"angle":0.0,"axis":"x","origin":[8.04888,5.8090734,13.954954]},"faces":{"down":{"uv":[11.5,1.75,13.125,2.0],"rotation":90,"texture":"#0","tintindex":0},"east":{"uv":[11.5,1.75,13.125,2.0],"rotation":0,"texture":"#0","tintindex":0},"north":{"uv":[7.125,14.375,7.375,14.625],"rotation":0,"texture":"#0","tintindex":0},"south":{"uv":[7.375,14.375,7.625,14.625],"rotation":0,"texture":"#0","tintindex":0},"up":{"uv":[11.5,2.0,13.125,1.75],"rotation":270,"texture":"#0","tintindex":0},"west":{"uv":[13.125,1.75,11.5,2.0],"rotation":0,"texture":"#0","tintindex":0}}},{"name":"cube","from":[7.173646,7.1508026,18.873217],"to":[8.830451,8.807609,20.20573],"rotation":{"angle":0.0,"axis":"x","origin":[8.04888,5.8090734,13.954954]},"faces":{"down":{"uv":[14.5,5.375,14.25,5.75],"rotation":90,"texture":"#0","tintindex":0},"east":{"uv":[6.125,12.625,6.375,13.0],"rotation":0,"texture":"#0","tintindex":0},"north":{"uv":[13.75,8.625,14.125,9.0],"rotation":0,"texture":"#0","tintindex":0},"south":{"uv":[13.75,9.25,14.125,9.625],"rotation":0,"texture":"#0","tintindex":0},"up":{"uv":[14.5,4.25,14.25,3.875],"rotation":270,"texture":"#0","tintindex":0},"west":{"uv":[12.25,4.125,12.5,4.5],"rotation":0,"texture":"#0","tintindex":0}}},{"name":"cube","from":[7.173646,7.1508026,12.34501],"to":[8.830451,8.807609,13.011266],"rotation":{"angle":0.0,"axis":"x","origin":[8.04888,5.8090734,13.954954]},"faces":{"down":{"uv":[12.75,9.25,12.625,9.625],"rotation":90,"texture":"#0","tintindex":0},"east":{"uv":[4.625,12.0,4.75,12.375],"rotation":0,"texture":"#0","tintindex":0},"north":{"uv":[9.625,13.75,10.0,14.125],"rotation":0,"texture":"#0","tintindex":0},"south":{"uv":[10.0,13.75,10.375,14.125],"rotation":0,"texture":"#0","tintindex":0},"up":{"uv":[4.625,12.875,4.5,12.5],"rotation":270,"texture":"#0","tintindex":0},"west":{"uv":[9.0,4.125,9.125,4.5],"rotation":0,"texture":"#0","tintindex":0}}},{"name":"cube","from":[7.0355787,6.5985346,11.012497],"to":[8.968518,9.359877,12.34501],"rotation":{"angle":0.0,"axis":"x","origin":[8.04888,5.8090734,13.954954]},"faces":{"down":{"uv":[14.5,10.75,14.25,11.125],"rotation":90,"texture":"#0","tintindex":0},"east":{"uv":[11.75,14.0,12.0,14.5],"rotation":0,"texture":"#0","tintindex":0},"north":{"uv":[7.75,9.625,8.125,10.125],"rotation":0,"texture":"#0","tintindex":0},"south":{"uv":[4.875,10.625,5.25,11.125],"rotation":0,"texture":"#0","tintindex":0},"up":{"uv":[14.5,8.5,14.25,8.125],"rotation":270,"texture":"#0","tintindex":0},"west":{"uv":[11.5,14.0,11.75,14.5],"rotation":0,"texture":"#0","tintindex":0}}},{"name":"cube","from":[7.44978,6.874669,10.179676],"to":[8.554317,9.083742,11.012497],"rotation":{"angle":0.0,"axis":"x","origin":[8.04888,5.8090734,13.954954]},"faces":{"down":{"uv":[11.375,4.0,11.25,4.25],"rotation":90,"texture":"#0","tintindex":0},"east":{"uv":[12.0,12.875,12.125,13.25],"rotation":0,"texture":"#0","tintindex":0},"north":{"uv":[13.75,14.25,14.0,14.625],"rotation":0,"texture":"#0","tintindex":0},"south":{"uv":[14.25,14.125,14.5,14.5],"rotation":0,"texture":"#0","tintindex":0},"up":{"uv":[11.25,6.5,11.125,6.25],"rotation":270,"texture":"#0","tintindex":0},"west":{"uv":[7.5,12.875,7.625,13.25],"rotation":0,"texture":"#0","tintindex":0}}},{"name":"cube","from":[7.7811413,6.874669,-12.473046],"to":[8.195343,9.083742,10.179676],"rotation":{"angle":0.0,"axis":"x","origin":[8.04888,5.8090734,13.954954]},"faces":{"down":{"uv":[14.125,5.0,10.625,5.125],"rotation":90,"texture":"#0","tintindex":0},"east":{"uv":[5.125,1.5,8.625,1.875],"rotation":0,"texture":"#0","tintindex":0},"north":{"uv":[13.125,2.125,13.25,2.5],"rotation":0,"texture":"#0","tintindex":0},"south":{"uv":[4.875,13.375,5.0,13.75],"rotation":0,"texture":"#0","tintindex":0},"up":{"uv":[14.125,5.0,10.625,4.875],"rotation":270,"texture":"#0","tintindex":0},"west":{"uv":[5.125,1.5,8.625,1.875],"rotation":0,"texture":"#0","tintindex":0}}},{"name":"cube","from":[7.786664,10.177858,-13.903041],"to":[8.189819,11.740776,-12.340097],"rotation":{"angle":-45.0,"axis":"x","origin":[7.9882417,10.209318,-9.225705]},"faces":{"down":{"uv":[13.0,4.0,12.75,4.125],"rotation":90,"texture":"#0","tintindex":0},"east":{"uv":[14.375,7.75,14.625,8.0],"rotation":0,"texture":"#0","tintindex":0},"north":{"uv":[10.875,11.375,11.0,11.625],"rotation":0,"texture":"#0","tintindex":0},"south":{"uv":[12.125,10.125,12.25,10.375],"rotation":0,"texture":"#0","tintindex":0},"up":{"uv":[12.25,7.5,12.0,7.375],"rotation":270,"texture":"#0","tintindex":0},"west":{"uv":[7.625,14.375,7.875,14.625],"rotation":0,"texture":"#0","tintindex":0}}},{"name":"cube","from":[7.643074,8.531085,9.079017],"to":[8.333409,9.083354,10.078402],"rotation":{"angle":-22.5,"axis":"x","origin":[7.9882417,6.977937,10.492814]},"faces":{"down":{"uv":[12.5,8.625,12.375,8.75],"rotation":90,"texture":"#0","tintindex":0},"east":{"uv":[8.0,11.5,8.125,11.625],"rotation":0,"texture":"#0","tintindex":0},"north":{"uv":[2.625,11.25,2.75,11.375],"rotation":0,"texture":"#0","tintindex":0},"south":{"uv":[11.875,6.125,12.0,6.25],"rotation":0,"texture":"#0","tintindex":0},"up":{"uv":[7.0,12.5,6.875,12.375],"rotation":270,"texture":"#0","tintindex":0},"west":{"uv":[1.875,8.625,2.0,8.75],"rotation":0,"texture":"#0","tintindex":0}}},{"name":"cube","from":[7.587847,4.9966707,9.7655945],"to":[8.41625,5.4108715,11.264672],"rotation":{"angle":22.5,"axis":"x","origin":[8.0020485,7.033052,9.601028]},"faces":{"down":{"uv":[13.5,11.75,13.25,11.875],"rotation":90,"texture":"#0","tintindex":0},"east":{"uv":[2.5,12.875,2.75,13.0],"rotation":0,"texture":"#0","tintindex":0},"north":{"uv":[12.5,9.25,12.625,9.375],"rotation":0,"texture":"#0","tintindex":0},"south":{"uv":[12.625,1.375,12.75,1.5],"rotation":0,"texture":"#0","tintindex":0},"up":{"uv":[13.5,7.875,13.25,7.75],"rotation":270,"texture":"#0","tintindex":0},"west":{"uv":[11.375,12.75,11.625,12.875],"rotation":0,"texture":"#0","tintindex":0}}},{"name":"cube","from":[7.587847,7.5650043,7.51465],"to":[8.41625,8.393407,10.179676],"rotation":{"angle":0.0,"axis":"x","origin":[8.04888,5.8090734,13.954954]},"faces":{"down":{"uv":[14.75,6.5,14.375,6.625],"rotation":90,"texture":"#0","tintindex":0},"east":{"uv":[9.5,12.25,9.875,12.375],"rotation":0,"texture":"#0","tintindex":0},"north":{"uv":[12.75,7.875,12.875,8.0],"rotation":0,"texture":"#0","tintindex":0},"south":{"uv":[12.75,10.0,12.875,10.125],"rotation":0,"texture":"#0","tintindex":0},"up":{"uv":[3.5,12.875,3.125,12.75],"rotation":270,"texture":"#0","tintindex":0},"west":{"uv":[8.125,10.875,8.5,11.0],"rotation":0,"texture":"#0","tintindex":0}}},{"name":"cube","from":[7.587847,7.5650043,0.85208464],"to":[8.41625,8.393407,2.8508537],"rotation":{"angle":0.0,"axis":"x","origin":[8.04888,5.8090734,13.954954]},"faces":{"down":{"uv":[14.875,3.875,14.5,4.0],"rotation":90,"texture":"#0","tintindex":0},"east":{"uv":[2.0,14.5,2.375,14.625],"rotation":0,"texture":"#0","tintindex":0},"north":{"uv":[12.875,6.0,13.0,6.125],"rotation":0,"texture":"#0","tintindex":0},"south":{"uv":[9.375,12.875,9.5,13.0],"rotation":0,"texture":"#0","tintindex":0},"up":{"uv":[2.75,14.625,2.375,14.5],"rotation":270,"texture":"#0","tintindex":0},"west":{"uv":[14.375,8.0,14.75,8.125],"rotation":0,"texture":"#0","tintindex":0}}},{"name":"cube","from":[7.587847,7.620231,-5.144224],"to":[8.41625,8.310566,-3.8117108],"rotation":{"angle":0.0,"axis":"x","origin":[8.04888,5.8090734,13.954954]},"faces":{"down":{"uv":[14.125,5.75,13.875,5.875],"rotation":90,"texture":"#0","tintindex":0},"east":{"uv":[13.375,5.875,13.625,6.0],"rotation":0,"texture":"#0","tintindex":0},"north":{"uv":[13.125,0.375,13.25,0.5],"rotation":0,"texture":"#0","tintindex":0},"south":{"uv":[13.625,1.625,13.75,1.75],"rotation":0,"texture":"#0","tintindex":0},"up":{"uv":[14.125,4.375,13.875,4.25],"rotation":270,"texture":"#0","tintindex":0},"west":{"uv":[3.375,13.375,3.625,13.5],"rotation":0,"texture":"#0","tintindex":0}}},{"name":"cube","from":[7.643074,7.785912,2.6842895],"to":[8.333409,8.200112,7.51465],"rotation":{"angle":0.0,"axis":"x","origin":[8.04888,5.8090734,13.954954]},"faces":{"down":{"uv":[12.5,9.25,11.75,9.375],"rotation":90,"texture":"#0","tintindex":0},"east":{"uv":[5.5,6.75,6.25,6.875],"rotation":0,"texture":"#0","tintindex":0},"north":{"uv":[12.5,13.625,12.625,13.75],"rotation":0,"texture":"#0","tintindex":0},"south":{"uv":[3.25,13.75,3.375,13.875],"rotation":0,"texture":"#0","tintindex":0},"up":{"uv":[5.5,7.875,4.75,7.75],"rotation":270,"texture":"#0","tintindex":0},"west":{"uv":[5.5,6.75,6.25,6.875],"rotation":0,"texture":"#0","tintindex":0}}},{"name":"cube","from":[7.643074,7.785912,-3.9782748],"to":[8.333409,8.200112,0.85208464],"rotation":{"angle":0.0,"axis":"x","origin":[8.04888,5.8090734,13.954954]},"faces":{"down":{"uv":[14.875,4.5,14.125,4.625],"rotation":90,"texture":"#0","tintindex":0},"east":{"uv":[14.125,1.5,14.875,1.625],"rotation":0,"texture":"#0","tintindex":0},"north":{"uv":[13.75,3.875,13.875,4.0],"rotation":0,"texture":"#0","tintindex":0},"south":{"uv":[13.75,5.375,13.875,5.5],"rotation":0,"texture":"#0","tintindex":0},"up":{"uv":[14.875,2.5,14.125,2.375],"rotation":270,"texture":"#0","tintindex":0},"west":{"uv":[14.125,1.5,14.875,1.625],"rotation":0,"texture":"#0","tintindex":0}}},{"name":"cube","from":[7.6706877,7.8135247,-13.143165],"to":[8.305796,8.1725,-5.1109104],"rotation":{"angle":0.0,"axis":"x","origin":[8.04888,5.8090734,11.2899275]},"faces":{"down":{"uv":[15.0,0.25,13.75,0.375],"rotation":90,"texture":"#0","tintindex":0},"east":{"uv":[13.25,9.625,14.5,9.75],"rotation":0,"texture":"#0","tintindex":0},"north":{"uv":[13.25,13.75,13.375,13.875],"rotation":0,"texture":"#0","tintindex":0},"south":{"uv":[14.0,6.625,14.125,6.75],"rotation":0,"texture":"#0","tintindex":0},"up":{"uv":[14.75,3.625,13.5,3.5],"rotation":270,"texture":"#0","tintindex":0},"west":{"uv":[13.25,9.625,14.5,9.75],"rotation":0,"texture":"#0","tintindex":0}}},{"name":"cube","from":[7.574575,6.3871417,13.336888],"to":[8.402977,7.077478,14.169709],"rotation":{"angle":45.0,"axis":"x","origin":[7.988776,9.173856,10.613309]},"faces":{"down":{"uv":[11.625,14.5,11.5,14.625],"rotation":90,"texture":"#0","tintindex":0},"east":{"uv":[14.125,12.75,14.25,12.875],"rotation":0,"texture":"#0","tintindex":0},"north":{"uv":[14.125,11.625,14.25,11.75],"rotation":0,"texture":"#0","tintindex":0},"south":{"uv":[3.5,14.25,3.625,14.375],"rotation":0,"texture":"#0","tintindex":0},"up":{"uv":[14.625,9.75,14.5,9.625],"rotation":270,"texture":"#0","tintindex":0},"west":{"uv":[14.0,12.75,14.125,12.875],"rotation":0,"texture":"#0","tintindex":0}}},{"name":"cube","from":[7.4365077,6.249096,13.621084],"to":[8.541044,6.5252304,14.787033],"rotation":{"angle":45.0,"axis":"x","origin":[7.988776,9.833857,10.812365]},"faces":{"down":{"uv":[12.75,0.5,12.625,0.75],"rotation":90,"texture":"#0","tintindex":0},"east":{"uv":[14.5,11.625,14.625,11.75],"rotation":0,"texture":"#0","tintindex":0},"north":{"uv":[13.875,8.5,14.125,8.625],"rotation":0,"texture":"#0","tintindex":0},"south":{"uv":[14.0,10.25,14.25,10.375],"rotation":0,"texture":"#0","tintindex":0},"up":{"uv":[12.375,8.25,12.25,8.0],"rotation":270,"texture":"#0","tintindex":0},"west":{"uv":[11.625,14.5,11.75,14.625],"rotation":0,"texture":"#0","tintindex":0}}},{"name":"cube","from":[7.360971,5.4540844,11.745963],"to":[8.741642,7.110889,12.745347],"rotation":{"angle":22.5,"axis":"x","origin":[8.051307,8.0532055,11.33155]},"faces":{"down":{"uv":[1.5,13.125,1.375,13.375],"rotation":90,"texture":"#0","tintindex":0},"east":{"uv":[2.75,14.5,2.875,14.875],"rotation":0,"texture":"#0","tintindex":0},"north":{"uv":[0.0,14.375,0.25,14.75],"rotation":0,"texture":"#0","tintindex":0},"south":{"uv":[0.25,14.375,0.5,14.75],"rotation":0,"texture":"#0","tintindex":0},"up":{"uv":[6.875,13.25,6.75,13.0],"rotation":270,"texture":"#0","tintindex":0},"west":{"uv":[9.875,13.375,10.0,13.75],"rotation":0,"texture":"#0","tintindex":0}}},{"name":"cube","from":[7.4365077,9.538223,13.621084],"to":[8.541044,9.814358,14.787033],"rotation":{"angle":-45.0,"axis":"x","origin":[7.988776,6.229599,10.812365]},"faces":{"down":{"uv":[12.375,8.0,12.25,8.25],"rotation":90,"texture":"#0","tintindex":0},"east":{"uv":[14.5,11.75,14.625,11.625],"rotation":0,"texture":"#0","tintindex":0},"north":{"uv":[13.875,8.625,14.125,8.5],"rotation":0,"texture":"#0","tintindex":0},"south":{"uv":[14.0,10.375,14.25,10.25],"rotation":0,"texture":"#0","tintindex":0},"up":{"uv":[12.75,0.75,12.625,0.5],"rotation":270,"texture":"#0","tintindex":0},"west":{"uv":[11.625,14.625,11.75,14.5],"rotation":0,"texture":"#0","tintindex":0}}},{"name":"cube","from":[7.574575,8.985977,13.336888],"to":[8.402977,9.676312,14.169709],"rotation":{"angle":-45.0,"axis":"x","origin":[7.988776,6.889598,10.613309]},"faces":{"down":{"uv":[14.625,9.625,14.5,9.75],"rotation":90,"texture":"#0","tintindex":0},"east":{"uv":[14.125,12.875,14.25,12.75],"rotation":0,"texture":"#0","tintindex":0},"north":{"uv":[14.125,11.75,14.25,11.625],"rotation":0,"texture":"#0","tintindex":0},"south":{"uv":[3.5,14.375,3.625,14.25],"rotation":0,"texture":"#0","tintindex":0},"up":{"uv":[11.625,14.625,11.5,14.5],"rotation":270,"texture":"#0","tintindex":0},"west":{"uv":[14.0,12.875,14.125,12.75],"rotation":0,"texture":"#0","tintindex":0}}},{"name":"cube","from":[7.360971,8.952565,11.745963],"to":[8.741642,10.609369,12.745347],"rotation":{"angle":-22.5,"axis":"x","origin":[8.051307,8.010249,11.33155]},"faces":{"down":{"uv":[6.875,13.0,6.75,13.25],"rotation":90,"texture":"#0","tintindex":0},"east":{"uv":[2.75,14.875,2.875,14.5],"rotation":0,"texture":"#0","tintindex":0},"north":{"uv":[0.0,14.75,0.25,14.375],"rotation":0,"texture":"#0","tintindex":0},"south":{"uv":[0.25,14.75,0.5,14.375],"rotation":0,"texture":"#0","tintindex":0},"up":{"uv":[1.5,13.375,1.375,13.125],"rotation":270,"texture":"#0","tintindex":0},"west":{"uv":[9.875,13.75,10.0,13.375],"rotation":0,"texture":"#0","tintindex":0}}},{"name":"cube","from":[7.643074,6.9801016,9.079017],"to":[8.333409,7.532369,10.078402],"rotation":{"angle":22.5,"axis":"x","origin":[7.9882417,9.085517,10.492814]},"faces":{"down":{"uv":[7.0,12.375,6.875,12.5],"rotation":90,"texture":"#0","tintindex":0},"east":{"uv":[8.0,11.625,8.125,11.5],"rotation":0,"texture":"#0","tintindex":0},"north":{"uv":[2.625,11.375,2.75,11.25],"rotation":0,"texture":"#0","tintindex":0},"south":{"uv":[11.875,6.25,12.0,6.125],"rotation":0,"texture":"#0","tintindex":0},"up":{"uv":[12.5,8.75,12.375,8.625],"rotation":270,"texture":"#0","tintindex":0},"west":{"uv":[1.875,8.75,2.0,8.625],"rotation":0,"texture":"#0","tintindex":0}}},{"name":"cube","from":[7.587847,10.652582,9.7655945],"to":[8.41625,11.066784,11.264672],"rotation":{"angle":-22.5,"axis":"x","origin":[8.0020485,9.030402,9.601028]},"faces":{"down":{"uv":[13.5,7.75,13.25,7.875],"rotation":90,"texture":"#0","tintindex":0},"east":{"uv":[2.5,13.0,2.75,12.875],"rotation":0,"texture":"#0","tintindex":0},"north":{"uv":[12.5,9.375,12.625,9.25],"rotation":0,"texture":"#0","tintindex":0},"south":{"uv":[12.625,1.5,12.75,1.375],"rotation":0,"texture":"#0","tintindex":0},"up":{"uv":[13.5,11.875,13.25,11.75],"rotation":270,"texture":"#0","tintindex":0},"west":{"uv":[11.375,12.875,11.625,12.75],"rotation":0,"texture":"#0","tintindex":0}}},{"name":"cube","from":[7.311713,7.28887,20.554546],"to":[8.692385,8.669541,21.887062],"rotation":{"angle":0.0,"axis":"x","origin":[8.04888,5.8090734,13.954954]},"faces":{"down":{"uv":[10.125,14.375,9.875,14.625],"rotation":90,"texture":"#0","tintindex":0},"east":{"uv":[14.375,8.5,14.625,8.75],"rotation":0,"texture":"#0","tintindex":0},"north":{"uv":[8.125,14.375,8.375,14.625],"rotation":0,"texture":"#0","tintindex":0},"south":{"uv":[14.375,8.75,14.625,9.0],"rotation":0,"texture":"#0","tintindex":0},"up":{"uv":[9.625,14.625,9.375,14.375],"rotation":270,"texture":"#0","tintindex":0},"west":{"uv":[7.875,14.375,8.125,14.625],"rotation":0,"texture":"#0","tintindex":0}}},{"name":"cube","from":[7.311713,7.28887,12.844702],"to":[8.692385,8.669541,13.844086],"rotation":{"angle":0.0,"axis":"x","origin":[8.04888,5.8090734,13.954954]},"faces":{"down":{"uv":[14.625,4.0,14.5,4.25],"rotation":90,"texture":"#0","tintindex":0},"east":{"uv":[8.5,13.25,8.625,13.5],"rotation":0,"texture":"#0","tintindex":0},"north":{"uv":[10.125,14.375,10.375,14.625],"rotation":0,"texture":"#0","tintindex":0},"south":{"uv":[10.375,14.375,10.625,14.625],"rotation":0,"texture":"#0","tintindex":0},"up":{"uv":[4.0,13.75,3.875,13.5],"rotation":270,"texture":"#0","tintindex":0},"west":{"uv":[4.375,13.125,4.5,13.375],"rotation":0,"texture":"#0","tintindex":0}}}],"display":{"head":{"translation":[0.0,-6.4,0.0],"rotation":[0.0,0.0,0.0],"scale":[3.8095,3.8095,3.8095]}}}