{
	"credit": "Made with Blockbench",
	"texture_size": [32, 32],
	"textures": {
		"0": "custom/337",
		"particle": "custom/337"
	},
	"elements": [
		{
			"from": [4, 1.75, 4],
			"to": [12, 6.75, 11],
			"rotation": {"angle": 22.5, "axis": "x", "origin": [8, 3.75, 7.5]},
			"faces": {
				"north": {"uv": [0, 7, 4, 9.5], "texture": "#0"},
				"east": {"uv": [0, 9.5, 3.5, 12], "texture": "#0"},
				"south": {"uv": [7, 7, 11, 9.5], "texture": "#0"},
				"west": {"uv": [3.5, 9.5, 7, 12], "texture": "#0"},
				"up": {"uv": [4, 3.5, 0, 0], "texture": "#0"},
				"down": {"uv": [4, 3.5, 0, 7], "texture": "#0"}
			}
		},
		{
			"from": [5, 0.97836, 2.85195],
			"to": [11, 1.97836, 8.85195],
			"rotation": {"angle": 22.5, "axis": "x", "origin": [8, 0.97836, 6.35195]},
			"faces": {
				"north": {"uv": [4, 9, 7, 9.5], "texture": "#0"},
				"east": {"uv": [10, 1, 13, 1.5], "texture": "#0"},
				"south": {"uv": [10, 1.5, 13, 2], "texture": "#0"},
				"west": {"uv": [10, 2, 13, 2.5], "texture": "#0"},
				"up": {"uv": [10, 3, 7, 0], "texture": "#0"},
				"down": {"uv": [10, 3, 7, 6], "texture": "#0"}
			}
		},
		{
			"from": [5.5, -0.52164, 3.35195],
			"to": [10.5, 1.97836, 3.36195],
			"rotation": {"angle": 22.5, "axis": "x", "origin": [7.5, 0.97836, 6.35195]},
			"faces": {
				"north": {"uv": [0, 12, 3.5, 13.5], "texture": "#0"},
				"east": {"uv": [0, 0, 0, 1], "texture": "#0"},
				"south": {"uv": [0, 12, 3.5, 13.5], "texture": "#0"},
				"west": {"uv": [0, 0, 0, 1], "texture": "#0"},
				"up": {"uv": [3, 0, 0, 0], "texture": "#0"},
				"down": {"uv": [3, 0, 0, 0], "texture": "#0"}
			}
		},
		{
			"from": [5, 6.75, 4],
			"to": [11, 7.75, 11],
			"rotation": {"angle": 22.5, "axis": "x", "origin": [8, 3.75, 7.5]},
			"faces": {
				"north": {"uv": [4, 3.5, 7, 4], "texture": "#0"},
				"east": {"uv": [10, 0, 13.5, 0.5], "texture": "#0"},
				"south": {"uv": [4, 8.5, 7, 9], "texture": "#0"},
				"west": {"uv": [10, 0.5, 13.5, 1], "texture": "#0"},
				"up": {"uv": [7, 7.5, 4, 4], "texture": "#0"},
				"down": {"uv": [7, 0, 4, 3.5], "texture": "#0"}
			}
		},
		{
			"from": [7, 6.5, 7],
			"to": [9, 11.5, 9],
			"rotation": {"angle": 0, "axis": "x", "origin": [8, 9, 8]},
			"faces": {
				"north": {"uv": [7, 9.5, 8, 12], "texture": "#0"},
				"east": {"uv": [8, 9.5, 9, 12], "texture": "#0"},
				"south": {"uv": [9, 9.5, 10, 12], "texture": "#0"},
				"west": {"uv": [10, 10, 11, 12.5], "texture": "#0"},
				"up": {"uv": [11, 6.5, 10, 5.5], "texture": "#0"},
				"down": {"uv": [12, 11, 11, 12], "texture": "#0"}
			}
		},
		{
			"from": [6.25, 11.5, 8],
			"to": [9.75, 16.5, 8],
			"rotation": {"angle": 45, "axis": "y", "origin": [8, 14, 8]},
			"faces": {
				"north": {"uv": [11.016, 2.516, 13.484, 4.984], "texture": "#0"},
				"east": {"uv": [14.016, 0.516, 14.016, 1.984], "texture": "#0"},
				"south": {"uv": [13.484, 2.516, 11.016, 4.984], "texture": "#0"},
				"west": {"uv": [14.016, 0.516, 14.016, 1.984], "texture": "#0"},
				"up": {"uv": [14.016, 0.516, 14.016, 1.984], "texture": "#0"},
				"down": {"uv": [14.016, 0.516, 14.016, 1.984], "texture": "#0"}
			}
		},
		{
			"from": [8, 11.5, 6.25],
			"to": [8, 16.5, 9.75],
			"rotation": {"angle": 45, "axis": "y", "origin": [8, 14, 8]},
			"faces": {
				"north": {"uv": [14.016, 0.516, 14.016, 1.984], "texture": "#0"},
				"east": {"uv": [11.016, 2.516, 13.484, 4.984], "texture": "#0"},
				"south": {"uv": [14.016, 0.516, 14.016, 1.984], "texture": "#0"},
				"west": {"uv": [13.484, 2.516, 11.016, 4.984], "texture": "#0"},
				"up": {"uv": [14.016, 0.516, 14.016, 1.984], "rotation": 90, "texture": "#0"},
				"down": {"uv": [14.016, 0.516, 14.016, 1.984], "rotation": 270, "texture": "#0"}
			}
		}
	],
	"gui_light": "front",
	"display": {
		"thirdperson_righthand": {
			"rotation": [57, -45, 0],
			"translation": [0, 4.5, 4.75],
			"scale": [0.5, 0.5, 0.5]
		},
		"thirdperson_lefthand": {
			"rotation": [57, 45, 0],
			"translation": [0, 4.5, 4.75],
			"scale": [0.5, 0.5, 0.5]
		},
		"firstperson_righthand": {
			"rotation": [0, -60, 0],
			"translation": [-0.5, 6.25, 0],
			"scale": [0.5, 0.5, 0.5]
		},
		"firstperson_lefthand": {
			"rotation": [0, 25, 0],
			"translation": [-0.5, 5.5, -1.5],
			"scale": [0.5, 0.5, 0.5]
		},
		"ground": {
			"translation": [0, 6.5, 0],
			"scale": [0.5, 0.5, 0.5]
		},
		"gui": {
			"rotation": [34, 140, 0],
			"scale": [0.6, 0.6, 0.6]
		},
		"head": {
			"rotation": [0, -37, 0],
			"translation": [0, 14.25, 1.25]
		},
		"fixed": {
			"rotation": [-90, 0, 0],
			"translation": [2.5, 1.25, -15.75],
			"scale": [2, 2, 2]
		}
	}
}