{
	"credit": "Made with Blockbench",
	"texture_size": [32, 32],
	"textures": {
		"0": "custom/339",
		"particle": "custom/339"
	},
	"elements": [
		{
			"from": [13.06959, 0, -1.08333],
			"to": [17.06959, 5, 2.91667],
			"rotation": {"angle": 0, "axis": "x", "origin": [16.5348, 7.3704, 0.45833]},
			"faces": {
				"north": {"uv": [4, 7, 6, 9.5], "texture": "#0"},
				"east": {"uv": [0, 8.5, 2, 11], "texture": "#0"},
				"south": {"uv": [0, 4, 2, 5.5], "texture": "#0"},
				"west": {"uv": [2, 5, 4, 7.5], "texture": "#0"},
				"up": {"uv": [4, 2, 2, 0], "rotation": 180, "texture": "#0"},
				"down": {"uv": [10.5, 4, 8.5, 6], "rotation": 180, "texture": "#0"}
			}
		},
		{
			"from": [12.46222, 5.20099, -3.08333],
			"to": [14.46222, 10.20099, -1.08333],
			"rotation": {"angle": 22.5, "axis": "z", "origin": [16.5348, 7.3704, 0.45833]},
			"faces": {
				"north": {"uv": [1, 11, 2, 13.5], "texture": "#0"},
				"east": {"uv": [11, 11, 12, 13.5], "texture": "#0"},
				"south": {"uv": [10, 10, 11, 12.5], "texture": "#0"},
				"west": {"uv": [0, 11, 1, 13.5], "texture": "#0"},
				"up": {"uv": [4, 15, 3, 14], "rotation": 180, "texture": "#0"},
				"down": {"uv": [5, 14, 4, 15], "rotation": 180, "texture": "#0"}
			}
		},
		{
			"from": [15.90003, 4.07957, -2.08333],
			"to": [17.90003, 9.07957, 3.91667],
			"rotation": {"angle": -22.5, "axis": "z", "origin": [16.5348, 7.3704, 0.45833]},
			"faces": {
				"north": {"uv": [4.5, 9.5, 5.5, 12], "texture": "#0"},
				"east": {"uv": [6, 6, 9, 8.5], "texture": "#0"},
				"south": {"uv": [3.5, 9.5, 4.5, 12], "texture": "#0"},
				"west": {"uv": [4, 0, 7, 2.5], "texture": "#0"},
				"up": {"uv": [7, 5.5, 6, 2.5], "rotation": 180, "texture": "#0"},
				"down": {"uv": [10, 9, 9, 12], "rotation": 180, "texture": "#0"}
			}
		},
		{
			"from": [15.6649, 7.81396, -2.58333],
			"to": [17.6649, 11.81396, -0.58333],
			"rotation": {"angle": 22.5, "axis": "z", "origin": [16.69861, 9.86668, 1]},
			"faces": {
				"north": {"uv": [12, 12, 13, 14], "texture": "#0"},
				"east": {"uv": [12, 0, 13, 2], "texture": "#0"},
				"south": {"uv": [5, 12, 6, 14], "texture": "#0"},
				"west": {"uv": [9, 12, 10, 14], "texture": "#0"},
				"up": {"uv": [6, 15, 5, 14], "rotation": 180, "texture": "#0"},
				"down": {"uv": [10, 14, 9, 15], "rotation": 180, "texture": "#0"}
			}
		},
		{
			"from": [15.71547, 7.89304, -0.08333],
			"to": [17.71547, 11.89304, 1.91667],
			"rotation": {"angle": 22.5, "axis": "z", "origin": [16.69861, 9.86668, 1]},
			"faces": {
				"north": {"uv": [12, 10, 13, 12], "texture": "#0"},
				"east": {"uv": [10, 12.5, 11, 14.5], "texture": "#0"},
				"south": {"uv": [12, 2, 13, 4], "texture": "#0"},
				"west": {"uv": [12, 8, 13, 10], "texture": "#0"},
				"up": {"uv": [13, 15, 12, 14], "rotation": 180, "texture": "#0"},
				"down": {"uv": [15, 14, 14, 15], "rotation": 180, "texture": "#0"}
			}
		},
		{
			"from": [15.71547, 7.89304, 2.66667],
			"to": [17.71547, 11.89304, 4.66667],
			"rotation": {"angle": 22.5, "axis": "z", "origin": [16.69861, 9.86668, 1]},
			"faces": {
				"north": {"uv": [3, 12, 4, 14], "texture": "#0"},
				"east": {"uv": [4, 12, 5, 14], "texture": "#0"},
				"south": {"uv": [11.5, 6, 12.5, 8], "texture": "#0"},
				"west": {"uv": [2, 12, 3, 14], "texture": "#0"},
				"up": {"uv": [14.5, 7, 13.5, 6], "rotation": 180, "texture": "#0"},
				"down": {"uv": [3, 14, 2, 15], "rotation": 180, "texture": "#0"}
			}
		},
		{
			"from": [-1.5, 15, 0.25],
			"to": [0.5, 19, 2.25],
			"rotation": {"angle": 22.5, "axis": "z", "origin": [-0.5, 12.5, -0.75]},
			"faces": {
				"north": {"uv": [11.5, 6, 12.5, 8], "texture": "#0"},
				"east": {"uv": [2, 12, 3, 14], "texture": "#0"},
				"south": {"uv": [3, 12, 4, 14], "texture": "#0"},
				"west": {"uv": [4, 12, 5, 14], "texture": "#0"},
				"up": {"uv": [14.5, 7, 13.5, 6], "texture": "#0"},
				"down": {"uv": [3, 14, 2, 15], "texture": "#0"}
			}
		},
		{
			"from": [-1, 0, 2],
			"to": [3, 11, 6],
			"rotation": {"angle": 0, "axis": "y", "origin": [7, 8, 10]},
			"faces": {
				"north": {"uv": [0, 0, 2, 5.5], "texture": "#0"},
				"east": {"uv": [2, 2, 4, 7.5], "texture": "#0"},
				"south": {"uv": [4, 4, 6, 9.5], "texture": "#0"},
				"west": {"uv": [0, 5.5, 2, 11], "texture": "#0"},
				"up": {"uv": [4, 2, 2, 0], "texture": "#0"},
				"down": {"uv": [10.5, 4, 8.5, 6], "texture": "#0"}
			}
		},
		{
			"from": [-1.5, 10, 1],
			"to": [0.5, 15, 7],
			"rotation": {"angle": 22.5, "axis": "z", "origin": [-0.5, 12.5, 4]},
			"faces": {
				"north": {"uv": [3.5, 9.5, 4.5, 12], "texture": "#0"},
				"east": {"uv": [4, 0, 7, 2.5], "texture": "#0"},
				"south": {"uv": [4.5, 9.5, 5.5, 12], "texture": "#0"},
				"west": {"uv": [6, 6, 9, 8.5], "texture": "#0"},
				"up": {"uv": [7, 5.5, 6, 2.5], "texture": "#0"},
				"down": {"uv": [10, 9, 9, 12], "texture": "#0"}
			}
		},
		{
			"from": [1.5, 10, 6],
			"to": [3.5, 15, 8],
			"rotation": {"angle": -22.5, "axis": "z", "origin": [2.5, 12.5, 5]},
			"faces": {
				"north": {"uv": [10, 10, 11, 12.5], "texture": "#0"},
				"east": {"uv": [0, 11, 1, 13.5], "texture": "#0"},
				"south": {"uv": [1, 11, 2, 13.5], "texture": "#0"},
				"west": {"uv": [11, 11, 12, 13.5], "texture": "#0"},
				"up": {"uv": [4, 15, 3, 14], "texture": "#0"},
				"down": {"uv": [5, 14, 4, 15], "texture": "#0"}
			}
		},
		{
			"from": [-2.34708, 14.40746, 5.5],
			"to": [-0.34708, 18.40746, 7.5],
			"rotation": {"angle": 0, "axis": "z", "origin": [-1.34708, 16.40746, 6.5]},
			"faces": {
				"north": {"uv": [5, 12, 6, 14], "texture": "#0"},
				"east": {"uv": [9, 12, 10, 14], "texture": "#0"},
				"south": {"uv": [12, 12, 13, 14], "texture": "#0"},
				"west": {"uv": [12, 0, 13, 2], "texture": "#0"},
				"up": {"uv": [6, 15, 5, 14], "texture": "#0"},
				"down": {"uv": [10, 14, 9, 15], "texture": "#0"}
			}
		},
		{
			"from": [-1.5, 15, 3],
			"to": [0.5, 19, 5],
			"rotation": {"angle": 22.5, "axis": "z", "origin": [-0.5, 12.5, 2]},
			"faces": {
				"north": {"uv": [12, 2, 13, 4], "texture": "#0"},
				"east": {"uv": [12, 8, 13, 10], "texture": "#0"},
				"south": {"uv": [12, 10, 13, 12], "texture": "#0"},
				"west": {"uv": [10, 12.5, 11, 14.5], "texture": "#0"},
				"up": {"uv": [13, 15, 12, 14], "texture": "#0"},
				"down": {"uv": [15, 14, 14, 15], "texture": "#0"}
			}
		},
		{
			"from": [8.30833, -0.07592, 10.69304],
			"to": [11.50833, 8.72408, 13.89304],
			"rotation": {"angle": 0, "axis": "y", "origin": [5.10833, 6.32408, 7.49304]},
			"faces": {
				"north": {"uv": [7, 0, 8.5, 4.5], "texture": "#0"},
				"east": {"uv": [2, 7.5, 3.5, 12], "texture": "#0"},
				"south": {"uv": [6, 8.5, 7.5, 13], "texture": "#0"},
				"west": {"uv": [7.5, 8.5, 9, 13], "texture": "#0"},
				"up": {"uv": [5.5, 4, 4, 2.5], "texture": "#0"},
				"down": {"uv": [8.5, 4.5, 7, 6], "texture": "#0"}
			}
		},
		{
			"from": [7.50833, 7.92408, 12.69304],
			"to": [12.30833, 11.92408, 14.29304],
			"rotation": {"angle": 22.5, "axis": "x", "origin": [9.90833, 9.92408, 13.49304]},
			"faces": {
				"north": {"uv": [8.5, 0, 11, 2], "texture": "#0"},
				"east": {"uv": [10, 8, 11, 10], "texture": "#0"},
				"south": {"uv": [8.5, 2, 11, 4], "texture": "#0"},
				"west": {"uv": [10.5, 4, 11.5, 6], "texture": "#0"},
				"up": {"uv": [11.5, 7, 9, 6], "texture": "#0"},
				"down": {"uv": [11.5, 7, 9, 8], "texture": "#0"}
			}
		},
		{
			"from": [7.10833, 11.45005, 13.3707],
			"to": [8.70833, 14.65005, 14.9707],
			"rotation": {"angle": 0, "axis": "z", "origin": [7.90833, 13.05005, 14.1707]},
			"faces": {
				"north": {"uv": [12.5, 4, 13.5, 5.5], "texture": "#0"},
				"east": {"uv": [12.5, 5.5, 13.5, 7], "texture": "#0"},
				"south": {"uv": [6, 13, 7, 14.5], "texture": "#0"},
				"west": {"uv": [7, 13, 8, 14.5], "texture": "#0"},
				"up": {"uv": [10, 9, 9, 8], "texture": "#0"},
				"down": {"uv": [12, 10, 11, 11], "texture": "#0"}
			}
		},
		{
			"from": [9.04583, 11.02505, 12.8207],
			"to": [10.64583, 14.22505, 14.4207],
			"rotation": {"angle": -22.5, "axis": "x", "origin": [10.94583, 12.62505, 13.6207]},
			"faces": {
				"north": {"uv": [8, 13, 9, 14.5], "texture": "#0"},
				"east": {"uv": [13, 13, 14, 14.5], "texture": "#0"},
				"south": {"uv": [13, 0, 14, 1.5], "texture": "#0"},
				"west": {"uv": [13, 1.5, 14, 3], "texture": "#0"},
				"up": {"uv": [2, 14.5, 1, 13.5], "texture": "#0"},
				"down": {"uv": [12, 13.5, 11, 14.5], "texture": "#0"}
			}
		},
		{
			"from": [11.24583, 10.46255, 12.5082],
			"to": [12.84583, 13.66255, 14.1082],
			"rotation": {"angle": -45, "axis": "x", "origin": [12.04583, 12.06255, 13.3082]},
			"faces": {
				"north": {"uv": [13, 7, 14, 8.5], "texture": "#0"},
				"east": {"uv": [13, 8.5, 14, 10], "texture": "#0"},
				"south": {"uv": [13, 10, 14, 11.5], "texture": "#0"},
				"west": {"uv": [13, 11.5, 14, 13], "texture": "#0"},
				"up": {"uv": [14.5, 5, 13.5, 4], "texture": "#0"},
				"down": {"uv": [14.5, 5, 13.5, 6], "texture": "#0"}
			}
		},
		{
			"from": [6.70833, 7.92408, 10.29304],
			"to": [8.30833, 11.92408, 11.89304],
			"rotation": {"angle": -22.5, "axis": "x", "origin": [9.10833, 9.92408, 11.09304]},
			"faces": {
				"north": {"uv": [11, 0, 12, 2], "texture": "#0"},
				"east": {"uv": [11, 2, 12, 4], "texture": "#0"},
				"south": {"uv": [11, 8, 12, 10], "texture": "#0"},
				"west": {"uv": [11.5, 4, 12.5, 6], "texture": "#0"},
				"up": {"uv": [14, 4, 13, 3], "texture": "#0"},
				"down": {"uv": [1, 13.5, 0, 14.5], "texture": "#0"}
			}
		}
	],
	"display": {
		"thirdperson_righthand": {
			"rotation": [60, 0, 0],
			"translation": [0, 1.75, 2.25],
			"scale": [0.3, 0.3, 0.3]
		},
		"thirdperson_lefthand": {
			"rotation": [60, 0, 0],
			"translation": [0, 1.75, 2.25],
			"scale": [0.3, 0.3, 0.3]
		},
		"firstperson_righthand": {
			"translation": [4, 2.25, -1.25],
			"scale": [0.3, 0.3, 0.3]
		},
		"firstperson_lefthand": {
			"translation": [4, 2.25, -1.25],
			"scale": [0.3, 0.3, 0.3]
		},
		"ground": {
			"translation": [0, 6.5, 1.5],
			"scale": [0.55, 0.55, 0.55]
		},
		"gui": {
			"rotation": [47, -119, 0],
			"translation": [-1, 0, 0],
			"scale": [0.5, 0.5, 0.5]
		},
		"head": {
			"translation": [0, -33.75, 1],
			"scale": [1.5, 1.5, 1.5]
		},
		"fixed": {
			"rotation": [-90, 0, 0],
			"translation": [0, -1, -19],
			"scale": [2.5, 2.5, 2.5]
		}
	},
	"groups": [
		{
			"name": "group",
			"origin": [-0.5, 12.5, -0.75],
			"children": [0, 1, 2, 3, 4, 5]
		},
		{
			"name": "group",
			"origin": [-0.5, 12.5, 5],
			"children": [6, 7, 8, 9, 10, 11]
		},
		{
			"name": "group",
			"origin": [10.5, 12.5, 8],
			"children": [12, 13, 14, 15, 16, 17]
		}
	]
}