{
	"credit": "Made with Blockbench",
	"texture_size": [64, 64],
	"textures": {
		"0": "custom/342",
		"particle": "custom/342"
	},
	"elements": [
		{
			"from": [4.375, -1.5, 7.75],
			"to": [5.125, 8.5, 8.25],
			"rotation": {"angle": 22.5, "axis": "z", "origin": [4.75, 11, 8]},
			"faces": {
				"north": {"uv": [4.25, 1.75, 4.5, 4.25], "texture": "#0"},
				"east": {"uv": [4.5, 1.75, 4.75, 4.25], "texture": "#0"},
				"south": {"uv": [3.5, 5.25, 3.75, 7.75], "texture": "#0"},
				"west": {"uv": [5.25, 5.25, 5.5, 7.75], "texture": "#0"},
				"up": {"uv": [6.25, 7, 6, 6.75], "texture": "#0"},
				"down": {"uv": [6.5, 6.75, 6.25, 7], "texture": "#0"}
			}
		},
		{
			"from": [0.75, 11, 7.5],
			"to": [1.5, 14, 8.5],
			"rotation": {"angle": 22.5, "axis": "z", "origin": [4.75, 11, 8]},
			"faces": {
				"north": {"uv": [6, 6, 6.25, 6.75], "texture": "#0"},
				"east": {"uv": [6, 0, 6.25, 0.75], "texture": "#0"},
				"south": {"uv": [6.25, 6, 6, 6.75], "texture": "#0"},
				"west": {"uv": [6, 1.75, 6.25, 2.5], "texture": "#0"},
				"up": {"uv": [4.75, 7, 4.5, 6.75], "texture": "#0"},
				"down": {"uv": [6, 6.75, 5.75, 7], "texture": "#0"}
			}
		},
		{
			"from": [1.5, 9.25, 7.5],
			"to": [3.5, 15.75, 8.5],
			"rotation": {"angle": 22.5, "axis": "z", "origin": [4.75, 11, 8]},
			"faces": {
				"north": {"uv": [4.25, 4.25, 4.75, 6], "texture": "#0"},
				"east": {"uv": [1.75, 5.5, 2, 7.25], "texture": "#0"},
				"south": {"uv": [4.75, 4.25, 4.25, 6], "texture": "#0"},
				"west": {"uv": [5.5, 5.5, 5.75, 7.25], "texture": "#0"},
				"up": {"uv": [7, 1, 6.5, 0.75], "texture": "#0"},
				"down": {"uv": [7, 1, 6.5, 1.25], "texture": "#0"}
			}
		},
		{
			"from": [3.5, 8.5, 7.5],
			"to": [6, 16.5, 8.5],
			"rotation": {"angle": 22.5, "axis": "z", "origin": [4.75, 11, 8]},
			"faces": {
				"north": {"uv": [2, 2, 2.75, 4], "texture": "#0"},
				"east": {"uv": [5.25, 1, 5.5, 3], "texture": "#0"},
				"south": {"uv": [2.75, 2, 2, 4], "texture": "#0"},
				"west": {"uv": [1, 5.5, 1.25, 7.5], "texture": "#0"},
				"up": {"uv": [6.25, 5.5, 5.5, 5.25], "texture": "#0"},
				"down": {"uv": [6.5, 0.75, 5.75, 1], "texture": "#0"}
			}
		},
		{
			"from": [6, 9.25, 7.5],
			"to": [8, 15.75, 8.5],
			"rotation": {"angle": 22.5, "axis": "z", "origin": [4.75, 11, 8]},
			"faces": {
				"north": {"uv": [3.75, 2, 4.25, 3.75], "texture": "#0"},
				"east": {"uv": [1.25, 5.5, 1.5, 7.25], "texture": "#0"},
				"south": {"uv": [4.25, 2, 3.75, 3.75], "texture": "#0"},
				"west": {"uv": [1.5, 5.5, 1.75, 7.25], "texture": "#0"},
				"up": {"uv": [7, 0.25, 6.5, 0], "texture": "#0"},
				"down": {"uv": [7, 0.25, 6.5, 0.5], "texture": "#0"}
			}
		},
		{
			"from": [8, 11, 7.5],
			"to": [8.75, 14, 8.5],
			"rotation": {"angle": 22.5, "axis": "z", "origin": [4.75, 11, 8]},
			"faces": {
				"north": {"uv": [5.75, 3.75, 6, 4.5], "texture": "#0"},
				"east": {"uv": [5.75, 4.5, 6, 5.25], "texture": "#0"},
				"south": {"uv": [6, 3.75, 5.75, 4.5], "texture": "#0"},
				"west": {"uv": [4.5, 6, 4.75, 6.75], "texture": "#0"},
				"up": {"uv": [4.25, 7, 4, 6.75], "texture": "#0"},
				"down": {"uv": [4.5, 6.75, 4.25, 7], "texture": "#0"}
			}
		},
		{
			"from": [13, -2, 7.5],
			"to": [14, 11, 8.5],
			"rotation": {"angle": -22.5, "axis": "z", "origin": [13.5, 14.08333, 8]},
			"faces": {
				"north": {"uv": [2.5, 4, 2.75, 7.25], "texture": "#0"},
				"east": {"uv": [2.75, 4.75, 3, 8], "texture": "#0"},
				"south": {"uv": [3, 4.75, 3.25, 8], "texture": "#0"},
				"west": {"uv": [4.75, 4.75, 5, 8], "texture": "#0"},
				"up": {"uv": [6.75, 3.75, 6.5, 3.5], "texture": "#0"},
				"down": {"uv": [6.75, 3.75, 6.5, 4], "texture": "#0"}
			}
		},
		{
			"from": [17.5, 14, 7],
			"to": [18.5, 18, 9],
			"rotation": {"angle": -22.5, "axis": "z", "origin": [13.5, 14.08333, 8]},
			"faces": {
				"north": {"uv": [5.5, 1.5, 5.75, 2.5], "texture": "#0"},
				"east": {"uv": [3.25, 2, 3.75, 3], "texture": "#0"},
				"south": {"uv": [5.75, 1.5, 5.5, 2.5], "texture": "#0"},
				"west": {"uv": [4.75, 3, 5.25, 4], "texture": "#0"},
				"up": {"uv": [6.5, 6.75, 6.25, 6.25], "texture": "#0"},
				"down": {"uv": [6.5, 0, 6.25, 0.5], "texture": "#0"}
			}
		},
		{
			"from": [15.5, 12, 7],
			"to": [17.5, 20, 9],
			"rotation": {"angle": -22.5, "axis": "z", "origin": [13.5, 14.08333, 8]},
			"faces": {
				"north": {"uv": [2.75, 2.75, 3.25, 4.75], "texture": "#0"},
				"east": {"uv": [2.75, 0, 3.25, 2], "texture": "#0"},
				"south": {"uv": [3.25, 2.75, 2.75, 4.75], "texture": "#0"},
				"west": {"uv": [3.25, 0, 3.75, 2], "texture": "#0"},
				"up": {"uv": [3.25, 2.5, 2.75, 2], "texture": "#0"},
				"down": {"uv": [5.75, 3, 5.25, 3.5], "texture": "#0"}
			}
		},
		{
			"from": [11.5, 11, 7],
			"to": [15.5, 21, 9],
			"rotation": {"angle": -22.5, "axis": "z", "origin": [13.5, 14.08333, 8]},
			"faces": {
				"north": {"uv": [0, 0, 1, 2.5], "texture": "#0"},
				"east": {"uv": [0, 2.5, 0.5, 5], "texture": "#0"},
				"south": {"uv": [1, 0, 0, 2.5], "texture": "#0"},
				"west": {"uv": [0.5, 2.5, 1, 5], "texture": "#0"},
				"up": {"uv": [2, 0.5, 1, 0], "texture": "#0"},
				"down": {"uv": [2, 0.5, 1, 1], "texture": "#0"}
			}
		},
		{
			"from": [8.5, 14, 7],
			"to": [9.5, 18, 9],
			"rotation": {"angle": -22.5, "axis": "z", "origin": [13.5, 14.08333, 8]},
			"faces": {
				"north": {"uv": [2, 5.75, 2.25, 6.75], "texture": "#0"},
				"east": {"uv": [5, 4, 5.5, 5], "texture": "#0"},
				"south": {"uv": [2.25, 5.75, 2, 6.75], "texture": "#0"},
				"west": {"uv": [5.25, 0, 5.75, 1], "texture": "#0"},
				"up": {"uv": [6.5, 1.5, 6.25, 1], "texture": "#0"},
				"down": {"uv": [6.5, 1.5, 6.25, 2], "texture": "#0"}
			}
		},
		{
			"from": [9.5, 12, 7],
			"to": [11.5, 20, 9],
			"rotation": {"angle": -22.5, "axis": "z", "origin": [13.5, 14.08333, 8]},
			"faces": {
				"north": {"uv": [1, 3.5, 1.5, 5.5], "texture": "#0"},
				"east": {"uv": [1.5, 3.5, 2, 5.5], "texture": "#0"},
				"south": {"uv": [1.5, 3.5, 1, 5.5], "texture": "#0"},
				"west": {"uv": [3.75, 0, 4.25, 2], "texture": "#0"},
				"up": {"uv": [5.75, 4, 5.25, 3.5], "texture": "#0"},
				"down": {"uv": [6, 1, 5.5, 1.5], "texture": "#0"}
			}
		}
	],
	"gui_light": "front",
	"display": {
		"thirdperson_righthand": {
			"rotation": [60, 0, 0],
			"translation": [0, 1, 2.25],
			"scale": [0.3, 0.3, 0.3]
		},
		"thirdperson_lefthand": {
			"rotation": [60, 0, 0],
			"translation": [0, 1, 2.25],
			"scale": [0.3, 0.3, 0.3]
		},
		"firstperson_righthand": {
			"translation": [4, 2.25, -1.25],
			"scale": [0.3, 0.3, 0.3]
		},
		"firstperson_lefthand": {
			"translation": [4, 2.25, -1.25],
			"scale": [0.3, 0.3, 0.3]
		},
		"ground": {
			"translation": [0, 4, 0],
			"scale": [0.55, 0.55, 0.55]
		},
		"gui": {
			"rotation": [0, -180, 0],
			"translation": [0.75, -1.5, 0],
			"scale": [0.5, 0.5, 0.5]
		},
		"head": {
			"translation": [0, -33, -1.75],
			"scale": [1.5, 1.5, 1.5]
		},
		"fixed": {
			"rotation": [-90, 0, 0],
			"translation": [0, -1, -19],
			"scale": [2.5, 2.5, 2.5]
		}
	}
}