{
	"credit": "Made with Blockbench",
	"texture_size": [64, 64],
	"textures": {
		"0": "custom/342",
		"particle": "custom/342"
	},
	"elements": [
		{
			"from": [0.5, -1.75, 7.5],
			"to": [1.5, 10.25, 8.5],
			"rotation": {"angle": 22.5, "axis": "z", "origin": [-0.91421, 9.07426, 8]},
			"faces": {
				"north": {"uv": [0.75, 5, 1, 8], "texture": "#0"},
				"east": {"uv": [5, 5, 5.25, 8], "texture": "#0"},
				"south": {"uv": [5, 0, 5.25, 3], "texture": "#0"},
				"west": {"uv": [3.25, 5.25, 3.5, 8.25], "texture": "#0"},
				"up": {"uv": [6.75, 4.25, 6.5, 4], "texture": "#0"},
				"down": {"uv": [6.75, 4.25, 6.5, 4.5], "texture": "#0"}
			}
		},
		{
			"from": [-2.03848, 10.61274, 7.5],
			"to": [-0.03848, 11.61274, 8.5],
			"rotation": {"angle": -22.5, "axis": "z", "origin": [-0.91421, 9.07426, 8]},
			"faces": {
				"north": {"uv": [6.25, 2, 6.5, 2.5], "rotation": 90, "texture": "#0"},
				"east": {"uv": [6.75, 4.75, 6.5, 5], "rotation": 270, "texture": "#0"},
				"south": {"uv": [6.25, 3, 6.5, 3.5], "rotation": 270, "texture": "#0"},
				"west": {"uv": [6.75, 4.75, 6.5, 4.5], "rotation": 270, "texture": "#0"},
				"up": {"uv": [6.25, 2.5, 6.5, 3], "rotation": 270, "texture": "#0"},
				"down": {"uv": [6.25, 3.5, 6.5, 4], "rotation": 270, "texture": "#0"}
			}
		},
		{
			"from": [-1.91421, 10.66421, 7.5],
			"to": [0.08579, 11.66421, 8.5],
			"rotation": {"angle": 22.5, "axis": "z", "origin": [-0.91421, 9.07426, 8]},
			"faces": {
				"north": {"uv": [6, 5, 6.5, 5.25], "texture": "#0"},
				"east": {"uv": [6.5, 5, 6.75, 5.25], "texture": "#0"},
				"south": {"uv": [6, 5.75, 6.5, 6], "texture": "#0"},
				"west": {"uv": [6.5, 5.75, 6.75, 6], "texture": "#0"},
				"up": {"uv": [6.75, 0.75, 6.25, 0.5], "texture": "#0"},
				"down": {"uv": [6.75, 5.25, 6.25, 5.5], "texture": "#0"}
			}
		},
		{
			"from": [-3.45269, 8.19853, 7.5],
			"to": [-2.45269, 10.19853, 8.5],
			"rotation": {"angle": -22.5, "axis": "z", "origin": [-0.91421, 9.07426, 8]},
			"faces": {
				"north": {"uv": [6.25, 5.5, 6.75, 5.75], "rotation": 90, "texture": "#0"},
				"east": {"uv": [7, 6.5, 6.5, 6.75], "rotation": 270, "texture": "#0"},
				"south": {"uv": [6.25, 6, 6.75, 6.25], "rotation": 270, "texture": "#0"},
				"west": {"uv": [4.25, 6.75, 3.75, 6.5], "rotation": 270, "texture": "#0"},
				"up": {"uv": [6.5, 6.25, 6.75, 6.5], "rotation": 270, "texture": "#0"},
				"down": {"uv": [2, 6.75, 2.25, 7], "rotation": 270, "texture": "#0"}
			}
		},
		{
			"from": [-3.32843, 7.25, 7.5],
			"to": [-2.32843, 10.25, 8.5],
			"rotation": {"angle": 22.5, "axis": "z", "origin": [-0.91421, 9.07426, 8]},
			"faces": {
				"north": {"uv": [5.75, 0, 6, 0.75], "texture": "#0"},
				"east": {"uv": [5.75, 1.5, 6, 2.25], "texture": "#0"},
				"south": {"uv": [5.75, 2.25, 6, 3], "texture": "#0"},
				"west": {"uv": [5.75, 3, 6, 3.75], "texture": "#0"},
				"up": {"uv": [2.5, 7, 2.25, 6.75], "texture": "#0"},
				"down": {"uv": [4, 6.75, 3.75, 7], "texture": "#0"}
			}
		},
		{
			"from": [15.625, -1, 7.75],
			"to": [16.375, 9, 8.25],
			"rotation": {"angle": -22.5, "axis": "z", "origin": [16, 11.5, 8]},
			"faces": {
				"north": {"uv": [4.25, 1.75, 4.5, 4.25], "texture": "#0"},
				"east": {"uv": [4.5, 1.75, 4.75, 4.25], "texture": "#0"},
				"south": {"uv": [3.5, 5.25, 3.75, 7.75], "texture": "#0"},
				"west": {"uv": [5.25, 5.25, 5.5, 7.75], "texture": "#0"},
				"up": {"uv": [6.25, 7, 6, 6.75], "texture": "#0"},
				"down": {"uv": [6.5, 6.75, 6.25, 7], "texture": "#0"}
			}
		},
		{
			"from": [12, 11.5, 7.5],
			"to": [12.75, 14.5, 8.5],
			"rotation": {"angle": -22.5, "axis": "z", "origin": [16, 11.5, 8]},
			"faces": {
				"north": {"uv": [6, 6, 6.25, 6.75], "texture": "#0"},
				"east": {"uv": [6, 0, 6.25, 0.75], "texture": "#0"},
				"south": {"uv": [6.25, 6, 6, 6.75], "texture": "#0"},
				"west": {"uv": [6, 1.75, 6.25, 2.5], "texture": "#0"},
				"up": {"uv": [4.75, 7, 4.5, 6.75], "texture": "#0"},
				"down": {"uv": [6, 6.75, 5.75, 7], "texture": "#0"}
			}
		},
		{
			"from": [12.75, 9.75, 7.5],
			"to": [14.75, 16.25, 8.5],
			"rotation": {"angle": -22.5, "axis": "z", "origin": [16, 11.5, 8]},
			"faces": {
				"north": {"uv": [4.25, 4.25, 4.75, 6], "texture": "#0"},
				"east": {"uv": [1.75, 5.5, 2, 7.25], "texture": "#0"},
				"south": {"uv": [4.75, 4.25, 4.25, 6], "texture": "#0"},
				"west": {"uv": [5.5, 5.5, 5.75, 7.25], "texture": "#0"},
				"up": {"uv": [7, 1, 6.5, 0.75], "texture": "#0"},
				"down": {"uv": [7, 1, 6.5, 1.25], "texture": "#0"}
			}
		},
		{
			"from": [14.75, 9, 7.5],
			"to": [17.25, 17, 8.5],
			"rotation": {"angle": -22.5, "axis": "z", "origin": [16, 11.5, 8]},
			"faces": {
				"north": {"uv": [2, 2, 2.75, 4], "texture": "#0"},
				"east": {"uv": [5.25, 1, 5.5, 3], "texture": "#0"},
				"south": {"uv": [2.75, 2, 2, 4], "texture": "#0"},
				"west": {"uv": [1, 5.5, 1.25, 7.5], "texture": "#0"},
				"up": {"uv": [6.25, 5.5, 5.5, 5.25], "texture": "#0"},
				"down": {"uv": [6.5, 0.75, 5.75, 1], "texture": "#0"}
			}
		},
		{
			"from": [17.25, 9.75, 7.5],
			"to": [19.25, 16.25, 8.5],
			"rotation": {"angle": -22.5, "axis": "z", "origin": [16, 11.5, 8]},
			"faces": {
				"north": {"uv": [3.75, 2, 4.25, 3.75], "texture": "#0"},
				"east": {"uv": [1.25, 5.5, 1.5, 7.25], "texture": "#0"},
				"south": {"uv": [4.25, 2, 3.75, 3.75], "texture": "#0"},
				"west": {"uv": [1.5, 5.5, 1.75, 7.25], "texture": "#0"},
				"up": {"uv": [7, 0.25, 6.5, 0], "texture": "#0"},
				"down": {"uv": [7, 0.25, 6.5, 0.5], "texture": "#0"}
			}
		},
		{
			"from": [19.25, 11.5, 7.5],
			"to": [20, 14.5, 8.5],
			"rotation": {"angle": -22.5, "axis": "z", "origin": [16, 11.5, 8]},
			"faces": {
				"north": {"uv": [5.75, 3.75, 6, 4.5], "texture": "#0"},
				"east": {"uv": [5.75, 4.5, 6, 5.25], "texture": "#0"},
				"south": {"uv": [6, 3.75, 5.75, 4.5], "texture": "#0"},
				"west": {"uv": [4.5, 6, 4.75, 6.75], "texture": "#0"},
				"up": {"uv": [4.25, 7, 4, 6.75], "texture": "#0"},
				"down": {"uv": [4.5, 6.75, 4.25, 7], "texture": "#0"}
			}
		},
		{
			"from": [7.5, 0, 7.5],
			"to": [8.5, 13, 8.5],
			"rotation": {"angle": 0, "axis": "x", "origin": [8, 16.08333, 8]},
			"faces": {
				"north": {"uv": [2.5, 4, 2.75, 7.25], "texture": "#0"},
				"east": {"uv": [2.75, 4.75, 3, 8], "texture": "#0"},
				"south": {"uv": [3, 4.75, 3.25, 8], "texture": "#0"},
				"west": {"uv": [4.75, 4.75, 5, 8], "texture": "#0"},
				"up": {"uv": [6.75, 3.75, 6.5, 3.5], "texture": "#0"},
				"down": {"uv": [6.75, 3.75, 6.5, 4], "texture": "#0"}
			}
		},
		{
			"from": [12, 16, 7],
			"to": [13, 20, 9],
			"rotation": {"angle": 0, "axis": "x", "origin": [8, 16.08333, 8]},
			"faces": {
				"north": {"uv": [5.5, 1.5, 5.75, 2.5], "texture": "#0"},
				"east": {"uv": [3.25, 2, 3.75, 3], "texture": "#0"},
				"south": {"uv": [5.75, 1.5, 5.5, 2.5], "texture": "#0"},
				"west": {"uv": [4.75, 3, 5.25, 4], "texture": "#0"},
				"up": {"uv": [6.5, 6.75, 6.25, 6.25], "texture": "#0"},
				"down": {"uv": [6.5, 0, 6.25, 0.5], "texture": "#0"}
			}
		},
		{
			"from": [10, 14, 7],
			"to": [12, 22, 9],
			"rotation": {"angle": 0, "axis": "x", "origin": [8, 16.08333, 8]},
			"faces": {
				"north": {"uv": [2.75, 2.75, 3.25, 4.75], "texture": "#0"},
				"east": {"uv": [2.75, 0, 3.25, 2], "texture": "#0"},
				"south": {"uv": [3.25, 2.75, 2.75, 4.75], "texture": "#0"},
				"west": {"uv": [3.25, 0, 3.75, 2], "texture": "#0"},
				"up": {"uv": [3.25, 2.5, 2.75, 2], "texture": "#0"},
				"down": {"uv": [5.75, 3, 5.25, 3.5], "texture": "#0"}
			}
		},
		{
			"from": [6, 13, 7],
			"to": [10, 23, 9],
			"rotation": {"angle": 0, "axis": "x", "origin": [8, 16.08333, 8]},
			"faces": {
				"north": {"uv": [0, 0, 1, 2.5], "texture": "#0"},
				"east": {"uv": [0, 2.5, 0.5, 5], "texture": "#0"},
				"south": {"uv": [1, 0, 0, 2.5], "texture": "#0"},
				"west": {"uv": [0.5, 2.5, 1, 5], "texture": "#0"},
				"up": {"uv": [2, 0.5, 1, 0], "texture": "#0"},
				"down": {"uv": [2, 0.5, 1, 1], "texture": "#0"}
			}
		},
		{
			"from": [3, 16, 7],
			"to": [4, 20, 9],
			"rotation": {"angle": 0, "axis": "x", "origin": [8, 16.08333, 8]},
			"faces": {
				"north": {"uv": [2, 5.75, 2.25, 6.75], "texture": "#0"},
				"east": {"uv": [5, 4, 5.5, 5], "texture": "#0"},
				"south": {"uv": [2.25, 5.75, 2, 6.75], "texture": "#0"},
				"west": {"uv": [5.25, 0, 5.75, 1], "texture": "#0"},
				"up": {"uv": [6.5, 1.5, 6.25, 1], "texture": "#0"},
				"down": {"uv": [6.5, 1.5, 6.25, 2], "texture": "#0"}
			}
		},
		{
			"from": [4, 14, 7],
			"to": [6, 22, 9],
			"rotation": {"angle": 0, "axis": "x", "origin": [8, 16.08333, 8]},
			"faces": {
				"north": {"uv": [1, 3.5, 1.5, 5.5], "texture": "#0"},
				"east": {"uv": [1.5, 3.5, 2, 5.5], "texture": "#0"},
				"south": {"uv": [1.5, 3.5, 1, 5.5], "texture": "#0"},
				"west": {"uv": [3.75, 0, 4.25, 2], "texture": "#0"},
				"up": {"uv": [5.75, 4, 5.25, 3.5], "texture": "#0"},
				"down": {"uv": [6, 1, 5.5, 1.5], "texture": "#0"}
			}
		}
	],
	"gui_light": "front",
	"display": {
		"thirdperson_righthand": {
			"rotation": [60, 0, 0],
			"translation": [0, 1, 2.25],
			"scale": [0.3, 0.3, 0.3]
		},
		"thirdperson_lefthand": {
			"rotation": [60, 0, 0],
			"translation": [0, 1, 2.25],
			"scale": [0.3, 0.3, 0.3]
		},
		"firstperson_righthand": {
			"translation": [4, 2.25, -1.25],
			"scale": [0.3, 0.3, 0.3]
		},
		"firstperson_lefthand": {
			"translation": [4, 2.25, -1.25],
			"scale": [0.3, 0.3, 0.3]
		},
		"ground": {
			"translation": [0, 4, 0],
			"scale": [0.55, 0.55, 0.55]
		},
		"gui": {
			"rotation": [0, -180, 0],
			"translation": [0.75, -1.5, 0],
			"scale": [0.5, 0.5, 0.5]
		},
		"head": {
			"translation": [0, -33, -1.75],
			"scale": [1.5, 1.5, 1.5]
		},
		"fixed": {
			"rotation": [-90, 0, 0],
			"translation": [0, -1, -19],
			"scale": [2.5, 2.5, 2.5]
		}
	}
}