{
	"credit": "Made with Blockbench",
	"textures": {
		"0": "custom/344",
		"particle": "custom/344"
	},
	"elements": [
		{
			"from": [0.5, 0, 8],
			"to": [15.5, 4, 8.01],
			"rotation": {"angle": 0, "axis": "y", "origin": [10, 8, 16]},
			"faces": {
				"north": {"uv": [12.125, 0.125, 16, 1.125], "texture": "#0"},
				"east": {"uv": [0, 0, 16, 9], "texture": "#0"},
				"south": {"uv": [16, 0.125, 12.125, 1.125], "texture": "#0"},
				"west": {"uv": [0, 0, 16, 9], "texture": "#0"},
				"up": {"uv": [0, 0, 16, 9], "texture": "#0"},
				"down": {"uv": [0, 0, 16, 9], "texture": "#0"}
			}
		},
		{
			"from": [13.24612, 3.33101, 8],
			"to": [28.24612, 7.33101, 8.01],
			"rotation": {"angle": 22.5, "axis": "z", "origin": [22.74612, 11.33101, 16]},
			"faces": {
				"north": {"uv": [12.125, 0.125, 16, 1.125], "texture": "#0"},
				"east": {"uv": [0, 0, 16, 9], "texture": "#0"},
				"south": {"uv": [16, 0.125, 12.125, 1.125], "texture": "#0"},
				"west": {"uv": [0, 0, 16, 9], "texture": "#0"},
				"up": {"uv": [0, 0, 16, 9], "texture": "#0"},
				"down": {"uv": [0, 0, 16, 9], "texture": "#0"}
			}
		},
		{
			"from": [-14.60644, 3.4649, 8],
			"to": [0.39356, 7.4649, 8.01],
			"rotation": {"angle": -22.5, "axis": "z", "origin": [-8.26284, 5.4649, 8.005]},
			"faces": {
				"north": {"uv": [12.125, 0.125, 16, 1.125], "texture": "#0"},
				"east": {"uv": [0, 0, 16, 9], "texture": "#0"},
				"south": {"uv": [16, 0.125, 12.125, 1.125], "texture": "#0"},
				"west": {"uv": [0, 0, 16, 9], "texture": "#0"},
				"up": {"uv": [0, 0, 16, 9], "texture": "#0"},
				"down": {"uv": [0, 0, 16, 9], "texture": "#0"}
			}
		}
	],
	"gui_light": "front",
	"display": {
		"thirdperson_righthand": {
			"rotation": [60, 0, 0],
			"translation": [0, 1.5, 2.25],
			"scale": [0.3, 0.3, 0.3]
		},
		"thirdperson_lefthand": {
			"rotation": [60, 0, 0],
			"translation": [0, 1, 2.25],
			"scale": [0.3, 0.3, 0.3]
		},
		"firstperson_righthand": {
			"translation": [4, 2.25, -1.25],
			"scale": [0.3, 0.3, 0.3]
		},
		"firstperson_lefthand": {
			"translation": [4, 2.25, -1.25],
			"scale": [0.3, 0.3, 0.3]
		},
		"ground": {
			"translation": [0, 4, 0],
			"scale": [0.55, 0.55, 0.55]
		},
		"gui": {
			"translation": [0.25, 1.25, 0],
			"scale": [0.3, 0.3, 0.3]
		},
		"head": {
			"translation": [0, -33, -1.75],
			"scale": [1.5, 1.5, 1.5]
		},
		"fixed": {
			"translation": [0, 10.5, -4],
			"scale": [2.5, 2.5, 2.5]
		}
	}
}