{
	"credit": "Made with Blockbench",
	"textures": {
		"0": "custom/344",
		"particle": "custom/344"
	},
	"elements": [
		{
			"from": [1, 0, 8],
			"to": [15, 13, 8.01],
			"rotation": {"angle": 0, "axis": "y", "origin": [10.5, 12, 16]},
			"faces": {
				"north": {"uv": [10.375, 11.5, 14.375, 15.5], "texture": "#0"},
				"east": {"uv": [0, 0, 16, 9], "texture": "#0"},
				"south": {"uv": [14.375, 11.5, 10.375, 15.5], "texture": "#0"},
				"west": {"uv": [0, 0, 16, 9], "texture": "#0"},
				"up": {"uv": [0, 0, 16, 9], "texture": "#0"},
				"down": {"uv": [0, 0, 16, 9], "texture": "#0"}
			}
		}
	],
	"gui_light": "front",
	"display": {
		"thirdperson_righthand": {
			"rotation": [60, 0, 0],
			"translation": [0, 1, 2.25],
			"scale": [0.3, 0.3, 0.3]
		},
		"thirdperson_lefthand": {
			"rotation": [60, 0, 0],
			"translation": [0, 1, 2.25],
			"scale": [0.3, 0.3, 0.3]
		},
		"firstperson_righthand": {
			"translation": [4, 2.25, -1.25],
			"scale": [0.3, 0.3, 0.3]
		},
		"firstperson_lefthand": {
			"translation": [4, 2.25, -1.25],
			"scale": [0.3, 0.3, 0.3]
		},
		"ground": {
			"translation": [0, 4, 0],
			"scale": [0.55, 0.55, 0.55]
		},
		"gui": {
			"rotation": [25, -180, 0],
			"translation": [0.25, 3.75, 0],
			"scale": [0.8, 0.8, 0.8]
		},
		"head": {
			"translation": [0, 3.5, -1.75],
			"scale": [1.5, 1.5, 1.5]
		},
		"fixed": {
			"translation": [0, 9.5, -1.75],
			"scale": [2.2, 2.2, 2.2]
		}
	}
}