{"textures":{"3":"modelengine:entity/sea_horse_teal"},"elements":[{"from":[8.0,7.142857,8.0],"to":[8.0,8.857143,9.714286],"rotation":{"angle":0.0,"axis":"y","origin":[6.5714283,7.428571,8.571428]},"faces":{"east":{"uv":[8.0,0.0,9.5,1.5],"rotation":0,"texture":"#3","tintindex":0},"south":{"uv":[5.5,1.5,4.0,3.0],"rotation":0,"texture":"#3","tintindex":0},"north":{"uv":[5.5,0.0,4.0,1.5],"rotation":0,"texture":"#3","tintindex":0},"west":{"uv":[9.5,0.0,8.0,1.5],"rotation":0,"texture":"#3","tintindex":0},"up":{"uv":[2.0,7.0,3.5,6.0],"rotation":0,"texture":"#3","tintindex":0},"down":{"uv":[6.0,2.5,7.5,3.5],"rotation":0,"texture":"#3","tintindex":0}}}],"display":{"head":{"translation":[0.0,-6.4,0.0],"scale":[4.0,4.0,4.0]}}}