{"textures":{"0":"modelengine:entity/pet_santa_evil"},"elements":[{"from":[5.142857,5.8021746,4.9886775],"to":[10.857143,9.802175,7.274392],"rotation":{"angle":22.5,"axis":"x","origin":[8.0,7.8021746,6.1315346]},"faces":{"east":{"uv":[6.025,6.775,6.975,8.475],"rotation":0,"texture":"#0","tintindex":0},"south":{"uv":[0.025,1.775,2.475,3.475],"rotation":0,"texture":"#0","tintindex":0},"north":{"uv":[0.025,0.025,2.475,1.725],"rotation":0,"texture":"#0","tintindex":0},"west":{"uv":[7.025,6.775,7.975,8.475],"rotation":0,"texture":"#0","tintindex":0},"up":{"uv":[8.475,6.725,6.025,5.775],"rotation":0,"texture":"#0","tintindex":0},"down":{"uv":[8.975,0.025,6.525,0.975],"rotation":0,"texture":"#0","tintindex":0}}},{"from":[5.714286,8.087889,5.5601063],"to":[10.285714,12.087889,10.131535],"rotation":{"angle":0.0,"axis":"y","origin":[8.0,1.8021746,7.274392]},"faces":{"east":{"uv":[2.025,4.025,3.975,5.725],"rotation":0,"texture":"#0","tintindex":0},"south":{"uv":[4.025,4.025,5.975,5.725],"rotation":0,"texture":"#0","tintindex":0},"north":{"uv":[0.025,3.525,1.975,5.225],"rotation":0,"texture":"#0","tintindex":0},"west":{"uv":[4.525,0.025,6.475,1.725],"rotation":0,"texture":"#0","tintindex":0},"up":{"uv":[4.475,1.975,2.525,0.025],"rotation":0,"texture":"#0","tintindex":0},"down":{"uv":[4.475,2.025,2.525,3.975],"rotation":0,"texture":"#0","tintindex":0}}},{"from":[7.142857,10.945032,7.274392],"to":[8.857143,12.659318,11.274392],"rotation":{"angle":22.5,"axis":"x","origin":[8.0,12.373604,8.988678]},"faces":{"east":{"uv":[6.525,2.525,8.225,3.225],"rotation":0,"texture":"#0","tintindex":0},"south":{"uv":[7.025,8.525,7.725,9.225],"rotation":0,"texture":"#0","tintindex":0},"north":{"uv":[6.275,8.525,6.975,9.225],"rotation":0,"texture":"#0","tintindex":0},"west":{"uv":[1.525,7.275,3.225,7.975],"rotation":0,"texture":"#0","tintindex":0},"up":{"uv":[3.975,8.975,3.275,7.275],"rotation":0,"texture":"#0","tintindex":0},"down":{"uv":[4.725,7.275,4.025,8.975],"rotation":0,"texture":"#0","tintindex":0}}},{"from":[6.857143,8.087889,10.131535],"to":[9.142858,10.373603,12.41725],"rotation":{"angle":0.0,"axis":"y","origin":[8.0,9.51646,11.560106]},"faces":{"east":{"uv":[1.525,8.025,2.475,8.975],"rotation":0,"texture":"#0","tintindex":0},"south":{"uv":[8.025,3.775,8.975,4.725],"rotation":0,"texture":"#0","tintindex":0},"north":{"uv":[4.775,7.275,5.725,8.225],"rotation":0,"texture":"#0","tintindex":0},"west":{"uv":[8.025,4.775,8.975,5.725],"rotation":0,"texture":"#0","tintindex":0},"up":{"uv":[8.975,7.725,8.025,6.775],"rotation":0,"texture":"#0","tintindex":0},"down":{"uv":[8.975,7.775,8.025,8.725],"rotation":0,"texture":"#0","tintindex":0}}}],"display":{"head":{"translation":[0.0,-6.4,0.0],"scale":[4.0,4.0,4.0]}}}