{"textures":{"0":"modelengine:entity/elf2"},"elements":[{"from":[7.0540886,3.371428,7.1611886],"to":[8.425517,8.0,8.532618],"rotation":{"angle":0.0,"axis":"y","origin":[8.425517,8.0,7.846903]},"faces":{"east":{"uv":[5.0,5.0,5.5,6.75],"rotation":0,"texture":"#0","tintindex":0},"south":{"uv":[0.0,5.25,0.5,7.0],"rotation":0,"texture":"#0","tintindex":0},"north":{"uv":[4.5,5.0,5.0,6.75],"rotation":0,"texture":"#0","tintindex":0},"west":{"uv":[5.25,0.0,5.75,1.75],"rotation":0,"texture":"#0","tintindex":0},"up":{"uv":[8.5,3.0,8.0,2.5],"rotation":0,"texture":"#0","tintindex":0},"down":{"uv":[3.5,8.0,3.0,8.5],"rotation":0,"texture":"#0","tintindex":0}}}],"display":{"head":{"translation":[0.0,-6.4,0.0],"scale":[4.0,4.0,4.0]}}}