{"textures":{"0":"modelengine:entity/reindeer_spirit"},"elements":[{"from":[6.765714,2.8342857,6.765714],"to":[9.234285,8.594286,9.234285],"rotation":{"angle":0.0,"axis":"y","origin":[8.205714,8.091429,8.16]},"faces":{"east":{"uv":[5.875,3.375,6.25,4.25],"rotation":0,"texture":"#0","tintindex":0},"south":{"uv":[2.375,6.0,2.75,6.875],"rotation":0,"texture":"#0","tintindex":0},"north":{"uv":[5.875,2.375,6.25,3.25],"rotation":0,"texture":"#0","tintindex":0},"west":{"uv":[2.875,6.0,3.25,6.875],"rotation":0,"texture":"#0","tintindex":0},"up":{"uv":[7.875,0.375,7.5,0.0],"rotation":0,"texture":"#0","tintindex":0},"down":{"uv":[7.875,1.25,7.5,1.625],"rotation":0,"texture":"#0","tintindex":0}}}],"display":{"head":{"translation":[0.0,-6.4,0.0],"scale":[4.0,4.0,4.0]}}}