{"textures":{"0":"modelengine:entity/reindeer_spirit"},"elements":[{"from":[6.765714,6.3199997,6.337143],"to":[9.234285,7.9657145,8.805715],"rotation":{"angle":0.0,"axis":"y","origin":[8.0,7.857143,8.0]},"faces":{"east":{"uv":[7.125,8.0,6.75,8.25],"rotation":0,"texture":"#0","tintindex":0},"south":{"uv":[8.375,3.25,8.0,3.5],"rotation":0,"texture":"#0","tintindex":0},"north":{"uv":[8.375,0.0,8.0,0.25],"rotation":0,"texture":"#0","tintindex":0},"west":{"uv":[2.25,8.0,1.875,8.25],"rotation":0,"texture":"#0","tintindex":0},"up":{"uv":[1.875,7.875,2.25,7.5],"rotation":0,"texture":"#0","tintindex":0},"down":{"uv":[7.5,3.375,7.875,3.75],"rotation":0,"texture":"#0","tintindex":0}}}],"display":{"head":{"translation":[0.0,-6.4,0.0],"scale":[4.0,4.0,4.0]}}}