{"textures":{"1":"modelengine:entity/viking_1"},"elements":[{"from":[7.017143,3.5787616,8.020726],"to":[8.982857,8.001619,10.477869],"rotation":{"angle":0.0,"axis":"y","origin":[7.017143,8.738762,9.495012]},"faces":{"east":{"uv":[1.0,5.25,1.5,6.25],"rotation":0,"texture":"#1","tintindex":0},"south":{"uv":[4.75,6.125,5.125,7.125],"rotation":0,"texture":"#1","tintindex":0},"north":{"uv":[3.125,5.875,3.5,6.875],"rotation":0,"texture":"#1","tintindex":0},"west":{"uv":[1.5,5.25,2.0,6.25],"rotation":0,"texture":"#1","tintindex":0},"up":{"uv":[0.375,7.875,0.0,7.375],"rotation":0,"texture":"#1","tintindex":0},"down":{"uv":[1.125,7.375,0.75,7.875],"rotation":0,"texture":"#1","tintindex":0}}},{"from":[7.017143,3.5787616,7.529298],"to":[8.982857,5.0530477,8.020726],"rotation":{"angle":0.0,"axis":"y","origin":[7.017143,8.738762,9.495012]},"faces":{"east":{"uv":[0.875,6.375,1.0,6.75],"rotation":0,"texture":"#1","tintindex":0},"south":{"uv":[6.875,7.625,7.25,8.0],"rotation":0,"texture":"#1","tintindex":0},"north":{"uv":[7.625,5.75,8.0,6.125],"rotation":0,"texture":"#1","tintindex":0},"west":{"uv":[4.625,6.75,4.75,7.125],"rotation":0,"texture":"#1","tintindex":0},"up":{"uv":[6.625,0.5,6.25,0.375],"rotation":0,"texture":"#1","tintindex":0},"down":{"uv":[6.625,3.375,6.25,3.5],"rotation":0,"texture":"#1","tintindex":0}}}],"display":{"head":{"translation":[0.0,-6.4,0.0],"scale":[4.0,4.0,4.0]}}}