{"textures":{"1":"modelengine:entity/viking_1"},"elements":[{"from":[7.222857,3.719998,6.517869],"to":[9.68,9.125712,9.466441],"rotation":{"angle":0.0,"axis":"y","origin":[9.68,9.371427,7.992155]},"faces":{"east":{"uv":[4.5,4.625,5.125,5.75],"rotation":0,"texture":"#1","tintindex":0},"south":{"uv":[0.5,5.25,1.0,6.375],"rotation":0,"texture":"#1","tintindex":0},"north":{"uv":[0.0,5.25,0.5,6.375],"rotation":0,"texture":"#1","tintindex":0},"west":{"uv":[2.5,4.75,3.125,5.875],"rotation":0,"texture":"#1","tintindex":0},"up":{"uv":[2.875,7.125,2.375,6.5],"rotation":0,"texture":"#1","tintindex":0},"down":{"uv":[7.0,5.625,6.5,6.25],"rotation":0,"texture":"#1","tintindex":0}}}],"display":{"head":{"translation":[0.0,-6.4,0.0],"scale":[4.0,4.0,4.0]}}}