{"textures":{"0":"modelengine:entity/manta_ray"},"elements":[{"from":[1.1428566,6.857143,8.0],"to":[8.0,9.142858,14.285715],"rotation":{"angle":0.0,"axis":"y","origin":[31.428572,5.142857,12.571428]},"faces":{"east":{"uv":[5.75,10.125,7.125,10.625],"rotation":0,"texture":"#0","tintindex":0},"south":{"uv":[2.0,9.75,3.5,10.25],"rotation":0,"texture":"#0","tintindex":0},"north":{"uv":[4.5,8.125,6.0,8.625],"rotation":0,"texture":"#0","tintindex":0},"west":{"uv":[7.125,10.125,8.5,10.625],"rotation":0,"texture":"#0","tintindex":0},"up":{"uv":[6.0,8.125,4.5,6.75],"rotation":0,"texture":"#0","tintindex":0},"down":{"uv":[1.5,7.5,0.0,8.875],"rotation":0,"texture":"#0","tintindex":0}}}],"display":{"head":{"translation":[0.0,-6.4,0.0],"scale":[4.0,4.0,4.0]}}}