{"textures":{"0":"modelengine:entity/manta_ray"},"elements":[{"from":[-1.7142859,5.714286,6.857143],"to":[9.714286,9.142858,22.285715],"rotation":{"angle":0.0,"axis":"y","origin":[12.571428,5.142857,11.428572]},"faces":{"east":{"uv":[8.25,4.0,11.625,4.75],"rotation":0,"texture":"#0","tintindex":0},"south":{"uv":[8.5,0.75,11.0,1.5],"rotation":0,"texture":"#0","tintindex":0},"north":{"uv":[8.5,0.0,11.0,0.75],"rotation":0,"texture":"#0","tintindex":0},"west":{"uv":[8.25,4.75,11.625,5.5],"rotation":0,"texture":"#0","tintindex":0},"up":{"uv":[6.0,3.375,3.5,0.0],"rotation":0,"texture":"#0","tintindex":0},"down":{"uv":[6.0,3.375,3.5,6.75],"rotation":0,"texture":"#0","tintindex":0}}}],"display":{"head":{"translation":[0.0,-6.4,0.0],"scale":[4.0,4.0,4.0]}}}