{"textures":{"0":"modelengine:entity/manta_ray"},"elements":[{"from":[6.285714,5.714286,6.857143],"to":[17.714287,9.142858,22.285715],"rotation":{"angle":0.0,"axis":"y","origin":[3.4285712,5.142857,11.428572]},"faces":{"east":{"uv":[11.625,4.75,8.25,5.5],"rotation":0,"texture":"#0","tintindex":0},"south":{"uv":[11.0,0.75,8.5,1.5],"rotation":0,"texture":"#0","tintindex":0},"north":{"uv":[11.0,0.0,8.5,0.75],"rotation":0,"texture":"#0","tintindex":0},"west":{"uv":[11.625,4.0,8.25,4.75],"rotation":0,"texture":"#0","tintindex":0},"up":{"uv":[3.5,3.375,6.0,0.0],"rotation":0,"texture":"#0","tintindex":0},"down":{"uv":[3.5,3.375,6.0,6.75],"rotation":0,"texture":"#0","tintindex":0}}}],"display":{"head":{"translation":[0.0,-6.4,0.0],"scale":[4.0,4.0,4.0]}}}