{"textures":{"0":"modelengine:entity/manta_ray"},"elements":[{"from":[7.142857,7.428571,8.0],"to":[8.857143,8.571428,13.714286],"rotation":{"angle":0.0,"axis":"y","origin":[7.714286,4.0,-13.1428585]},"faces":{"east":{"uv":[6.875,10.625,8.125,10.875],"rotation":0,"texture":"#0","tintindex":0},"south":{"uv":[10.75,6.0,11.125,6.25],"rotation":0,"texture":"#0","tintindex":0},"north":{"uv":[3.5,9.75,3.875,10.0],"rotation":0,"texture":"#0","tintindex":0},"west":{"uv":[8.125,10.625,9.375,10.875],"rotation":0,"texture":"#0","tintindex":0},"up":{"uv":[10.875,11.375,10.5,10.125],"rotation":0,"texture":"#0","tintindex":0},"down":{"uv":[1.125,10.625,0.75,11.875],"rotation":0,"texture":"#0","tintindex":0}}}],"display":{"head":{"translation":[0.0,-6.4,0.0],"scale":[4.0,4.0,4.0]}}}