{"textures":{"0":"modelengine:entity/em_cursed_santa"},"elements":[{"from":[9.894716,13.809818,5.5440607],"to":[10.4661455,14.381247,10.686918],"rotation":{"angle":0.0,"axis":"y","origin":[9.323288,11.23839,6.4012036]},"faces":{"east":{"uv":[9.502,9.3145,10.0605,9.373],"rotation":0,"texture":"#0","tintindex":0},"south":{"uv":[3.502,10.377,3.5605,10.4355],"rotation":0,"texture":"#0","tintindex":0},"north":{"uv":[10.377,3.0645,10.4355,3.123],"rotation":0,"texture":"#0","tintindex":0},"west":{"uv":[1.627,9.5645,2.1855,9.623],"rotation":0,"texture":"#0","tintindex":0},"up":{"uv":[5.4355,9.9355,5.377,9.377],"rotation":0,"texture":"#0","tintindex":0},"down":{"uv":[5.873,9.502,5.8145,10.0605],"rotation":0,"texture":"#0","tintindex":0}}},{"from":[9.897002,13.693758,10.40349],"to":[10.46386,14.260614,10.970346],"rotation":{"angle":-45.0,"axis":"x","origin":[10.180431,13.977186,10.686918]},"faces":{"east":{"uv":[1.877,10.377,1.9355,10.4355],"rotation":0,"texture":"#0","tintindex":0},"south":{"uv":[2.002,10.377,2.0605,10.4355],"rotation":0,"texture":"#0","tintindex":0},"north":{"uv":[1.752,10.377,1.8105,10.4355],"rotation":0,"texture":"#0","tintindex":0},"west":{"uv":[2.127,10.377,2.1855,10.4355],"rotation":0,"texture":"#0","tintindex":0},"up":{"uv":[2.3105,10.4355,2.252,10.377],"rotation":0,"texture":"#0","tintindex":0},"down":{"uv":[2.748,10.377,2.6895,10.4355],"rotation":0,"texture":"#0","tintindex":0}}},{"from":[9.894716,13.691472,5.2583466],"to":[10.4661455,14.2629,5.829775],"rotation":{"angle":45.0,"axis":"x","origin":[10.180431,13.977186,5.5440607]},"faces":{"east":{"uv":[10.3145,9.752,10.373,9.8105],"rotation":0,"texture":"#0","tintindex":0},"south":{"uv":[10.0645,10.3145,10.123,10.373],"rotation":0,"texture":"#0","tintindex":0},"north":{"uv":[9.752,10.3145,9.8105,10.373],"rotation":0,"texture":"#0","tintindex":0},"west":{"uv":[10.1895,10.3145,10.248,10.373],"rotation":0,"texture":"#0","tintindex":0},"up":{"uv":[10.373,10.373,10.3145,10.3145],"rotation":0,"texture":"#0","tintindex":0},"down":{"uv":[10.4355,0.377,10.377,0.4355],"rotation":0,"texture":"#0","tintindex":0}}},{"from":[9.892431,11.117758,5.137714],"to":[10.468431,13.979471,5.713714],"rotation":{"angle":0.0,"axis":"y","origin":[9.323288,10.834329,5.425714]},"faces":{"east":{"uv":[6.002,4.1895,6.0605,4.498],"rotation":0,"texture":"#0","tintindex":0},"south":{"uv":[8.252,9.752,8.3105,10.0605],"rotation":0,"texture":"#0","tintindex":0},"north":{"uv":[2.8145,5.752,2.873,6.0605],"rotation":0,"texture":"#0","tintindex":0},"west":{"uv":[0.877,9.9395,0.9355,10.248],"rotation":0,"texture":"#0","tintindex":0},"up":{"uv":[9.5605,10.373,9.502,10.3145],"rotation":0,"texture":"#0","tintindex":0},"down":{"uv":[9.6855,10.3145,9.627,10.373],"rotation":0,"texture":"#0","tintindex":0}}},{"from":[10.288571,7.425714,5.14],"to":[10.860001,10.282857,5.7114286],"rotation":{"angle":0.0,"axis":"y","origin":[9.717143,5.997143,5.425714]},"faces":{"east":{"uv":[7.5645,9.9395,7.623,10.248],"rotation":0,"texture":"#0","tintindex":0},"south":{"uv":[7.6895,9.9395,7.748,10.248],"rotation":0,"texture":"#0","tintindex":0},"north":{"uv":[1.002,9.9395,1.0605,10.248],"rotation":0,"texture":"#0","tintindex":0},"west":{"uv":[8.002,9.9395,8.0605,10.248],"rotation":0,"texture":"#0","tintindex":0},"up":{"uv":[10.4355,3.623,10.377,3.5645],"rotation":0,"texture":"#0","tintindex":0},"down":{"uv":[3.6855,10.377,3.627,10.4355],"rotation":0,"texture":"#0","tintindex":0}}},{"from":[10.288571,6.282857,5.8542852],"to":[10.860001,8.568571,6.425714],"rotation":{"angle":0.0,"axis":"y","origin":[9.717143,5.425714,6.14]},"faces":{"east":{"uv":[10.127,1.4395,10.1855,1.6855],"rotation":0,"texture":"#0","tintindex":0},"south":{"uv":[2.877,10.127,2.9355,10.373],"rotation":0,"texture":"#0","tintindex":0},"north":{"uv":[2.752,10.0645,2.8105,10.3105],"rotation":0,"texture":"#0","tintindex":0},"west":{"uv":[3.002,10.127,3.0605,10.373],"rotation":0,"texture":"#0","tintindex":0},"up":{"uv":[4.0605,10.4355,4.002,10.377],"rotation":0,"texture":"#0","tintindex":0},"down":{"uv":[4.1855,10.377,4.127,10.4355],"rotation":0,"texture":"#0","tintindex":0}}},{"from":[10.290857,6.1667957,5.6646934],"to":[10.857715,7.87651,6.2315507],"rotation":{"angle":-45.0,"axis":"x","origin":[10.5742855,7.021653,5.948122]},"faces":{"east":{"uv":[6.8145,10.252,6.873,10.4355],"rotation":0,"texture":"#0","tintindex":0},"south":{"uv":[6.9395,10.252,6.998,10.4355],"rotation":0,"texture":"#0","tintindex":0},"north":{"uv":[6.6895,10.252,6.748,10.4355],"rotation":0,"texture":"#0","tintindex":0},"west":{"uv":[7.0645,10.252,7.123,10.4355],"rotation":0,"texture":"#0","tintindex":0},"up":{"uv":[10.4355,3.873,10.377,3.8145],"rotation":0,"texture":"#0","tintindex":0},"down":{"uv":[10.4355,3.9395,10.377,3.998],"rotation":0,"texture":"#0","tintindex":0}}},{"from":[10.266228,9.823756,5.14],"to":[10.837657,10.966613,5.7114286],"rotation":{"angle":22.5,"axis":"z","origin":[9.694799,10.10947,5.425714]},"faces":{"east":{"uv":[10.3145,1.877,10.373,1.998],"rotation":0,"texture":"#0","tintindex":0},"south":{"uv":[10.3145,2.0645,10.373,2.1855],"rotation":0,"texture":"#0","tintindex":0},"north":{"uv":[10.3145,1.6895,10.373,1.8105],"rotation":0,"texture":"#0","tintindex":0},"west":{"uv":[10.3145,2.252,10.373,2.373],"rotation":0,"texture":"#0","tintindex":0},"up":{"uv":[9.3105,10.373,9.252,10.3145],"rotation":0,"texture":"#0","tintindex":0},"down":{"uv":[9.4355,10.3145,9.377,10.373],"rotation":0,"texture":"#0","tintindex":0}}},{"from":[5.162343,9.823756,5.14],"to":[5.733772,10.966613,5.7114286],"rotation":{"angle":-22.5,"axis":"z","origin":[6.3052006,10.10947,5.425714]},"faces":{"east":{"uv":[10.3145,4.877,10.373,4.998],"rotation":0,"texture":"#0","tintindex":0},"south":{"uv":[10.3145,5.0645,10.373,5.1855],"rotation":0,"texture":"#0","tintindex":0},"north":{"uv":[3.377,10.3145,3.4355,10.4355],"rotation":0,"texture":"#0","tintindex":0},"west":{"uv":[5.252,10.3145,5.3105,10.4355],"rotation":0,"texture":"#0","tintindex":0},"up":{"uv":[10.498,3.248,10.4395,3.1895],"rotation":0,"texture":"#0","tintindex":0},"down":{"uv":[10.498,3.3145,10.4395,3.373],"rotation":0,"texture":"#0","tintindex":0}}},{"from":[5.5338545,13.809818,5.5440607],"to":[6.1052837,14.381247,10.686918],"rotation":{"angle":0.0,"axis":"y","origin":[6.676712,11.23839,6.4012036]},"faces":{"east":{"uv":[2.252,9.5645,2.8105,9.623],"rotation":0,"texture":"#0","tintindex":0},"south":{"uv":[3.0645,10.4395,3.123,10.498],"rotation":0,"texture":"#0","tintindex":0},"north":{"uv":[2.9395,10.4395,2.998,10.498],"rotation":0,"texture":"#0","tintindex":0},"west":{"uv":[9.5645,4.4395,10.123,4.498],"rotation":0,"texture":"#0","tintindex":0},"up":{"uv":[5.998,10.0605,5.9395,9.502],"rotation":0,"texture":"#0","tintindex":0},"down":{"uv":[0.0605,9.5645,0.002,10.123],"rotation":0,"texture":"#0","tintindex":0}}},{"from":[5.7165713,13.405758,10.516318],"to":[10.283428,13.972615,11.083176],"rotation":{"angle":0.0,"axis":"y","origin":[6.857143,10.832044,10.7997465]},"faces":{"east":{"uv":[0.752,10.502,0.8105,10.5605],"rotation":0,"texture":"#0","tintindex":0},"south":{"uv":[7.1895,9.627,7.6855,9.6855],"rotation":0,"texture":"#0","tintindex":0},"north":{"uv":[6.627,9.627,7.123,9.6855],"rotation":0,"texture":"#0","tintindex":0},"west":{"uv":[10.502,1.5645,10.5605,1.623],"rotation":0,"texture":"#0","tintindex":0},"up":{"uv":[8.248,9.6855,7.752,9.627],"rotation":0,"texture":"#0","tintindex":0},"down":{"uv":[10.123,8.252,9.627,8.3105],"rotation":0,"texture":"#0","tintindex":0}}},{"from":[5.5361404,13.693758,10.40349],"to":[6.102998,14.260614,10.970346],"rotation":{"angle":-45.0,"axis":"x","origin":[5.819569,13.977186,10.686918]},"faces":{"east":{"uv":[10.4395,2.0645,10.498,2.123],"rotation":0,"texture":"#0","tintindex":0},"south":{"uv":[10.4395,2.1895,10.498,2.248],"rotation":0,"texture":"#0","tintindex":0},"north":{"uv":[10.4395,1.9395,10.498,1.998],"rotation":0,"texture":"#0","tintindex":0},"west":{"uv":[10.4395,2.3145,10.498,2.373],"rotation":0,"texture":"#0","tintindex":0},"up":{"uv":[10.498,2.498,10.4395,2.4395],"rotation":0,"texture":"#0","tintindex":0},"down":{"uv":[2.873,10.4395,2.8145,10.498],"rotation":0,"texture":"#0","tintindex":0}}},{"from":[5.5338545,13.691472,5.2583466],"to":[6.1052837,14.2629,5.829775],"rotation":{"angle":45.0,"axis":"x","origin":[5.819569,13.977186,5.5440607]},"faces":{"east":{"uv":[10.4395,1.252,10.498,1.3105],"rotation":0,"texture":"#0","tintindex":0},"south":{"uv":[1.502,10.4395,1.5605,10.498],"rotation":0,"texture":"#0","tintindex":0},"north":{"uv":[10.4395,1.127,10.498,1.1855],"rotation":0,"texture":"#0","tintindex":0},"west":{"uv":[1.627,10.4395,1.6855,10.498],"rotation":0,"texture":"#0","tintindex":0},"up":{"uv":[10.498,1.748,10.4395,1.6895],"rotation":0,"texture":"#0","tintindex":0},"down":{"uv":[10.498,1.8145,10.4395,1.873],"rotation":0,"texture":"#0","tintindex":0}}},{"from":[5.531569,11.117758,5.137714],"to":[6.107569,13.979471,5.713714],"rotation":{"angle":0.0,"axis":"y","origin":[6.676712,10.834329,5.425714]},"faces":{"east":{"uv":[10.002,1.1895,10.0605,1.498],"rotation":0,"texture":"#0","tintindex":0},"south":{"uv":[10.002,1.5645,10.0605,1.873],"rotation":0,"texture":"#0","tintindex":0},"north":{"uv":[10.002,0.002,10.0605,0.3105],"rotation":0,"texture":"#0","tintindex":0},"west":{"uv":[1.9395,10.002,1.998,10.3105],"rotation":0,"texture":"#0","tintindex":0},"up":{"uv":[1.0605,10.498,1.002,10.4395],"rotation":0,"texture":"#0","tintindex":0},"down":{"uv":[1.1855,10.4395,1.127,10.498],"rotation":0,"texture":"#0","tintindex":0}}},{"from":[3.8744264,9.9749,5.137714],"to":[5.5932837,15.122329,5.1422853],"rotation":{"angle":-22.5,"axis":"y","origin":[4.962426,12.5486145,5.14]},"faces":{"east":{"uv":[1.252,1.377,1.252,1.9355],"rotation":0,"texture":"#0","tintindex":0},"south":{"uv":[2.6895,8.127,2.873,8.6855],"rotation":0,"texture":"#0","tintindex":0},"north":{"uv":[1.627,8.127,1.8105,8.6855],"rotation":0,"texture":"#0","tintindex":0},"west":{"uv":[2.252,3.252,2.252,3.8105],"rotation":0,"texture":"#0","tintindex":0},"up":{"uv":[2.8105,1.1895,2.627,1.1895],"rotation":0,"texture":"#0","tintindex":0},"down":{"uv":[3.0605,1.1895,2.877,1.1895],"rotation":0,"texture":"#0","tintindex":0}}},{"from":[3.6346822,6.3177576,5.935958],"to":[5.3535395,7.465186,5.9405293],"rotation":{"angle":-22.5,"axis":"y","origin":[4.494111,6.034329,5.938244]},"faces":{"east":{"uv":[0.4395,4.3145,0.4395,4.4355],"rotation":0,"texture":"#0","tintindex":0},"south":{"uv":[4.877,9.8145,5.0605,9.9355],"rotation":0,"texture":"#0","tintindex":0},"north":{"uv":[9.8145,4.252,9.998,4.373],"rotation":0,"texture":"#0","tintindex":0},"west":{"uv":[2.1895,4.377,2.1895,4.498],"rotation":0,"texture":"#0","tintindex":0},"up":{"uv":[5.1855,0.5645,5.002,0.5645],"rotation":0,"texture":"#0","tintindex":0},"down":{"uv":[5.1855,1.8145,5.002,1.8145],"rotation":0,"texture":"#0","tintindex":0}}},{"from":[3.5887117,7.1177573,5.137714],"to":[5.3075695,9.979472,5.1422853],"rotation":{"angle":-22.5,"axis":"y","origin":[4.676712,12.5486145,5.14]},"faces":{"east":{"uv":[2.1895,4.002,2.1895,4.3105],"rotation":0,"texture":"#0","tintindex":0},"south":{"uv":[6.4395,9.0645,6.623,9.373],"rotation":0,"texture":"#0","tintindex":0},"north":{"uv":[6.1895,9.0645,6.373,9.373],"rotation":0,"texture":"#0","tintindex":0},"west":{"uv":[3.3145,4.627,3.3145,4.9355],"rotation":0,"texture":"#0","tintindex":0},"up":{"uv":[3.8105,1.127,3.627,1.127],"rotation":0,"texture":"#0","tintindex":0},"down":{"uv":[4.0605,1.127,3.877,1.127],"rotation":0,"texture":"#0","tintindex":0}}},{"from":[10.6924305,7.1177573,5.137714],"to":[12.411288,9.979472,5.1422853],"rotation":{"angle":22.5,"axis":"y","origin":[11.323288,12.5486145,5.14]},"faces":{"east":{"uv":[2.9395,8.127,2.9395,8.4355],"rotation":0,"texture":"#0","tintindex":0},"south":{"uv":[6.9395,9.0645,7.123,9.373],"rotation":0,"texture":"#0","tintindex":0},"north":{"uv":[6.6895,9.0645,6.873,9.373],"rotation":0,"texture":"#0","tintindex":0},"west":{"uv":[5.752,9.5645,5.752,9.873],"rotation":0,"texture":"#0","tintindex":0},"up":{"uv":[5.8105,4.1895,5.627,4.1895],"rotation":0,"texture":"#0","tintindex":0},"down":{"uv":[3.6855,5.6895,3.502,5.6895],"rotation":0,"texture":"#0","tintindex":0}}},{"from":[10.646461,6.3177576,5.935958],"to":[12.365318,7.465186,5.9405293],"rotation":{"angle":22.5,"axis":"y","origin":[11.505889,6.034329,5.938244]},"faces":{"east":{"uv":[5.502,0.877,5.502,0.998],"rotation":0,"texture":"#0","tintindex":0},"south":{"uv":[9.877,3.252,10.0605,3.373],"rotation":0,"texture":"#0","tintindex":0},"north":{"uv":[5.127,9.8145,5.3105,9.9355],"rotation":0,"texture":"#0","tintindex":0},"west":{"uv":[5.502,1.0645,5.502,1.1855],"rotation":0,"texture":"#0","tintindex":0},"up":{"uv":[2.498,5.1895,2.3145,5.1895],"rotation":0,"texture":"#0","tintindex":0},"down":{"uv":[5.4355,0.5645,5.252,0.5645],"rotation":0,"texture":"#0","tintindex":0}}},{"from":[10.406716,9.9749,5.137714],"to":[12.125574,15.122329,5.1422853],"rotation":{"angle":22.5,"axis":"y","origin":[11.037574,12.5486145,5.14]},"faces":{"east":{"uv":[3.3145,0.002,3.3145,0.5605],"rotation":0,"texture":"#0","tintindex":0},"south":{"uv":[4.4395,8.1895,4.623,8.748],"rotation":0,"texture":"#0","tintindex":0},"north":{"uv":[4.1895,8.1895,4.373,8.748],"rotation":0,"texture":"#0","tintindex":0},"west":{"uv":[8.1895,10.3145,8.1895,10.873],"rotation":0,"texture":"#0","tintindex":0},"up":{"uv":[3.373,1.627,3.1895,1.627],"rotation":0,"texture":"#0","tintindex":0},"down":{"uv":[3.5605,1.127,3.377,1.127],"rotation":0,"texture":"#0","tintindex":0}}},{"from":[5.14,7.425714,5.14],"to":[5.7114286,10.282857,5.7114286],"rotation":{"angle":0.0,"axis":"y","origin":[6.282857,5.997143,5.425714]},"faces":{"east":{"uv":[9.3145,9.9395,9.373,10.248],"rotation":0,"texture":"#0","tintindex":0},"south":{"uv":[9.4395,9.9395,9.498,10.248],"rotation":0,"texture":"#0","tintindex":0},"north":{"uv":[9.1895,9.9395,9.248,10.248],"rotation":0,"texture":"#0","tintindex":0},"west":{"uv":[9.9395,9.877,9.998,10.1855],"rotation":0,"texture":"#0","tintindex":0},"up":{"uv":[10.498,0.1855,10.4395,0.127],"rotation":0,"texture":"#0","tintindex":0},"down":{"uv":[10.498,0.252,10.4395,0.3105],"rotation":0,"texture":"#0","tintindex":0}}},{"from":[5.14,6.282857,5.8542852],"to":[5.7114286,8.568571,6.425714],"rotation":{"angle":0.0,"axis":"y","origin":[6.282857,5.425714,6.14]},"faces":{"east":{"uv":[10.127,3.9395,10.1855,4.1855],"rotation":0,"texture":"#0","tintindex":0},"south":{"uv":[5.002,10.127,5.0605,10.373],"rotation":0,"texture":"#0","tintindex":0},"north":{"uv":[3.127,10.127,3.1855,10.373],"rotation":0,"texture":"#0","tintindex":0},"west":{"uv":[5.127,10.127,5.1855,10.373],"rotation":0,"texture":"#0","tintindex":0},"up":{"uv":[10.4355,10.1855,10.377,10.127],"rotation":0,"texture":"#0","tintindex":0},"down":{"uv":[10.498,0.002,10.4395,0.0605],"rotation":0,"texture":"#0","tintindex":0}}},{"from":[5.1422853,6.1667957,5.6646934],"to":[5.7091427,7.87651,6.2315507],"rotation":{"angle":-45.0,"axis":"x","origin":[5.425714,7.021653,5.948122]},"faces":{"east":{"uv":[8.502,10.252,8.5605,10.4355],"rotation":0,"texture":"#0","tintindex":0},"south":{"uv":[10.252,9.502,10.3105,9.6855],"rotation":0,"texture":"#0","tintindex":0},"north":{"uv":[8.377,10.252,8.4355,10.4355],"rotation":0,"texture":"#0","tintindex":0},"west":{"uv":[9.9395,10.252,9.998,10.4355],"rotation":0,"texture":"#0","tintindex":0},"up":{"uv":[10.4355,9.6855,10.377,9.627],"rotation":0,"texture":"#0","tintindex":0},"down":{"uv":[10.4355,10.002,10.377,10.0605],"rotation":0,"texture":"#0","tintindex":0}}},{"from":[2.2834287,7.9977145,5.712],"to":[13.716572,13.716572,10.859428],"rotation":{"angle":0.0,"axis":"y","origin":[8.0,-1.1428576,7.428571]},"faces":{"east":{"uv":[1.0645,2.5645,1.623,3.1855],"rotation":0,"texture":"#0","tintindex":0},"south":{"uv":[0.002,0.6895,1.248,1.3105],"rotation":0,"texture":"#0","tintindex":0},"north":{"uv":[0.002,0.002,1.248,0.623],"rotation":0,"texture":"#0","tintindex":0},"west":{"uv":[1.6895,2.5645,2.248,3.1855],"rotation":0,"texture":"#0","tintindex":0},"up":{"uv":[2.5605,0.5605,1.3145,0.002],"rotation":0,"texture":"#0","tintindex":0},"down":{"uv":[2.5605,0.627,1.3145,1.1855],"rotation":0,"texture":"#0","tintindex":0}}},{"from":[8.569143,7.4262857,5.4262857],"to":[12.573714,11.430858,9.430857],"rotation":{"angle":0.0,"axis":"y","origin":[8.0,-2.8571434,7.142857]},"faces":{"east":{"uv":[6.4395,0.877,6.873,1.3105],"rotation":0,"texture":"#0","tintindex":0},"south":{"uv":[6.4395,1.377,6.873,1.8105],"rotation":0,"texture":"#0","tintindex":0},"north":{"uv":[6.377,6.1895,6.8105,6.623],"rotation":0,"texture":"#0","tintindex":0},"west":{"uv":[6.4395,1.877,6.873,2.3105],"rotation":0,"texture":"#0","tintindex":0},"up":{"uv":[6.873,2.8105,6.4395,2.377],"rotation":0,"texture":"#0","tintindex":0},"down":{"uv":[6.3105,6.4395,5.877,6.873],"rotation":0,"texture":"#0","tintindex":0}}},{"from":[3.4262857,7.4262857,5.4262857],"to":[7.430857,11.430858,9.430857],"rotation":{"angle":0.0,"axis":"y","origin":[8.0,-2.8571434,7.142857]},"faces":{"east":{"uv":[0.8145,6.502,1.248,6.9355],"rotation":0,"texture":"#0","tintindex":0},"south":{"uv":[6.502,4.1895,6.9355,4.623],"rotation":0,"texture":"#0","tintindex":0},"north":{"uv":[6.502,0.3145,6.9355,0.748],"rotation":0,"texture":"#0","tintindex":0},"west":{"uv":[6.627,2.877,7.0605,3.3105],"rotation":0,"texture":"#0","tintindex":0},"up":{"uv":[7.0605,3.8105,6.627,3.377],"rotation":0,"texture":"#0","tintindex":0},"down":{"uv":[7.0605,4.6895,6.627,5.123],"rotation":0,"texture":"#0","tintindex":0}}},{"from":[6.857143,9.714286,8.571428],"to":[9.142858,11.428572,9.142858],"rotation":{"angle":0.0,"axis":"y","origin":[8.0,-2.285715,8.0]},"faces":{"east":{"uv":[6.377,0.3145,6.4355,0.498],"rotation":0,"texture":"#0","tintindex":0},"south":{"uv":[3.4395,2.002,3.6855,2.1855],"rotation":0,"texture":"#0","tintindex":0},"north":{"uv":[0.752,3.002,0.998,3.1855],"rotation":0,"texture":"#0","tintindex":0},"west":{"uv":[6.252,6.9395,6.3105,7.123],"rotation":0,"texture":"#0","tintindex":0},"up":{"uv":[8.248,4.6855,8.002,4.627],"rotation":0,"texture":"#0","tintindex":0},"down":{"uv":[10.248,3.6895,10.002,3.748],"rotation":0,"texture":"#0","tintindex":0}}},{"from":[7.428571,8.0,8.571428],"to":[8.571428,9.714286,9.142858],"rotation":{"angle":0.0,"axis":"y","origin":[8.0,-2.285715,8.0]},"faces":{"east":{"uv":[4.752,10.252,4.8105,10.4355],"rotation":0,"texture":"#0","tintindex":0},"south":{"uv":[1.502,5.9395,1.623,6.123],"rotation":0,"texture":"#0","tintindex":0},"north":{"uv":[4.752,2.502,4.873,2.6855],"rotation":0,"texture":"#0","tintindex":0},"west":{"uv":[6.0645,10.252,6.123,10.4355],"rotation":0,"texture":"#0","tintindex":0},"up":{"uv":[6.5605,3.1855,6.4395,3.127],"rotation":0,"texture":"#0","tintindex":0},"down":{"uv":[6.8105,7.1895,6.6895,7.248],"rotation":0,"texture":"#0","tintindex":0}}},{"from":[3.425714,6.282857,6.282857],"to":[12.5742855,8.5742855,9.717143],"rotation":{"angle":0.0,"axis":"y","origin":[8.0,-1.7142859,7.428571]},"faces":{"east":{"uv":[0.002,4.3145,0.373,4.5605],"rotation":0,"texture":"#0","tintindex":0},"south":{"uv":[5.0645,4.5645,6.0605,4.8105],"rotation":0,"texture":"#0","tintindex":0},"north":{"uv":[4.9395,4.252,5.9355,4.498],"rotation":0,"texture":"#0","tintindex":0},"west":{"uv":[5.0645,6.4395,5.4355,6.6855],"rotation":0,"texture":"#0","tintindex":0},"up":{"uv":[3.123,1.623,2.127,1.252],"rotation":0,"texture":"#0","tintindex":0},"down":{"uv":[0.998,2.5645,0.002,2.9355],"rotation":0,"texture":"#0","tintindex":0}}}],"display":{"head":{"translation":[0.0,-6.4,0.0],"scale":[4.0,4.0,4.0]}}}