{"textures":{"0":"modelengine:entity/brown_crewmate_texture"},"elements":[{"from":[8.0,5.714286,6.857143],"to":[9.142858,8.0,9.714286],"rotation":{"angle":0.0,"axis":"y","origin":[8.0,8.0,8.0]},"faces":{"east":{"uv":[8.25,6.0,9.5,7.0],"rotation":0,"texture":"#0","tintindex":0},"south":{"uv":[7.0,9.5,7.5,10.5],"rotation":0,"texture":"#0","tintindex":0},"north":{"uv":[3.25,9.5,3.75,10.5],"rotation":0,"texture":"#0","tintindex":0},"west":{"uv":[7.25,8.25,8.5,9.25],"rotation":0,"texture":"#0","tintindex":0},"up":{"uv":[6.75,10.5,6.25,9.25],"rotation":0,"texture":"#0","tintindex":0},"down":{"uv":[3.0,9.5,2.5,10.75],"rotation":0,"texture":"#0","tintindex":0}}}],"display":{"head":{"translation":[0.0,-6.4,0.0],"scale":[4.0,4.0,4.0]}}}