{"textures":{"0":"modelengine:entity/ghost"},"elements":[{"from":[6.857143,5.8571424,7.5],"to":[8.0,8.714286,8.642858],"rotation":{"angle":0.0,"axis":"y","origin":[9.714286,4.142857,8.071428]},"faces":{"east":{"uv":[4.0,12.0,3.0,14.5],"rotation":0,"texture":"#0","tintindex":0},"south":{"uv":[13.0,0.0,12.0,2.5],"rotation":0,"texture":"#0","tintindex":0},"north":{"uv":[8.0,11.5,7.0,14.0],"rotation":0,"texture":"#0","tintindex":0},"west":{"uv":[9.0,11.5,8.0,14.0],"rotation":0,"texture":"#0","tintindex":0},"up":{"uv":[13.0,7.5,14.0,6.5],"rotation":0,"texture":"#0","tintindex":0},"down":{"uv":[13.0,7.5,14.0,8.5],"rotation":0,"texture":"#0","tintindex":0}}},{"from":[7.285714,5.285714,8.071428],"to":[7.285714,8.714286,10.357143],"rotation":{"angle":0.0,"axis":"y","origin":[9.714286,4.142857,8.071428]},"faces":{"east":{"uv":[11.0,4.0,13.0,7.0],"rotation":0,"texture":"#0","tintindex":0},"south":{"uv":[0.0,0.0,0.0,3.0],"rotation":0,"texture":"#0","tintindex":0},"north":{"uv":[0.0,0.0,0.0,3.0],"rotation":0,"texture":"#0","tintindex":0},"west":{"uv":[13.0,4.0,11.0,7.0],"rotation":0,"texture":"#0","tintindex":0},"up":{"uv":[0.0,2.0,0.0,0.0],"rotation":0,"texture":"#0","tintindex":0},"down":{"uv":[0.0,0.0,0.0,2.0],"rotation":0,"texture":"#0","tintindex":0}}}],"display":{"head":{"translation":[0.0,-6.4,0.0],"scale":[4.0,4.0,4.0]}}}