{"textures":{"1":"modelengine:entity/texture"},"elements":[{"from":[4.0,8.168291,0.90389967],"to":[12.0,13.311148,8.9039],"rotation":{"angle":0.0,"axis":"y","origin":[8.0,-11.260281,2.6181855]},"faces":{"east":{"uv":[4.5,9.0,5.9,9.9],"rotation":0,"texture":"#1","tintindex":0},"south":{"uv":[6.0,9.0,7.4,9.9],"rotation":0,"texture":"#1","tintindex":0},"north":{"uv":[3.0,9.0,4.4,9.9],"rotation":0,"texture":"#1","tintindex":0},"west":{"uv":[9.0,6.0,10.4,6.9],"rotation":0,"texture":"#1","tintindex":0},"up":{"uv":[7.4,7.4,6.0,6.0],"rotation":0,"texture":"#1","tintindex":0},"down":{"uv":[8.2,0.0,6.8,1.4],"rotation":0,"texture":"#1","tintindex":0}}},{"from":[11.942858,6.4540052,0.90389967],"to":[12.0,8.168291,7.189615],"rotation":{"angle":0.0,"axis":"y","origin":[8.0,-11.260281,2.6181855]},"faces":{"east":{"uv":[11.3,4.4,12.4,4.7],"rotation":0,"texture":"#1","tintindex":0},"south":{"uv":[13.9,10.0,14.0,10.3],"rotation":0,"texture":"#1","tintindex":0},"north":{"uv":[13.9,9.6,14.0,9.9],"rotation":0,"texture":"#1","tintindex":0},"west":{"uv":[11.3,4.8,12.4,5.1],"rotation":0,"texture":"#1","tintindex":0},"up":{"uv":[6.1,14.9,6.0,13.8],"rotation":0,"texture":"#1","tintindex":0},"down":{"uv":[6.3,13.8,6.2,14.9],"rotation":0,"texture":"#1","tintindex":0}}},{"from":[12.514286,8.363547,0.88629913],"to":[12.571428,9.506404,7.7434425],"rotation":{"angle":-22.5,"axis":"x","origin":[8.0,8.457143,8.0]},"faces":{"east":{"uv":[12.8,0.0,14.0,0.2],"rotation":0,"texture":"#1","tintindex":0},"south":{"uv":[13.0,14.2,13.1,14.4],"rotation":0,"texture":"#1","tintindex":0},"north":{"uv":[12.8,14.2,12.9,14.4],"rotation":0,"texture":"#1","tintindex":0},"west":{"uv":[12.8,0.3,14.0,0.5],"rotation":0,"texture":"#1","tintindex":0},"up":{"uv":[11.5,14.9,11.4,13.7],"rotation":0,"texture":"#1","tintindex":0},"down":{"uv":[11.7,13.7,11.6,14.9],"rotation":0,"texture":"#1","tintindex":0}}},{"from":[3.4285712,7.22069,0.88629913],"to":[12.571428,8.363547,8.8863],"rotation":{"angle":-22.5,"axis":"x","origin":[8.0,8.457143,8.0]},"faces":{"east":{"uv":[12.5,2.7,13.9,2.9],"rotation":0,"texture":"#1","tintindex":0},"south":{"uv":[12.0,8.7,13.6,8.9],"rotation":0,"texture":"#1","tintindex":0},"north":{"uv":[12.0,8.4,13.6,8.6],"rotation":0,"texture":"#1","tintindex":0},"west":{"uv":[12.5,3.0,13.9,3.2],"rotation":0,"texture":"#1","tintindex":0},"up":{"uv":[1.6,4.4,0.0,3.0],"rotation":0,"texture":"#1","tintindex":0},"down":{"uv":[3.3,3.0,1.7,4.4],"rotation":0,"texture":"#1","tintindex":0}}},{"from":[4.0,6.4540052,0.90389967],"to":[12.0,8.168291,0.9610429],"rotation":{"angle":0.0,"axis":"y","origin":[8.0,-11.260281,2.6181855]},"faces":{"east":{"uv":[13.9,10.4,14.0,10.7],"rotation":0,"texture":"#1","tintindex":0},"south":{"uv":[0.0,11.0,1.4,11.3],"rotation":0,"texture":"#1","tintindex":0},"north":{"uv":[10.5,10.6,11.9,10.9],"rotation":0,"texture":"#1","tintindex":0},"west":{"uv":[13.9,10.8,14.0,11.1],"rotation":0,"texture":"#1","tintindex":0},"up":{"uv":[15.1,6.5,13.7,6.4],"rotation":0,"texture":"#1","tintindex":0},"down":{"uv":[15.1,6.6,13.7,6.7],"rotation":0,"texture":"#1","tintindex":0}}},{"from":[3.4285712,8.363547,0.88629913],"to":[12.571428,9.506404,0.94344234],"rotation":{"angle":-22.5,"axis":"x","origin":[8.0,8.457143,8.0]},"faces":{"east":{"uv":[13.2,14.2,13.3,14.4],"rotation":0,"texture":"#1","tintindex":0},"south":{"uv":[12.0,9.3,13.6,9.5],"rotation":0,"texture":"#1","tintindex":0},"north":{"uv":[12.0,9.0,13.6,9.2],"rotation":0,"texture":"#1","tintindex":0},"west":{"uv":[13.4,14.2,13.5,14.4],"rotation":0,"texture":"#1","tintindex":0},"up":{"uv":[6.7,13.5,5.1,13.4],"rotation":0,"texture":"#1","tintindex":0},"down":{"uv":[8.4,13.4,6.8,13.5],"rotation":0,"texture":"#1","tintindex":0}}},{"from":[4.0,6.4540052,0.90389967],"to":[4.0571427,8.168291,7.189615],"rotation":{"angle":0.0,"axis":"y","origin":[8.0,-11.260281,2.6181855]},"faces":{"east":{"uv":[11.3,5.2,12.4,5.5],"rotation":0,"texture":"#1","tintindex":0},"south":{"uv":[13.9,11.6,14.0,11.9],"rotation":0,"texture":"#1","tintindex":0},"north":{"uv":[13.9,11.2,14.0,11.5],"rotation":0,"texture":"#1","tintindex":0},"west":{"uv":[11.3,5.6,12.4,5.9],"rotation":0,"texture":"#1","tintindex":0},"up":{"uv":[6.5,14.9,6.4,13.8],"rotation":0,"texture":"#1","tintindex":0},"down":{"uv":[6.7,13.8,6.6,14.9],"rotation":0,"texture":"#1","tintindex":0}}},{"from":[3.4285712,8.363547,0.88629913],"to":[3.485714,9.506404,7.7434425],"rotation":{"angle":-22.5,"axis":"x","origin":[8.0,8.457143,8.0]},"faces":{"east":{"uv":[12.8,0.6,14.0,0.8],"rotation":0,"texture":"#1","tintindex":0},"south":{"uv":[13.8,14.2,13.9,14.4],"rotation":0,"texture":"#1","tintindex":0},"north":{"uv":[13.6,14.2,13.7,14.4],"rotation":0,"texture":"#1","tintindex":0},"west":{"uv":[12.8,0.9,14.0,1.1],"rotation":0,"texture":"#1","tintindex":0},"up":{"uv":[0.1,15.0,0.0,13.8],"rotation":0,"texture":"#1","tintindex":0},"down":{"uv":[0.3,13.8,0.2,15.0],"rotation":0,"texture":"#1","tintindex":0}}}],"display":{"head":{"translation":[0.0,-6.4,0.0],"scale":[4.0,4.0,4.0]}}}