{"textures":{"1":"modelengine:entity/texture"},"elements":[{"from":[4.0,8.168291,0.90389967],"to":[12.0,13.311148,8.9039],"rotation":{"angle":0.0,"axis":"y","origin":[8.0,-11.260281,2.6181855]},"faces":{"east":{"uv":[4.5,10.0,5.9,10.9],"rotation":0,"texture":"#1","tintindex":0},"south":{"uv":[6.0,10.0,7.4,10.9],"rotation":0,"texture":"#1","tintindex":0},"north":{"uv":[3.0,10.0,4.4,10.9],"rotation":0,"texture":"#1","tintindex":0},"west":{"uv":[7.5,10.0,8.9,10.9],"rotation":0,"texture":"#1","tintindex":0},"up":{"uv":[5.9,8.9,4.5,7.5],"rotation":0,"texture":"#1","tintindex":0},"down":{"uv":[7.4,7.5,6.0,8.9],"rotation":0,"texture":"#1","tintindex":0}}},{"from":[11.942858,6.4540052,0.90389967],"to":[12.0,8.168291,7.189615],"rotation":{"angle":0.0,"axis":"y","origin":[8.0,-11.260281,2.6181855]},"faces":{"east":{"uv":[2.4,11.8,3.5,12.1],"rotation":0,"texture":"#1","tintindex":0},"south":{"uv":[14.1,10.4,14.2,10.7],"rotation":0,"texture":"#1","tintindex":0},"north":{"uv":[14.1,10.0,14.2,10.3],"rotation":0,"texture":"#1","tintindex":0},"west":{"uv":[3.6,11.8,4.7,12.1],"rotation":0,"texture":"#1","tintindex":0},"up":{"uv":[9.3,14.9,9.2,13.8],"rotation":0,"texture":"#1","tintindex":0},"down":{"uv":[9.5,13.8,9.4,14.9],"rotation":0,"texture":"#1","tintindex":0}}},{"from":[12.514286,8.363547,0.88629913],"to":[12.571428,9.506404,7.7434425],"rotation":{"angle":-22.5,"axis":"x","origin":[8.0,8.457143,8.0]},"faces":{"east":{"uv":[2.6,13.1,3.8,13.3],"rotation":0,"texture":"#1","tintindex":0},"south":{"uv":[14.4,1.2,14.5,1.4],"rotation":0,"texture":"#1","tintindex":0},"north":{"uv":[14.3,12.8,14.4,13.0],"rotation":0,"texture":"#1","tintindex":0},"west":{"uv":[3.9,13.1,5.1,13.3],"rotation":0,"texture":"#1","tintindex":0},"up":{"uv":[2.9,15.0,2.8,13.8],"rotation":0,"texture":"#1","tintindex":0},"down":{"uv":[3.1,13.8,3.0,15.0],"rotation":0,"texture":"#1","tintindex":0}}},{"from":[3.4285712,7.22069,0.88629913],"to":[12.571428,8.363547,8.8863],"rotation":{"angle":-22.5,"axis":"x","origin":[8.0,8.457143,8.0]},"faces":{"east":{"uv":[4.7,12.5,6.1,12.7],"rotation":0,"texture":"#1","tintindex":0},"south":{"uv":[6.8,12.2,8.4,12.4],"rotation":0,"texture":"#1","tintindex":0},"north":{"uv":[5.1,12.2,6.7,12.4],"rotation":0,"texture":"#1","tintindex":0},"west":{"uv":[12.5,4.8,13.9,5.0],"rotation":0,"texture":"#1","tintindex":0},"up":{"uv":[6.7,1.4,5.1,0.0],"rotation":0,"texture":"#1","tintindex":0},"down":{"uv":[6.7,1.5,5.1,2.9],"rotation":0,"texture":"#1","tintindex":0}}},{"from":[4.0,6.4540052,0.90389967],"to":[12.0,8.168291,0.9610429],"rotation":{"angle":0.0,"axis":"y","origin":[8.0,-11.260281,2.6181855]},"faces":{"east":{"uv":[14.1,10.8,14.2,11.1],"rotation":0,"texture":"#1","tintindex":0},"south":{"uv":[11.3,0.0,12.7,0.3],"rotation":0,"texture":"#1","tintindex":0},"north":{"uv":[10.5,11.0,11.9,11.3],"rotation":0,"texture":"#1","tintindex":0},"west":{"uv":[14.1,11.2,14.2,11.5],"rotation":0,"texture":"#1","tintindex":0},"up":{"uv":[15.1,8.1,13.7,8.0],"rotation":0,"texture":"#1","tintindex":0},"down":{"uv":[15.1,8.2,13.7,8.3],"rotation":0,"texture":"#1","tintindex":0}}},{"from":[3.4285712,8.363547,0.88629913],"to":[12.571428,9.506404,0.94344234],"rotation":{"angle":-22.5,"axis":"x","origin":[8.0,8.457143,8.0]},"faces":{"east":{"uv":[14.4,1.5,14.5,1.7],"rotation":0,"texture":"#1","tintindex":0},"south":{"uv":[10.2,12.2,11.8,12.4],"rotation":0,"texture":"#1","tintindex":0},"north":{"uv":[8.5,12.2,10.1,12.4],"rotation":0,"texture":"#1","tintindex":0},"west":{"uv":[14.4,1.8,14.5,2.0],"rotation":0,"texture":"#1","tintindex":0},"up":{"uv":[6.7,13.7,5.1,13.6],"rotation":0,"texture":"#1","tintindex":0},"down":{"uv":[8.4,13.6,6.8,13.7],"rotation":0,"texture":"#1","tintindex":0}}},{"from":[4.0,6.4540052,0.90389967],"to":[4.0571427,8.168291,7.189615],"rotation":{"angle":0.0,"axis":"y","origin":[8.0,-11.260281,2.6181855]},"faces":{"east":{"uv":[4.8,11.8,5.9,12.1],"rotation":0,"texture":"#1","tintindex":0},"south":{"uv":[14.2,1.2,14.3,1.5],"rotation":0,"texture":"#1","tintindex":0},"north":{"uv":[14.1,11.6,14.2,11.9],"rotation":0,"texture":"#1","tintindex":0},"west":{"uv":[6.0,11.8,7.1,12.1],"rotation":0,"texture":"#1","tintindex":0},"up":{"uv":[9.7,14.9,9.6,13.8],"rotation":0,"texture":"#1","tintindex":0},"down":{"uv":[9.9,13.8,9.8,14.9],"rotation":0,"texture":"#1","tintindex":0}}},{"from":[3.4285712,8.363547,0.88629913],"to":[3.485714,9.506404,7.7434425],"rotation":{"angle":-22.5,"axis":"x","origin":[8.0,8.457143,8.0]},"faces":{"east":{"uv":[5.2,13.1,6.4,13.3],"rotation":0,"texture":"#1","tintindex":0},"south":{"uv":[14.4,2.4,14.5,2.6],"rotation":0,"texture":"#1","tintindex":0},"north":{"uv":[14.4,2.1,14.5,2.3],"rotation":0,"texture":"#1","tintindex":0},"west":{"uv":[6.5,13.1,7.7,13.3],"rotation":0,"texture":"#1","tintindex":0},"up":{"uv":[3.3,15.0,3.2,13.8],"rotation":0,"texture":"#1","tintindex":0},"down":{"uv":[3.5,13.8,3.4,15.0],"rotation":0,"texture":"#1","tintindex":0}}}],"display":{"head":{"translation":[0.0,-6.4,0.0],"scale":[4.0,4.0,4.0]}}}