{"textures":{"1":"modelengine:entity/pet_rednose"},"elements":[{"from":[7.428571,6.0,7.428571],"to":[8.571428,8.285714,8.571428],"rotation":{"angle":0.0,"axis":"y","origin":[6.857143,6.0,8.857143]},"faces":{"east":{"uv":[10.992,10.008,10.008,11.992],"rotation":0,"texture":"#1","tintindex":0},"south":{"uv":[9.992,10.008,9.008,11.992],"rotation":0,"texture":"#1","tintindex":0},"north":{"uv":[10.992,1.508,10.008,3.492],"rotation":0,"texture":"#1","tintindex":0},"west":{"uv":[10.992,6.508,10.008,8.492],"rotation":0,"texture":"#1","tintindex":0},"up":{"uv":[7.008,11.492,7.992,10.508],"rotation":0,"texture":"#1","tintindex":0},"down":{"uv":[8.008,10.508,8.992,11.492],"rotation":0,"texture":"#1","tintindex":0}}}],"display":{"head":{"translation":[0.0,-6.4,0.0],"scale":[4.0,4.0,4.0]}}}