{"textures":{"0":"modelengine:entity/winter_sled_birch"},"elements":[{"from":[3.4285712,8.571428,4.5714283],"to":[4.5714283,9.714286,23.428572],"rotation":{"angle":0.0,"axis":"y","origin":[8.0,8.571428,14.857143]},"faces":{"east":{"uv":[3.5,2.75,7.625,3.0],"rotation":0,"texture":"#0","tintindex":0},"south":{"uv":[4.75,2.5,5.0,2.75],"rotation":0,"texture":"#0","tintindex":0},"north":{"uv":[4.75,2.25,5.0,2.5],"rotation":0,"texture":"#0","tintindex":0},"west":{"uv":[3.5,3.0,7.625,3.25],"rotation":0,"texture":"#0","tintindex":0},"up":{"uv":[3.75,7.375,3.5,3.25],"rotation":0,"texture":"#0","tintindex":0},"down":{"uv":[4.0,3.25,3.75,7.375],"rotation":0,"texture":"#0","tintindex":0}}},{"from":[3.4285712,9.714286,4.5714283],"to":[4.5714283,12.571428,5.714286],"rotation":{"angle":0.0,"axis":"y","origin":[8.0,8.571428,14.857143]},"faces":{"east":{"uv":[2.75,4.25,3.0,4.875],"rotation":0,"texture":"#0","tintindex":0},"south":{"uv":[3.0,4.25,3.25,4.875],"rotation":0,"texture":"#0","tintindex":0},"north":{"uv":[3.25,4.0,3.5,4.625],"rotation":0,"texture":"#0","tintindex":0},"west":{"uv":[4.5,1.5,4.75,2.125],"rotation":0,"texture":"#0","tintindex":0},"up":{"uv":[5.0,4.75,4.75,4.5],"rotation":0,"texture":"#0","tintindex":0},"down":{"uv":[5.0,4.75,4.75,5.0],"rotation":0,"texture":"#0","tintindex":0}}},{"from":[3.4285712,11.428572,5.714286],"to":[12.571428,12.571428,6.857143],"rotation":{"angle":0.0,"axis":"y","origin":[8.0,8.571428,14.857143]},"faces":{"east":{"uv":[2.75,4.875,3.0,5.125],"rotation":0,"texture":"#0","tintindex":0},"south":{"uv":[4.5,0.0,6.5,0.25],"rotation":0,"texture":"#0","tintindex":0},"north":{"uv":[4.0,4.25,6.0,4.5],"rotation":0,"texture":"#0","tintindex":0},"west":{"uv":[3.0,4.875,3.25,5.125],"rotation":0,"texture":"#0","tintindex":0},"up":{"uv":[6.5,0.5,4.5,0.25],"rotation":0,"texture":"#0","tintindex":0},"down":{"uv":[2.5,4.5,0.5,4.75],"rotation":0,"texture":"#0","tintindex":0}}},{"from":[3.4285712,10.857143,6.857143],"to":[4.5714283,12.571428,8.0],"rotation":{"angle":0.0,"axis":"y","origin":[8.0,8.571428,14.857143]},"faces":{"east":{"uv":[1.25,4.75,1.5,5.125],"rotation":0,"texture":"#0","tintindex":0},"south":{"uv":[1.5,4.75,1.75,5.125],"rotation":0,"texture":"#0","tintindex":0},"north":{"uv":[1.0,4.75,1.25,5.125],"rotation":0,"texture":"#0","tintindex":0},"west":{"uv":[4.75,1.5,5.0,1.875],"rotation":0,"texture":"#0","tintindex":0},"up":{"uv":[5.25,1.75,5.0,1.5],"rotation":0,"texture":"#0","tintindex":0},"down":{"uv":[5.25,1.75,5.0,2.0],"rotation":0,"texture":"#0","tintindex":0}}},{"from":[2.8571424,12.0,8.571428],"to":[13.142858,13.142858,21.142857],"rotation":{"angle":0.0,"axis":"y","origin":[8.0,8.571428,14.857143]},"faces":{"east":{"uv":[0.5,4.0,3.25,4.25],"rotation":0,"texture":"#0","tintindex":0},"south":{"uv":[0.5,4.25,2.75,4.5],"rotation":0,"texture":"#0","tintindex":0},"north":{"uv":[4.0,4.0,6.25,4.25],"rotation":0,"texture":"#0","tintindex":0},"west":{"uv":[4.0,3.75,6.75,4.0],"rotation":0,"texture":"#0","tintindex":0},"up":{"uv":[2.25,2.75,0.0,0.0],"rotation":0,"texture":"#0","tintindex":0},"down":{"uv":[4.5,0.0,2.25,2.75],"rotation":0,"texture":"#0","tintindex":0}}},{"from":[4.0,9.142858,9.142858],"to":[12.0,12.0,10.285714],"rotation":{"angle":0.0,"axis":"y","origin":[8.0,8.571428,14.857143]},"faces":{"east":{"uv":[4.5,2.125,4.75,2.75],"rotation":0,"texture":"#0","tintindex":0},"south":{"uv":[1.75,2.75,3.5,3.375],"rotation":0,"texture":"#0","tintindex":0},"north":{"uv":[0.0,2.75,1.75,3.375],"rotation":0,"texture":"#0","tintindex":0},"west":{"uv":[2.5,4.5,2.75,5.125],"rotation":0,"texture":"#0","tintindex":0},"up":{"uv":[6.25,0.75,4.5,0.5],"rotation":0,"texture":"#0","tintindex":0},"down":{"uv":[6.25,0.75,4.5,1.0],"rotation":0,"texture":"#0","tintindex":0}}},{"from":[4.0,9.142858,19.428572],"to":[12.0,12.0,20.57143],"rotation":{"angle":0.0,"axis":"y","origin":[8.0,8.571428,14.857143]},"faces":{"east":{"uv":[4.0,4.5,4.25,5.125],"rotation":0,"texture":"#0","tintindex":0},"south":{"uv":[1.75,3.375,3.5,4.0],"rotation":0,"texture":"#0","tintindex":0},"north":{"uv":[0.0,3.375,1.75,4.0],"rotation":0,"texture":"#0","tintindex":0},"west":{"uv":[4.25,4.5,4.5,5.125],"rotation":0,"texture":"#0","tintindex":0},"up":{"uv":[6.25,1.25,4.5,1.0],"rotation":0,"texture":"#0","tintindex":0},"down":{"uv":[6.25,1.25,4.5,1.5],"rotation":0,"texture":"#0","tintindex":0}}},{"from":[11.428572,10.857143,6.857143],"to":[12.571428,12.571428,8.0],"rotation":{"angle":0.0,"axis":"y","origin":[8.0,8.571428,14.857143]},"faces":{"east":{"uv":[4.75,1.875,5.0,2.25],"rotation":0,"texture":"#0","tintindex":0},"south":{"uv":[2.0,4.75,2.25,5.125],"rotation":0,"texture":"#0","tintindex":0},"north":{"uv":[1.75,4.75,2.0,5.125],"rotation":0,"texture":"#0","tintindex":0},"west":{"uv":[2.25,4.75,2.5,5.125],"rotation":0,"texture":"#0","tintindex":0},"up":{"uv":[5.25,2.25,5.0,2.0],"rotation":0,"texture":"#0","tintindex":0},"down":{"uv":[5.25,2.25,5.0,2.5],"rotation":0,"texture":"#0","tintindex":0}}},{"from":[11.428572,8.571428,4.5714283],"to":[12.571428,9.714286,23.428572],"rotation":{"angle":0.0,"axis":"y","origin":[8.0,8.571428,14.857143]},"faces":{"east":{"uv":[4.0,3.25,8.125,3.5],"rotation":0,"texture":"#0","tintindex":0},"south":{"uv":[5.0,4.5,5.25,4.75],"rotation":0,"texture":"#0","tintindex":0},"north":{"uv":[5.0,2.5,5.25,2.75],"rotation":0,"texture":"#0","tintindex":0},"west":{"uv":[4.0,3.5,8.125,3.75],"rotation":0,"texture":"#0","tintindex":0},"up":{"uv":[0.25,8.125,0.0,4.0],"rotation":0,"texture":"#0","tintindex":0},"down":{"uv":[0.5,4.0,0.25,8.125],"rotation":0,"texture":"#0","tintindex":0}}},{"from":[11.428572,9.714286,4.5714283],"to":[12.571428,12.571428,5.714286],"rotation":{"angle":0.0,"axis":"y","origin":[8.0,8.571428,14.857143]},"faces":{"east":{"uv":[3.25,4.625,3.5,5.25],"rotation":0,"texture":"#0","tintindex":0},"south":{"uv":[0.5,4.75,0.75,5.375],"rotation":0,"texture":"#0","tintindex":0},"north":{"uv":[4.5,4.5,4.75,5.125],"rotation":0,"texture":"#0","tintindex":0},"west":{"uv":[0.75,4.75,1.0,5.375],"rotation":0,"texture":"#0","tintindex":0},"up":{"uv":[5.0,5.25,4.75,5.0],"rotation":0,"texture":"#0","tintindex":0},"down":{"uv":[5.25,4.75,5.0,5.0],"rotation":0,"texture":"#0","tintindex":0}}}],"display":{"head":{"translation":[0.0,-6.4,0.0],"scale":[4.0,4.0,4.0]}}}