{
	"credit": "Made with Blockbench",
	"ambientocclusion": false,
	"texture_size": [32, 32],
	"textures": {
		"0": "diamond_xmas:/diamond_xmas/icepickaxe",
		"particle": "diamond_xmas:/diamond_xmas/icepickaxe"
	},
	"elements": [
		{
			"from": [2.42, 10.61, 8],
			"to": [3.68, 11.87, 8.63],
			"rotation": {"angle": 0, "axis": "y", "origin": [2.96, 2.96, 2.96]},
			"faces": {
				"north": {"uv": [5.5, 0, 6.5, 1], "texture": "#0"},
				"east": {"uv": [6.5, 2, 7, 3], "texture": "#0"},
				"south": {"uv": [5.5, 1, 6.5, 2], "texture": "#0"},
				"west": {"uv": [3.5, 6.5, 4, 7.5], "texture": "#0"},
				"up": {"uv": [6.5, 3.5, 5.5, 3], "texture": "#0"},
				"down": {"uv": [7.5, 3, 6.5, 3.5], "texture": "#0"}
			}
		},
		{
			"from": [2.42, 11.87, 8],
			"to": [3.05, 12.5, 8.63],
			"rotation": {"angle": 0, "axis": "y", "origin": [2.96, 2.96, 2.96]},
			"faces": {
				"north": {"uv": [8, 3.5, 8.5, 4], "texture": "#0"},
				"east": {"uv": [6.5, 9, 7, 9.5], "texture": "#0"},
				"south": {"uv": [7, 9, 7.5, 9.5], "texture": "#0"},
				"west": {"uv": [9, 7, 9.5, 7.5], "texture": "#0"},
				"up": {"uv": [8, 9.5, 7.5, 9], "texture": "#0"},
				"down": {"uv": [9.5, 7.5, 9, 8], "texture": "#0"}
			}
		},
		{
			"from": [1.79, 11.24, 8],
			"to": [2.42, 12.5, 8.63],
			"rotation": {"angle": 0, "axis": "y", "origin": [2.96, 2.96, 2.96]},
			"faces": {
				"north": {"uv": [4, 6.5, 4.5, 7.5], "texture": "#0"},
				"east": {"uv": [4.5, 6.5, 5, 7.5], "texture": "#0"},
				"south": {"uv": [5, 6.5, 5.5, 7.5], "texture": "#0"},
				"west": {"uv": [5.5, 6.5, 6, 7.5], "texture": "#0"},
				"up": {"uv": [8.5, 9.5, 8, 9], "texture": "#0"},
				"down": {"uv": [9.5, 8, 9, 8.5], "texture": "#0"}
			}
		},
		{
			"from": [3.68, 9.35, 8],
			"to": [4.94, 10.61, 8.63],
			"rotation": {"angle": 0, "axis": "y", "origin": [2.96, 2.96, 2.96]},
			"faces": {
				"north": {"uv": [5.5, 2, 6.5, 3], "texture": "#0"},
				"east": {"uv": [6, 6.5, 6.5, 7.5], "texture": "#0"},
				"south": {"uv": [4, 5.5, 5, 6.5], "texture": "#0"},
				"west": {"uv": [6.5, 6.5, 7, 7.5], "texture": "#0"},
				"up": {"uv": [1, 7.5, 0, 7], "texture": "#0"},
				"down": {"uv": [2, 7, 1, 7.5], "texture": "#0"}
			}
		},
		{
			"from": [2.42, 9.98, 8],
			"to": [3.68, 10.61, 8.63],
			"rotation": {"angle": 0, "axis": "y", "origin": [2.96, 2.96, 2.96]},
			"faces": {
				"north": {"uv": [2, 7, 3, 7.5], "texture": "#0"},
				"east": {"uv": [8.5, 9, 9, 9.5], "texture": "#0"},
				"south": {"uv": [7, 2, 8, 2.5], "texture": "#0"},
				"west": {"uv": [9, 8.5, 9.5, 9], "texture": "#0"},
				"up": {"uv": [8, 3, 7, 2.5], "texture": "#0"},
				"down": {"uv": [8, 3.5, 7, 4], "texture": "#0"}
			}
		},
		{
			"from": [3.05, 6.2, 8],
			"to": [3.68, 9.98, 8.63],
			"rotation": {"angle": 0, "axis": "y", "origin": [2.96, 2.96, 2.96]},
			"faces": {
				"north": {"uv": [3.5, 3.5, 4, 6.5], "texture": "#0"},
				"east": {"uv": [0, 4, 0.5, 7], "texture": "#0"},
				"south": {"uv": [0.5, 4, 1, 7], "texture": "#0"},
				"west": {"uv": [1, 4, 1.5, 7], "texture": "#0"},
				"up": {"uv": [9.5, 9.5, 9, 9], "texture": "#0"},
				"down": {"uv": [0.5, 9.5, 0, 10], "texture": "#0"}
			}
		},
		{
			"from": [1.79, 6.2, 8],
			"to": [2.42, 9.98, 8.63],
			"rotation": {"angle": 0, "axis": "y", "origin": [2.96, 2.96, 2.96]},
			"faces": {
				"north": {"uv": [1.5, 4, 2, 7], "texture": "#0"},
				"east": {"uv": [2, 4, 2.5, 7], "texture": "#0"},
				"south": {"uv": [2.5, 4, 3, 7], "texture": "#0"},
				"west": {"uv": [3, 4, 3.5, 7], "texture": "#0"},
				"up": {"uv": [10, 0.5, 9.5, 0], "texture": "#0"},
				"down": {"uv": [1, 9.5, 0.5, 10], "texture": "#0"}
			}
		},
		{
			"from": [2.42, 5.57, 8],
			"to": [3.05, 9.98, 8.63],
			"rotation": {"angle": 0, "axis": "y", "origin": [2.96, 2.96, 2.96]},
			"faces": {
				"north": {"uv": [0, 0, 0.5, 3.5], "texture": "#0"},
				"east": {"uv": [0.5, 0, 1, 3.5], "texture": "#0"},
				"south": {"uv": [1, 0, 1.5, 3.5], "texture": "#0"},
				"west": {"uv": [1.5, 0, 2, 3.5], "texture": "#0"},
				"up": {"uv": [10, 1, 9.5, 0.5], "texture": "#0"},
				"down": {"uv": [1.5, 9.5, 1, 10], "texture": "#0"}
			}
		},
		{
			"from": [4.31, 10.61, 8],
			"to": [4.94, 11.87, 8.63],
			"rotation": {"angle": 0, "axis": "y", "origin": [2.96, 2.96, 2.96]},
			"faces": {
				"north": {"uv": [3, 7, 3.5, 8], "texture": "#0"},
				"east": {"uv": [7, 4, 7.5, 5], "texture": "#0"},
				"south": {"uv": [7, 5, 7.5, 6], "texture": "#0"},
				"west": {"uv": [7, 6, 7.5, 7], "texture": "#0"},
				"up": {"uv": [10, 1.5, 9.5, 1], "texture": "#0"},
				"down": {"uv": [10, 1.5, 9.5, 2], "texture": "#0"}
			}
		},
		{
			"from": [3.68, 10.61, 8],
			"to": [4.31, 11.87, 8.63],
			"rotation": {"angle": 0, "axis": "y", "origin": [2.96, 2.96, 2.96]},
			"faces": {
				"north": {"uv": [7, 7, 7.5, 8], "texture": "#0"},
				"east": {"uv": [0, 7.5, 0.5, 8.5], "texture": "#0"},
				"south": {"uv": [7.5, 0, 8, 1], "texture": "#0"},
				"west": {"uv": [0.5, 7.5, 1, 8.5], "texture": "#0"},
				"up": {"uv": [10, 2.5, 9.5, 2], "texture": "#0"},
				"down": {"uv": [3, 9.5, 2.5, 10], "texture": "#0"}
			}
		},
		{
			"from": [4.31, 11.87, 8],
			"to": [8.72, 12.5, 8.63],
			"rotation": {"angle": 0, "axis": "y", "origin": [2.96, 2.96, 2.96]},
			"faces": {
				"north": {"uv": [2, 0, 5.5, 0.5], "texture": "#0"},
				"east": {"uv": [9.5, 2.5, 10, 3], "texture": "#0"},
				"south": {"uv": [2, 0.5, 5.5, 1], "texture": "#0"},
				"west": {"uv": [9.5, 3, 10, 3.5], "texture": "#0"},
				"up": {"uv": [5.5, 1.5, 2, 1], "texture": "#0"},
				"down": {"uv": [5.5, 1.5, 2, 2], "texture": "#0"}
			}
		},
		{
			"from": [4.94, 10.61, 8],
			"to": [8.72, 11.24, 8.63],
			"rotation": {"angle": 0, "axis": "y", "origin": [2.96, 2.96, 2.96]},
			"faces": {
				"north": {"uv": [4, 3.5, 7, 4], "texture": "#0"},
				"east": {"uv": [3.5, 9.5, 4, 10], "texture": "#0"},
				"south": {"uv": [4, 4, 7, 4.5], "texture": "#0"},
				"west": {"uv": [9.5, 3.5, 10, 4], "texture": "#0"},
				"up": {"uv": [7, 5, 4, 4.5], "texture": "#0"},
				"down": {"uv": [7, 5, 4, 5.5], "texture": "#0"}
			}
		},
		{
			"from": [8.72, 9.98, 8],
			"to": [9.98, 11.24, 8.63],
			"rotation": {"angle": 0, "axis": "y", "origin": [2.96, 2.96, 2.96]},
			"faces": {
				"north": {"uv": [5, 5.5, 6, 6.5], "texture": "#0"},
				"east": {"uv": [1, 7.5, 1.5, 8.5], "texture": "#0"},
				"south": {"uv": [6, 5.5, 7, 6.5], "texture": "#0"},
				"west": {"uv": [7.5, 1, 8, 2], "texture": "#0"},
				"up": {"uv": [2.5, 8, 1.5, 7.5], "texture": "#0"},
				"down": {"uv": [8.5, 3, 7.5, 3.5], "texture": "#0"}
			}
		},
		{
			"from": [3.05, 4.94, 8],
			"to": [4.31, 6.2, 8.63],
			"rotation": {"angle": 0, "axis": "y", "origin": [2.96, 2.96, 2.96]},
			"faces": {
				"north": {"uv": [6.5, 0, 7.5, 1], "texture": "#0"},
				"east": {"uv": [2.5, 7.5, 3, 8.5], "texture": "#0"},
				"south": {"uv": [6.5, 1, 7.5, 2], "texture": "#0"},
				"west": {"uv": [3.5, 7.5, 4, 8.5], "texture": "#0"},
				"up": {"uv": [5, 8, 4, 7.5], "texture": "#0"},
				"down": {"uv": [8.5, 4, 7.5, 4.5], "texture": "#0"}
			}
		},
		{
			"from": [9.98, 9.35, 8],
			"to": [10.61, 10.61, 8.63],
			"rotation": {"angle": 0, "axis": "y", "origin": [2.96, 2.96, 2.96]},
			"faces": {
				"north": {"uv": [7.5, 4.5, 8, 5.5], "texture": "#0"},
				"east": {"uv": [5, 7.5, 5.5, 8.5], "texture": "#0"},
				"south": {"uv": [5.5, 7.5, 6, 8.5], "texture": "#0"},
				"west": {"uv": [7.5, 5.5, 8, 6.5], "texture": "#0"},
				"up": {"uv": [10, 4.5, 9.5, 4], "texture": "#0"},
				"down": {"uv": [10, 4.5, 9.5, 5], "texture": "#0"}
			}
		},
		{
			"from": [3.68, 4.31, 8],
			"to": [4.94, 4.94, 8.63],
			"rotation": {"angle": 0, "axis": "y", "origin": [2.96, 2.96, 2.96]},
			"faces": {
				"north": {"uv": [6, 7.5, 7, 8], "texture": "#0"},
				"east": {"uv": [5, 9.5, 5.5, 10], "texture": "#0"},
				"south": {"uv": [7.5, 6.5, 8.5, 7], "texture": "#0"},
				"west": {"uv": [9.5, 5, 10, 5.5], "texture": "#0"},
				"up": {"uv": [8.5, 7.5, 7.5, 7], "texture": "#0"},
				"down": {"uv": [8.5, 7.5, 7.5, 8], "texture": "#0"}
			}
		},
		{
			"from": [4.94, 11.24, 8],
			"to": [9.35, 11.87, 8.63],
			"rotation": {"angle": 0, "axis": "y", "origin": [2.96, 2.96, 2.96]},
			"faces": {
				"north": {"uv": [2, 2, 5.5, 2.5], "texture": "#0"},
				"east": {"uv": [5.5, 9.5, 6, 10], "texture": "#0"},
				"south": {"uv": [2, 2.5, 5.5, 3], "texture": "#0"},
				"west": {"uv": [9.5, 5.5, 10, 6], "texture": "#0"},
				"up": {"uv": [5.5, 3.5, 2, 3], "texture": "#0"},
				"down": {"uv": [3.5, 3.5, 0, 4], "texture": "#0"}
			}
		},
		{
			"from": [4.94, 8.72, 8],
			"to": [5.57, 9.98, 8.63],
			"rotation": {"angle": 0, "axis": "y", "origin": [2.96, 2.96, 2.96]},
			"faces": {
				"north": {"uv": [8, 0, 8.5, 1], "texture": "#0"},
				"east": {"uv": [8, 1, 8.5, 2], "texture": "#0"},
				"south": {"uv": [1.5, 8, 2, 9], "texture": "#0"},
				"west": {"uv": [2, 8, 2.5, 9], "texture": "#0"},
				"up": {"uv": [10, 6.5, 9.5, 6], "texture": "#0"},
				"down": {"uv": [7, 9.5, 6.5, 10], "texture": "#0"}
			}
		},
		{
			"from": [4.31, 8.72, 8],
			"to": [4.94, 9.35, 8.63],
			"rotation": {"angle": 0, "axis": "y", "origin": [2.96, 2.96, 2.96]},
			"faces": {
				"north": {"uv": [9.5, 6.5, 10, 7], "texture": "#0"},
				"east": {"uv": [7, 9.5, 7.5, 10], "texture": "#0"},
				"south": {"uv": [9.5, 7, 10, 7.5], "texture": "#0"},
				"west": {"uv": [7.5, 9.5, 8, 10], "texture": "#0"},
				"up": {"uv": [10, 8, 9.5, 7.5], "texture": "#0"},
				"down": {"uv": [8.5, 9.5, 8, 10], "texture": "#0"}
			}
		},
		{
			"from": [10.61, 3.05, 8],
			"to": [11.24, 4.31, 8.63],
			"rotation": {"angle": 0, "axis": "y", "origin": [2.96, 2.96, 2.96]},
			"faces": {
				"north": {"uv": [8, 2, 8.5, 3], "texture": "#0"},
				"east": {"uv": [3, 8, 3.5, 9], "texture": "#0"},
				"south": {"uv": [4, 8, 4.5, 9], "texture": "#0"},
				"west": {"uv": [4.5, 8, 5, 9], "texture": "#0"},
				"up": {"uv": [10, 8.5, 9.5, 8], "texture": "#0"},
				"down": {"uv": [9, 9.5, 8.5, 10], "texture": "#0"}
			}
		},
		{
			"from": [9.98, 3.05, 8],
			"to": [10.61, 3.68, 8.63],
			"rotation": {"angle": 0, "axis": "y", "origin": [2.96, 2.96, 2.96]},
			"faces": {
				"north": {"uv": [9.5, 8.5, 10, 9], "texture": "#0"},
				"east": {"uv": [9, 9.5, 9.5, 10], "texture": "#0"},
				"south": {"uv": [9.5, 9, 10, 9.5], "texture": "#0"},
				"west": {"uv": [9.5, 9.5, 10, 10], "texture": "#0"},
				"up": {"uv": [0.5, 10.5, 0, 10], "texture": "#0"},
				"down": {"uv": [10.5, 0, 10, 0.5], "texture": "#0"}
			}
		},
		{
			"from": [11.24, 2.42, 8],
			"to": [11.87, 3.68, 8.63],
			"rotation": {"angle": 0, "axis": "y", "origin": [2.96, 2.96, 2.96]},
			"faces": {
				"north": {"uv": [8, 4.5, 8.5, 5.5], "texture": "#0"},
				"east": {"uv": [8, 5.5, 8.5, 6.5], "texture": "#0"},
				"south": {"uv": [6, 8, 6.5, 9], "texture": "#0"},
				"west": {"uv": [6.5, 8, 7, 9], "texture": "#0"},
				"up": {"uv": [1, 10.5, 0.5, 10], "texture": "#0"},
				"down": {"uv": [10.5, 0.5, 10, 1], "texture": "#0"}
			}
		},
		{
			"from": [10.61, 2.42, 8],
			"to": [11.24, 3.05, 8.63],
			"rotation": {"angle": 0, "axis": "y", "origin": [2.96, 2.96, 2.96]},
			"faces": {
				"north": {"uv": [1, 10, 1.5, 10.5], "texture": "#0"},
				"east": {"uv": [10, 1, 10.5, 1.5], "texture": "#0"},
				"south": {"uv": [1.5, 10, 2, 10.5], "texture": "#0"},
				"west": {"uv": [10, 1.5, 10.5, 2], "texture": "#0"},
				"up": {"uv": [2.5, 10.5, 2, 10], "texture": "#0"},
				"down": {"uv": [10.5, 2, 10, 2.5], "texture": "#0"}
			}
		},
		{
			"from": [9.35, 3.68, 8],
			"to": [9.98, 4.31, 8.63],
			"rotation": {"angle": 0, "axis": "y", "origin": [2.96, 2.96, 2.96]},
			"faces": {
				"north": {"uv": [2.5, 10, 3, 10.5], "texture": "#0"},
				"east": {"uv": [10, 2.5, 10.5, 3], "texture": "#0"},
				"south": {"uv": [3, 10, 3.5, 10.5], "texture": "#0"},
				"west": {"uv": [10, 3, 10.5, 3.5], "texture": "#0"},
				"up": {"uv": [4, 10.5, 3.5, 10], "texture": "#0"},
				"down": {"uv": [10.5, 3.5, 10, 4], "texture": "#0"}
			}
		},
		{
			"from": [9.98, 3.68, 8],
			"to": [10.61, 4.94, 8.63],
			"rotation": {"angle": 0, "axis": "y", "origin": [2.96, 2.96, 2.96]},
			"faces": {
				"north": {"uv": [7, 8, 7.5, 9], "texture": "#0"},
				"east": {"uv": [7.5, 8, 8, 9], "texture": "#0"},
				"south": {"uv": [8, 8, 8.5, 9], "texture": "#0"},
				"west": {"uv": [0, 8.5, 0.5, 9.5], "texture": "#0"},
				"up": {"uv": [4.5, 10.5, 4, 10], "texture": "#0"},
				"down": {"uv": [10.5, 4, 10, 4.5], "texture": "#0"}
			}
		},
		{
			"from": [7.46, 5.57, 8],
			"to": [8.09, 6.2, 8.63],
			"rotation": {"angle": 0, "axis": "y", "origin": [2.96, 2.96, 2.96]},
			"faces": {
				"north": {"uv": [4.5, 10, 5, 10.5], "texture": "#0"},
				"east": {"uv": [10, 4.5, 10.5, 5], "texture": "#0"},
				"south": {"uv": [5, 10, 5.5, 10.5], "texture": "#0"},
				"west": {"uv": [10, 5, 10.5, 5.5], "texture": "#0"},
				"up": {"uv": [6, 10.5, 5.5, 10], "texture": "#0"},
				"down": {"uv": [10.5, 5.5, 10, 6], "texture": "#0"}
			}
		},
		{
			"from": [8.09, 5.57, 8],
			"to": [8.72, 6.83, 8.63],
			"rotation": {"angle": 0, "axis": "y", "origin": [2.96, 2.96, 2.96]},
			"faces": {
				"north": {"uv": [8.5, 0, 9, 1], "texture": "#0"},
				"east": {"uv": [0.5, 8.5, 1, 9.5], "texture": "#0"},
				"south": {"uv": [1, 8.5, 1.5, 9.5], "texture": "#0"},
				"west": {"uv": [8.5, 1, 9, 2], "texture": "#0"},
				"up": {"uv": [6.5, 10.5, 6, 10], "texture": "#0"},
				"down": {"uv": [10.5, 6, 10, 6.5], "texture": "#0"}
			}
		},
		{
			"from": [6.83, 6.2, 8],
			"to": [7.46, 6.83, 8.63],
			"rotation": {"angle": 0, "axis": "y", "origin": [2.96, 2.96, 2.96]},
			"faces": {
				"north": {"uv": [6.5, 10, 7, 10.5], "texture": "#0"},
				"east": {"uv": [10, 6.5, 10.5, 7], "texture": "#0"},
				"south": {"uv": [7, 10, 7.5, 10.5], "texture": "#0"},
				"west": {"uv": [10, 7, 10.5, 7.5], "texture": "#0"},
				"up": {"uv": [8, 10.5, 7.5, 10], "texture": "#0"},
				"down": {"uv": [10.5, 7.5, 10, 8], "texture": "#0"}
			}
		},
		{
			"from": [8.72, 4.94, 8],
			"to": [9.35, 6.2, 8.63],
			"rotation": {"angle": 0, "axis": "y", "origin": [2.96, 2.96, 2.96]},
			"faces": {
				"north": {"uv": [8.5, 2, 9, 3], "texture": "#0"},
				"east": {"uv": [2.5, 8.5, 3, 9.5], "texture": "#0"},
				"south": {"uv": [8.5, 3, 9, 4], "texture": "#0"},
				"west": {"uv": [3.5, 8.5, 4, 9.5], "texture": "#0"},
				"up": {"uv": [8.5, 10.5, 8, 10], "texture": "#0"},
				"down": {"uv": [10.5, 8, 10, 8.5], "texture": "#0"}
			}
		},
		{
			"from": [8.09, 4.94, 8],
			"to": [8.72, 5.57, 8.63],
			"rotation": {"angle": 0, "axis": "y", "origin": [2.96, 2.96, 2.96]},
			"faces": {
				"north": {"uv": [8.5, 10, 9, 10.5], "texture": "#0"},
				"east": {"uv": [10, 8.5, 10.5, 9], "texture": "#0"},
				"south": {"uv": [9, 10, 9.5, 10.5], "texture": "#0"},
				"west": {"uv": [10, 9, 10.5, 9.5], "texture": "#0"},
				"up": {"uv": [10, 10.5, 9.5, 10], "texture": "#0"},
				"down": {"uv": [10.5, 9.5, 10, 10], "texture": "#0"}
			}
		},
		{
			"from": [9.35, 4.31, 8],
			"to": [9.98, 5.57, 8.63],
			"rotation": {"angle": 0, "axis": "y", "origin": [2.96, 2.96, 2.96]},
			"faces": {
				"north": {"uv": [8.5, 4, 9, 5], "texture": "#0"},
				"east": {"uv": [5, 8.5, 5.5, 9.5], "texture": "#0"},
				"south": {"uv": [8.5, 5, 9, 6], "texture": "#0"},
				"west": {"uv": [5.5, 8.5, 6, 9.5], "texture": "#0"},
				"up": {"uv": [10.5, 10.5, 10, 10], "texture": "#0"},
				"down": {"uv": [0.5, 10.5, 0, 11], "texture": "#0"}
			}
		},
		{
			"from": [8.72, 4.31, 8],
			"to": [9.35, 4.94, 8.63],
			"rotation": {"angle": 0, "axis": "y", "origin": [2.96, 2.96, 2.96]},
			"faces": {
				"north": {"uv": [10.5, 0, 11, 0.5], "texture": "#0"},
				"east": {"uv": [0.5, 10.5, 1, 11], "texture": "#0"},
				"south": {"uv": [10.5, 0.5, 11, 1], "texture": "#0"},
				"west": {"uv": [1, 10.5, 1.5, 11], "texture": "#0"},
				"up": {"uv": [11, 1.5, 10.5, 1], "texture": "#0"},
				"down": {"uv": [2, 10.5, 1.5, 11], "texture": "#0"}
			}
		},
		{
			"from": [7.46, 6.2, 8],
			"to": [8.09, 7.46, 8.63],
			"rotation": {"angle": 0, "axis": "y", "origin": [2.96, 2.96, 2.96]},
			"faces": {
				"north": {"uv": [8.5, 6, 9, 7], "texture": "#0"},
				"east": {"uv": [8.5, 7, 9, 8], "texture": "#0"},
				"south": {"uv": [8.5, 8, 9, 9], "texture": "#0"},
				"west": {"uv": [9, 0, 9.5, 1], "texture": "#0"},
				"up": {"uv": [11, 2, 10.5, 1.5], "texture": "#0"},
				"down": {"uv": [2.5, 10.5, 2, 11], "texture": "#0"}
			}
		},
		{
			"from": [6.2, 6.83, 8],
			"to": [6.83, 7.46, 8.63],
			"rotation": {"angle": 0, "axis": "y", "origin": [2.96, 2.96, 2.96]},
			"faces": {
				"north": {"uv": [10.5, 2, 11, 2.5], "texture": "#0"},
				"east": {"uv": [2.5, 10.5, 3, 11], "texture": "#0"},
				"south": {"uv": [10.5, 2.5, 11, 3], "texture": "#0"},
				"west": {"uv": [3, 10.5, 3.5, 11], "texture": "#0"},
				"up": {"uv": [11, 3.5, 10.5, 3], "texture": "#0"},
				"down": {"uv": [4, 10.5, 3.5, 11], "texture": "#0"}
			}
		},
		{
			"from": [6.83, 6.83, 8],
			"to": [7.46, 8.09, 8.63],
			"rotation": {"angle": 0, "axis": "y", "origin": [2.96, 2.96, 2.96]},
			"faces": {
				"north": {"uv": [9, 1, 9.5, 2], "texture": "#0"},
				"east": {"uv": [1.5, 9, 2, 10], "texture": "#0"},
				"south": {"uv": [2, 9, 2.5, 10], "texture": "#0"},
				"west": {"uv": [9, 2, 9.5, 3], "texture": "#0"},
				"up": {"uv": [11, 4, 10.5, 3.5], "texture": "#0"},
				"down": {"uv": [4.5, 10.5, 4, 11], "texture": "#0"}
			}
		},
		{
			"from": [5.57, 7.46, 8],
			"to": [6.2, 8.09, 8.63],
			"rotation": {"angle": 0, "axis": "y", "origin": [2.96, 2.96, 2.96]},
			"faces": {
				"north": {"uv": [10.5, 4, 11, 4.5], "texture": "#0"},
				"east": {"uv": [4.5, 10.5, 5, 11], "texture": "#0"},
				"south": {"uv": [10.5, 4.5, 11, 5], "texture": "#0"},
				"west": {"uv": [5, 10.5, 5.5, 11], "texture": "#0"},
				"up": {"uv": [11, 5.5, 10.5, 5], "texture": "#0"},
				"down": {"uv": [6, 10.5, 5.5, 11], "texture": "#0"}
			}
		},
		{
			"from": [6.2, 7.46, 8],
			"to": [6.83, 8.72, 8.63],
			"rotation": {"angle": 0, "axis": "y", "origin": [2.96, 2.96, 2.96]},
			"faces": {
				"north": {"uv": [3, 9, 3.5, 10], "texture": "#0"},
				"east": {"uv": [9, 3, 9.5, 4], "texture": "#0"},
				"south": {"uv": [4, 9, 4.5, 10], "texture": "#0"},
				"west": {"uv": [9, 4, 9.5, 5], "texture": "#0"},
				"up": {"uv": [11, 6, 10.5, 5.5], "texture": "#0"},
				"down": {"uv": [6.5, 10.5, 6, 11], "texture": "#0"}
			}
		},
		{
			"from": [5.57, 8.09, 8],
			"to": [6.2, 9.35, 8.63],
			"rotation": {"angle": 0, "axis": "y", "origin": [2.96, 2.96, 2.96]},
			"faces": {
				"north": {"uv": [4.5, 9, 5, 10], "texture": "#0"},
				"east": {"uv": [9, 5, 9.5, 6], "texture": "#0"},
				"south": {"uv": [6, 9, 6.5, 10], "texture": "#0"},
				"west": {"uv": [9, 6, 9.5, 7], "texture": "#0"},
				"up": {"uv": [11, 6.5, 10.5, 6], "texture": "#0"},
				"down": {"uv": [7, 10.5, 6.5, 11], "texture": "#0"}
			}
		},
		{
			"from": [4.94, 8.09, 8],
			"to": [5.57, 8.72, 8.63],
			"rotation": {"angle": 0, "axis": "y", "origin": [2.96, 2.96, 2.96]},
			"faces": {
				"north": {"uv": [10.5, 6.5, 11, 7], "texture": "#0"},
				"east": {"uv": [7, 10.5, 7.5, 11], "texture": "#0"},
				"south": {"uv": [10.5, 7, 11, 7.5], "texture": "#0"},
				"west": {"uv": [7.5, 10.5, 8, 11], "texture": "#0"},
				"up": {"uv": [11, 8, 10.5, 7.5], "texture": "#0"},
				"down": {"uv": [8.5, 10.5, 8, 11], "texture": "#0"}
			}
		}
	],
	"display": {
		"thirdperson_righthand": {
			"rotation": [0, -90, -45],
			"translation": [0, 3.5, 3],
			"scale": [1.5, 1.5, 1.5]
		},
		"thirdperson_lefthand": {
			"rotation": [-45, 90, 90],
			"translation": [-0.75, 3.25, 2.75],
			"scale": [1.5, 1.5, 1.5]
		},
		"firstperson_righthand": {
			"rotation": [38.25, -80, -15],
			"translation": [2.25, 1.75, 1]
		},
		"firstperson_lefthand": {
			"rotation": [31.25, 453.75, 15],
			"translation": [4.5, 2, 0.75]
		},
		"ground": {
			"translation": [0, 1.75, 0]
		},
		"gui": {
			"rotation": [0, -180, 0],
			"translation": [-2, 0.75, 0],
			"scale": [1.5, 1.5, 1.5]
		},
		"head": {
			"translation": [0, 11.75, 0]
		},
		"fixed": {
			"translation": [1.75, 0.25, -1],
			"scale": [1.5, 1.5, 1.5]
		}
	},
	"groups": [
		{
			"name": "Ice Pickaxe",
			"origin": [8, 8, 8],
			"children": [0, 1, 2, 3, 4, 5, 6, 7, 8, 9, 10, 11, 12, 13, 14, 15, 16,
				{
					"name": "Stick",
					"origin": [0, 0, 0],
					"children": [17, 18, 19, 20, 21, 22, 23, 24, 25, 26, 27, 28, 29, 30, 31, 32, 33, 34, 35, 36, 37, 38]
				}
			]
		}
	]
}