{
	"credit": "Made with Blockbench",
	"ambientocclusion": false,
	"texture_size": [64, 64],
	"textures": {
		"0": "diamond_xmas:/diamond_xmas/santaplushie",
		"particle": "diamond_xmas:/diamond_xmas/santaplushie"
	},
	"elements": [
		{
			"from": [6.625, 0.2, 6.35],
			"to": [7.725, 1.3, 8],
			"rotation": {"angle": 0, "axis": "y", "origin": [3.6, 3.6, 3.6]},
			"faces": {
				"north": {"uv": [4.25, 7.25, 4.75, 7.75], "texture": "#0"},
				"east": {"uv": [6.5, 1, 7.25, 1.5], "texture": "#0"},
				"south": {"uv": [0, 7.5, 0.5, 8], "texture": "#0"},
				"west": {"uv": [6.5, 1.5, 7.25, 2], "texture": "#0"},
				"up": {"uv": [4.25, 5.25, 3.75, 4.5], "texture": "#0"},
				"down": {"uv": [3.25, 6.5, 2.75, 7.25], "texture": "#0"}
			}
		},
		{
			"from": [8.275, 0.2, 6.35],
			"to": [9.375, 1.3, 8],
			"rotation": {"angle": 0, "axis": "y", "origin": [3.6, 3.6, 3.6]},
			"faces": {
				"north": {"uv": [0.5, 7.5, 1, 8], "texture": "#0"},
				"east": {"uv": [3.25, 6.5, 4, 7], "texture": "#0"},
				"south": {"uv": [1, 7.5, 1.5, 8], "texture": "#0"},
				"west": {"uv": [4, 6.5, 4.75, 7], "texture": "#0"},
				"up": {"uv": [6.25, 7.5, 5.75, 6.75], "texture": "#0"},
				"down": {"uv": [6.75, 6.75, 6.25, 7.5], "texture": "#0"}
			}
		},
		{
			"from": [6.625, 0.2, 8],
			"to": [9.375, 3.5, 10.2],
			"rotation": {"angle": 0, "axis": "y", "origin": [3.6, 3.6, 3.6]},
			"faces": {
				"north": {"uv": [3, 3, 4.25, 4.5], "texture": "#0"},
				"east": {"uv": [4.5, 1.25, 5.5, 2.75], "texture": "#0"},
				"south": {"uv": [0, 3.5, 1.25, 5], "texture": "#0"},
				"west": {"uv": [2.75, 4.5, 3.75, 6], "texture": "#0"},
				"up": {"uv": [2.5, 5.75, 1.25, 4.75], "texture": "#0"},
				"down": {"uv": [1.25, 5, 0, 6], "texture": "#0"}
			}
		},
		{
			"from": [6.4875, 3.5, 7.5875],
			"to": [9.5125, 5.975, 10.75],
			"rotation": {"angle": 0, "axis": "y", "origin": [3.6, 3.6, 3.6]},
			"faces": {
				"north": {"uv": [4.25, 4.25, 5.75, 5.5], "texture": "#0"},
				"east": {"uv": [1.25, 3.5, 2.75, 4.75], "texture": "#0"},
				"south": {"uv": [4.5, 0, 6, 1.25], "texture": "#0"},
				"west": {"uv": [4.25, 3, 5.75, 4.25], "texture": "#0"},
				"up": {"uv": [1.5, 3.5, 0, 2], "texture": "#0"},
				"down": {"uv": [3, 2, 1.5, 3.5], "texture": "#0"}
			}
		},
		{
			"from": [9.375, 0.3375, 8.55],
			"to": [10.475, 3.5, 9.65],
			"rotation": {"angle": 0, "axis": "y", "origin": [3.6, 3.6, 3.6]},
			"faces": {
				"north": {"uv": [4.75, 5.5, 5.25, 7], "texture": "#0"},
				"east": {"uv": [5.25, 5.5, 5.75, 7], "texture": "#0"},
				"south": {"uv": [1.25, 5.75, 1.75, 7.25], "texture": "#0"},
				"west": {"uv": [1.75, 5.75, 2.25, 7.25], "texture": "#0"},
				"up": {"uv": [2, 8, 1.5, 7.5], "texture": "#0"},
				"down": {"uv": [2.5, 7.5, 2, 8], "texture": "#0"}
			}
		},
		{
			"from": [5.525, 0.3375, 8.55],
			"to": [6.625, 3.5, 9.65],
			"rotation": {"angle": 0, "axis": "y", "origin": [3.6, 3.6, 3.6]},
			"faces": {
				"north": {"uv": [2.25, 5.75, 2.75, 7.25], "texture": "#0"},
				"east": {"uv": [5.75, 2.25, 6.25, 3.75], "texture": "#0"},
				"south": {"uv": [5.75, 3.75, 6.25, 5.25], "texture": "#0"},
				"west": {"uv": [5.75, 5.25, 6.25, 6.75], "texture": "#0"},
				"up": {"uv": [3, 8, 2.5, 7.5], "texture": "#0"},
				"down": {"uv": [3.5, 7.5, 3, 8], "texture": "#0"}
			}
		},
		{
			"from": [7.5875, 4.325, 7.3125],
			"to": [8.4125, 4.7375, 7.5875],
			"rotation": {"angle": 0, "axis": "y", "origin": [3.6, 3.6, 3.6]},
			"faces": {
				"north": {"uv": [3.75, 5.25, 4.25, 5.5], "texture": "#0"},
				"east": {"uv": [2.25, 8.25, 2.5, 8.5], "texture": "#0"},
				"south": {"uv": [6, 1, 6.5, 1.25], "texture": "#0"},
				"west": {"uv": [2.5, 8.25, 2.75, 8.5], "texture": "#0"},
				"up": {"uv": [2.5, 8.25, 2, 8], "texture": "#0"},
				"down": {"uv": [8.5, 2, 8, 2.25], "texture": "#0"}
			}
		},
		{
			"from": [6.4875, 5.975, 7.3125],
			"to": [9.5125, 6.8, 11.025],
			"rotation": {"angle": 0, "axis": "y", "origin": [3.6, 3.6, 3.6]},
			"faces": {
				"north": {"uv": [6.25, 4.75, 7.75, 5.25], "texture": "#0"},
				"east": {"uv": [6, 0, 8, 0.5], "texture": "#0"},
				"south": {"uv": [6.25, 5.25, 7.75, 5.75], "texture": "#0"},
				"west": {"uv": [6, 0.5, 8, 1], "texture": "#0"},
				"up": {"uv": [1.5, 2, 0, 0], "texture": "#0"},
				"down": {"uv": [3, 0, 1.5, 2], "texture": "#0"}
			}
		},
		{
			"from": [9.5125, 5.975, 7.5875],
			"to": [9.7875, 6.8, 10.75],
			"rotation": {"angle": 0, "axis": "y", "origin": [3.6, 3.6, 3.6]},
			"faces": {
				"north": {"uv": [0.25, 8.25, 0.5, 8.75], "texture": "#0"},
				"east": {"uv": [6.25, 2.25, 7.75, 2.75], "texture": "#0"},
				"south": {"uv": [8.25, 0.25, 8.5, 0.75], "texture": "#0"},
				"west": {"uv": [6.25, 2.75, 7.75, 3.25], "texture": "#0"},
				"up": {"uv": [4.25, 9, 4, 7.5], "texture": "#0"},
				"down": {"uv": [4.5, 7.75, 4.25, 9.25], "texture": "#0"}
			}
		},
		{
			"from": [6.2125, 5.975, 7.5875],
			"to": [6.4875, 6.8, 10.75],
			"rotation": {"angle": 0, "axis": "y", "origin": [3.6, 3.6, 3.6]},
			"faces": {
				"north": {"uv": [0.5, 8.25, 0.75, 8.75], "texture": "#0"},
				"east": {"uv": [6.25, 3.25, 7.75, 3.75], "texture": "#0"},
				"south": {"uv": [0.75, 8.25, 1, 8.75], "texture": "#0"},
				"west": {"uv": [6.25, 3.75, 7.75, 4.25], "texture": "#0"},
				"up": {"uv": [4.75, 9.25, 4.5, 7.75], "texture": "#0"},
				"down": {"uv": [5, 7.75, 4.75, 9.25], "texture": "#0"}
			}
		},
		{
			"from": [6.4875, 6.8, 7.5875],
			"to": [9.5125, 7.35, 10.8875],
			"rotation": {"angle": 0, "axis": "y", "origin": [3.6, 3.6, 3.6]},
			"faces": {
				"north": {"uv": [3.25, 7, 4.75, 7.25], "texture": "#0"},
				"east": {"uv": [6.5, 2, 8, 2.25], "texture": "#0"},
				"south": {"uv": [6.75, 7, 8.25, 7.25], "texture": "#0"},
				"west": {"uv": [6.75, 6.75, 8.25, 7], "texture": "#0"},
				"up": {"uv": [4.5, 1.5, 3, 0], "texture": "#0"},
				"down": {"uv": [4.5, 1.5, 3, 3], "texture": "#0"}
			}
		},
		{
			"from": [6.4875, 7.35, 8.1375],
			"to": [7.0375, 7.9, 10.3375],
			"rotation": {"angle": 0, "axis": "y", "origin": [3.6, 3.6, 3.6]},
			"faces": {
				"north": {"uv": [2.5, 8, 2.75, 8.25], "texture": "#0"},
				"east": {"uv": [7.5, 4.25, 8.5, 4.5], "texture": "#0"},
				"south": {"uv": [2.75, 8, 3, 8.25], "texture": "#0"},
				"west": {"uv": [7.5, 4.5, 8.5, 4.75], "texture": "#0"},
				"up": {"uv": [3, 4.5, 2.75, 3.5], "texture": "#0"},
				"down": {"uv": [2.75, 4.75, 2.5, 5.75], "texture": "#0"}
			}
		},
		{
			"from": [8.9625, 7.35, 8.1375],
			"to": [9.5125, 7.9, 10.3375],
			"rotation": {"angle": 0, "axis": "y", "origin": [3.6, 3.6, 3.6]},
			"faces": {
				"north": {"uv": [3, 8, 3.25, 8.25], "texture": "#0"},
				"east": {"uv": [4.75, 7.5, 5.75, 7.75], "texture": "#0"},
				"south": {"uv": [3.25, 8, 3.5, 8.25], "texture": "#0"},
				"west": {"uv": [5.75, 7.5, 6.75, 7.75], "texture": "#0"},
				"up": {"uv": [3.75, 8.5, 3.5, 7.5], "texture": "#0"},
				"down": {"uv": [4, 7.5, 3.75, 8.5], "texture": "#0"}
			}
		},
		{
			"from": [7.0375, 7.9, 8.1375],
			"to": [8.9625, 8.45, 10.3375],
			"rotation": {"angle": 0, "axis": "y", "origin": [3.6, 3.6, 3.6]},
			"faces": {
				"north": {"uv": [6.75, 7.5, 7.75, 7.75], "texture": "#0"},
				"east": {"uv": [7.5, 6.25, 8.5, 6.5], "texture": "#0"},
				"south": {"uv": [7.75, 2.25, 8.75, 2.5], "texture": "#0"},
				"west": {"uv": [7.5, 6.5, 8.5, 6.75], "texture": "#0"},
				"up": {"uv": [6.5, 2.25, 5.5, 1.25], "texture": "#0"},
				"down": {"uv": [4.75, 5.5, 3.75, 6.5], "texture": "#0"}
			}
		},
		{
			"from": [5.9375, 8.45, 8.55],
			"to": [8.4125, 9, 9.65],
			"rotation": {"angle": 0, "axis": "y", "origin": [3.6, 3.6, 3.6]},
			"faces": {
				"north": {"uv": [4.5, 2.75, 5.75, 3], "texture": "#0"},
				"east": {"uv": [7.75, 4, 8.25, 4.25], "texture": "#0"},
				"south": {"uv": [0, 7, 1.25, 7.25], "texture": "#0"},
				"west": {"uv": [7, 7.75, 7.5, 8], "texture": "#0"},
				"up": {"uv": [1.25, 6.5, 0, 6], "texture": "#0"},
				"down": {"uv": [7.5, 4.25, 6.25, 4.75], "texture": "#0"}
			}
		},
		{
			"from": [5.9375, 9, 8.6875],
			"to": [8.4125, 9.1375, 9.5125],
			"rotation": {"angle": 0, "axis": "y", "origin": [3.6, 3.6, 3.6]},
			"faces": {
				"north": {"uv": [7.75, 3.5, 9, 3.75], "texture": "#0"},
				"east": {"uv": [1, 8.25, 1.5, 8.5], "texture": "#0"},
				"south": {"uv": [7.75, 3.75, 9, 4], "texture": "#0"},
				"west": {"uv": [1.5, 8.25, 2, 8.5], "texture": "#0"},
				"up": {"uv": [7.5, 6.75, 6.25, 6.25], "texture": "#0"},
				"down": {"uv": [1.25, 6.5, 0, 7], "texture": "#0"}
			}
		},
		{
			"from": [5.6625, 7.9, 8.6875],
			"to": [6.2125, 8.45, 9.5125],
			"rotation": {"angle": 0, "axis": "y", "origin": [3.6, 3.6, 3.6]},
			"faces": {
				"north": {"uv": [7, 8, 7.25, 8.25], "texture": "#0"},
				"east": {"uv": [0, 8, 0.5, 8.25], "texture": "#0"},
				"south": {"uv": [7.25, 8, 7.5, 8.25], "texture": "#0"},
				"west": {"uv": [8, 0, 8.5, 0.25], "texture": "#0"},
				"up": {"uv": [5.75, 2.75, 5.5, 2.25], "texture": "#0"},
				"down": {"uv": [8.25, 0.25, 8, 0.75], "texture": "#0"}
			}
		},
		{
			"from": [5.525, 7.9, 8.825],
			"to": [5.6625, 8.45, 9.375],
			"rotation": {"angle": 0, "axis": "y", "origin": [3.6, 3.6, 3.6]},
			"faces": {
				"north": {"uv": [2.75, 8.25, 3, 8.5], "texture": "#0"},
				"east": {"uv": [8, 7.25, 8.25, 7.5], "texture": "#0"},
				"south": {"uv": [3, 8.25, 3.25, 8.5], "texture": "#0"},
				"west": {"uv": [7.5, 8, 7.75, 8.25], "texture": "#0"},
				"up": {"uv": [3.5, 8.5, 3.25, 8.25], "texture": "#0"},
				"down": {"uv": [8.5, 4, 8.25, 4.25], "texture": "#0"}
			}
		},
		{
			"from": [5.8, 8.45, 8.6875],
			"to": [5.9375, 9, 9.5125],
			"rotation": {"angle": 0, "axis": "y", "origin": [3.6, 3.6, 3.6]},
			"faces": {
				"north": {"uv": [8.25, 4.75, 8.5, 5], "texture": "#0"},
				"east": {"uv": [0.5, 8, 1, 8.25], "texture": "#0"},
				"south": {"uv": [5, 8.25, 5.25, 8.5], "texture": "#0"},
				"west": {"uv": [8, 0.75, 8.5, 1], "texture": "#0"},
				"up": {"uv": [8.5, 2, 8.25, 1.5], "texture": "#0"},
				"down": {"uv": [2.25, 8.25, 2, 8.75], "texture": "#0"}
			}
		},
		{
			"from": [4.975, 7.075, 8.6875],
			"to": [5.8, 7.9, 9.5125],
			"rotation": {"angle": 0, "axis": "y", "origin": [3.6, 3.6, 3.6]},
			"faces": {
				"north": {"uv": [7.75, 4.75, 8.25, 5.25], "texture": "#0"},
				"east": {"uv": [5, 7.75, 5.5, 8.25], "texture": "#0"},
				"south": {"uv": [7.75, 5.25, 8.25, 5.75], "texture": "#0"},
				"west": {"uv": [5.5, 7.75, 6, 8.25], "texture": "#0"},
				"up": {"uv": [6.5, 8.25, 6, 7.75], "texture": "#0"},
				"down": {"uv": [7, 7.75, 6.5, 8.25], "texture": "#0"}
			}
		},
		{
			"from": [7.0375, 7.35, 9.7875],
			"to": [8.9625, 7.9, 10.8875],
			"rotation": {"angle": 0, "axis": "y", "origin": [3.6, 3.6, 3.6]},
			"faces": {
				"north": {"uv": [7.75, 2.5, 8.75, 2.75], "texture": "#0"},
				"east": {"uv": [7.5, 7.75, 8, 8], "texture": "#0"},
				"south": {"uv": [7.75, 2.75, 8.75, 3], "texture": "#0"},
				"west": {"uv": [7.75, 7.5, 8.25, 7.75], "texture": "#0"},
				"up": {"uv": [3.75, 6.5, 2.75, 6], "texture": "#0"},
				"down": {"uv": [7.25, 5.75, 6.25, 6.25], "texture": "#0"}
			}
		},
		{
			"from": [7.0375, 7.35, 7.5875],
			"to": [8.9625, 7.9, 8.4125],
			"rotation": {"angle": 0, "axis": "y", "origin": [3.6, 3.6, 3.6]},
			"faces": {
				"north": {"uv": [7.75, 3, 8.75, 3.25], "texture": "#0"},
				"east": {"uv": [1, 8, 1.5, 8.25], "texture": "#0"},
				"south": {"uv": [7.75, 3.25, 8.75, 3.5], "texture": "#0"},
				"west": {"uv": [1.5, 8, 2, 8.25], "texture": "#0"},
				"up": {"uv": [5.75, 7.5, 4.75, 7], "texture": "#0"},
				"down": {"uv": [8.25, 1.5, 7.25, 2], "texture": "#0"}
			}
		},
		{
			"from": [6.625, 2.95, 7.5875],
			"to": [9.375, 3.5, 8],
			"rotation": {"angle": 0, "axis": "y", "origin": [3.6, 3.6, 3.6]},
			"faces": {
				"north": {"uv": [0, 7.25, 1.5, 7.5], "texture": "#0"},
				"east": {"uv": [7.75, 8, 8, 8.25], "texture": "#0"},
				"south": {"uv": [7.25, 1, 8.75, 1.25], "texture": "#0"},
				"west": {"uv": [8, 7.75, 8.25, 8], "texture": "#0"},
				"up": {"uv": [8.75, 1.5, 7.25, 1.25], "texture": "#0"},
				"down": {"uv": [3, 7.25, 1.5, 7.5], "texture": "#0"}
			}
		},
		{
			"from": [6.9, 2.4, 7.5875],
			"to": [9.1, 2.95, 8],
			"rotation": {"angle": 0, "axis": "y", "origin": [3.6, 3.6, 3.6]},
			"faces": {
				"north": {"uv": [3, 7.25, 4.25, 7.5], "texture": "#0"},
				"east": {"uv": [8, 8, 8.25, 8.25], "texture": "#0"},
				"south": {"uv": [7.25, 5.75, 8.5, 6], "texture": "#0"},
				"west": {"uv": [0, 8.25, 0.25, 8.5], "texture": "#0"},
				"up": {"uv": [8.5, 6.25, 7.25, 6], "texture": "#0"},
				"down": {"uv": [8, 7.25, 6.75, 7.5], "texture": "#0"}
			}
		}
	],
	"display": {
		"thirdperson_righthand": {
			"translation": [0, 7.75, 1.75]
		},
		"thirdperson_lefthand": {
			"translation": [0, 7.75, 1.75]
		},
		"firstperson_righthand": {
			"rotation": [0, 90, -15],
			"translation": [-0.5, 7, 0]
		},
		"firstperson_lefthand": {
			"rotation": [0, 90, -15],
			"translation": [0, 7, 0]
		},
		"ground": {
			"translation": [0, 4, 0]
		},
		"gui": {
			"rotation": [0, 151, 0],
			"translation": [-1, 5.25, 0],
			"scale": [1.6, 1.6, 1.56]
		},
		"head": {
			"translation": [0, 18, -2.5],
			"scale": [1.5, 1.5, 1.5]
		},
		"fixed": {
			"translation": [0, 6.5, -0.5],
			"scale": [2, 2, 0]
		}
	},
	"groups": [
		{
			"name": "Santa Plushie",
			"origin": [8, 8, 8],
			"children": [0, 1, 2, 3, 4, 5, 6, 7, 8, 9, 10, 11, 12, 13, 14, 15, 16, 17, 18, 19, 20, 21, 22, 23]
		}
	]
}