{
	"credit": "Made with Blockbench",
	"ambientocclusion": false,
	"texture_size": [64, 64],
	"textures": {
		"0": "diamond_xmas:/diamond_xmas/snowmanplushie",
		"particle": "diamond_xmas:/diamond_xmas/nowmanplushie"
	},
	"elements": [
		{
			"from": [10, 0, 7],
			"to": [10.5, 3, 9],
			"rotation": {"angle": 0, "axis": "y", "origin": [4, 0, 4]},
			"faces": {
				"north": {"uv": [2, 6, 2.25, 7.5], "texture": "#0"},
				"east": {"uv": [4.5, 1.25, 5.5, 2.75], "texture": "#0"},
				"south": {"uv": [2.25, 6, 2.5, 7.5], "texture": "#0"},
				"west": {"uv": [1.5, 4.5, 2.5, 6], "texture": "#0"},
				"up": {"uv": [2.75, 5.5, 2.5, 4.5], "texture": "#0"},
				"down": {"uv": [3, 4.5, 2.75, 5.5], "texture": "#0"}
			}
		},
		{
			"from": [6.5, 0, 7],
			"to": [7, 3, 9],
			"rotation": {"angle": 0, "axis": "y", "origin": [4, 0, 4]},
			"faces": {
				"north": {"uv": [2.5, 7, 2.75, 8.5], "texture": "#0"},
				"east": {"uv": [4.5, 2.75, 5.5, 4.25], "texture": "#0"},
				"south": {"uv": [2.75, 7, 3, 8.5], "texture": "#0"},
				"west": {"uv": [4.5, 4.25, 5.5, 5.75], "texture": "#0"},
				"up": {"uv": [1.75, 8.25, 1.5, 7.25], "texture": "#0"},
				"down": {"uv": [2, 7.25, 1.75, 8.25], "texture": "#0"}
			}
		},
		{
			"from": [7, 0, 6.5],
			"to": [10, 3, 9.5],
			"rotation": {"angle": 0, "axis": "y", "origin": [4, 0, 4]},
			"faces": {
				"north": {"uv": [0, 0, 1.5, 1.5], "texture": "#0"},
				"east": {"uv": [0, 1.5, 1.5, 3], "texture": "#0"},
				"south": {"uv": [1.5, 0, 3, 1.5], "texture": "#0"},
				"west": {"uv": [1.5, 1.5, 3, 3], "texture": "#0"},
				"up": {"uv": [1.5, 4.5, 0, 3], "texture": "#0"},
				"down": {"uv": [4.5, 0, 3, 1.5], "texture": "#0"}
			}
		},
		{
			"from": [7.5, 0, 6],
			"to": [9.5, 3, 6.5],
			"rotation": {"angle": 0, "axis": "y", "origin": [4, 0, 4]},
			"faces": {
				"north": {"uv": [5.5, 1.25, 6.5, 2.75], "texture": "#0"},
				"east": {"uv": [3, 7, 3.25, 8.5], "texture": "#0"},
				"south": {"uv": [2.5, 5.5, 3.5, 7], "texture": "#0"},
				"west": {"uv": [3.25, 7, 3.5, 8.5], "texture": "#0"},
				"up": {"uv": [8.5, 3.25, 7.5, 3], "texture": "#0"},
				"down": {"uv": [8.5, 3.25, 7.5, 3.5], "texture": "#0"}
			}
		},
		{
			"from": [7.5, 0, 9.5],
			"to": [9.5, 3, 10],
			"rotation": {"angle": 0, "axis": "y", "origin": [4, 0, 4]},
			"faces": {
				"north": {"uv": [5.5, 2.75, 6.5, 4.25], "texture": "#0"},
				"east": {"uv": [3.5, 7, 3.75, 8.5], "texture": "#0"},
				"south": {"uv": [3.5, 5.5, 4.5, 7], "texture": "#0"},
				"west": {"uv": [3.75, 7, 4, 8.5], "texture": "#0"},
				"up": {"uv": [8.5, 3.75, 7.5, 3.5], "texture": "#0"},
				"down": {"uv": [8.5, 3.75, 7.5, 4], "texture": "#0"}
			}
		},
		{
			"from": [9.5, 0.5, 9.5],
			"to": [10, 2.5, 10],
			"rotation": {"angle": 0, "axis": "y", "origin": [4, 0, 4]},
			"faces": {
				"north": {"uv": [2, 7.5, 2.25, 8.5], "texture": "#0"},
				"east": {"uv": [2.25, 7.5, 2.5, 8.5], "texture": "#0"},
				"south": {"uv": [7.5, 4, 7.75, 5], "texture": "#0"},
				"west": {"uv": [7.5, 5, 7.75, 6], "texture": "#0"},
				"up": {"uv": [1.25, 6, 1, 5.75], "texture": "#0"},
				"down": {"uv": [1.5, 5.75, 1.25, 6], "texture": "#0"}
			}
		},
		{
			"from": [10, 0.5, 9],
			"to": [10.5, 2.5, 9.5],
			"rotation": {"angle": 0, "axis": "y", "origin": [4, 0, 4]},
			"faces": {
				"north": {"uv": [7.5, 6, 7.75, 7], "texture": "#0"},
				"east": {"uv": [6.5, 7.5, 6.75, 8.5], "texture": "#0"},
				"south": {"uv": [6.75, 7.5, 7, 8.5], "texture": "#0"},
				"west": {"uv": [7, 7.5, 7.25, 8.5], "texture": "#0"},
				"up": {"uv": [8.75, 1, 8.5, 0.75], "texture": "#0"},
				"down": {"uv": [8.75, 3.75, 8.5, 4], "texture": "#0"}
			}
		},
		{
			"from": [10, 0.5, 6.5],
			"to": [10.5, 2.5, 7],
			"rotation": {"angle": 0, "axis": "y", "origin": [4, 0, 4]},
			"faces": {
				"north": {"uv": [7.5, 7, 7.75, 8], "texture": "#0"},
				"east": {"uv": [7.25, 7.5, 7.5, 8.5], "texture": "#0"},
				"south": {"uv": [7.75, 4, 8, 5], "texture": "#0"},
				"west": {"uv": [7.75, 5, 8, 6], "texture": "#0"},
				"up": {"uv": [8.75, 4.25, 8.5, 4], "texture": "#0"},
				"down": {"uv": [8.75, 4.25, 8.5, 4.5], "texture": "#0"}
			}
		},
		{
			"from": [9.5, 0.5, 6],
			"to": [10, 2.5, 6.5],
			"rotation": {"angle": 0, "axis": "y", "origin": [4, 0, 4]},
			"faces": {
				"north": {"uv": [7.75, 6, 8, 7], "texture": "#0"},
				"east": {"uv": [7.75, 7, 8, 8], "texture": "#0"},
				"south": {"uv": [0, 8, 0.25, 9], "texture": "#0"},
				"west": {"uv": [8, 0, 8.25, 1], "texture": "#0"},
				"up": {"uv": [4.75, 8.75, 4.5, 8.5], "texture": "#0"},
				"down": {"uv": [8.75, 4.5, 8.5, 4.75], "texture": "#0"}
			}
		},
		{
			"from": [7, 0.5, 6],
			"to": [7.5, 2.5, 6.5],
			"rotation": {"angle": 0, "axis": "y", "origin": [4, 0, 4]},
			"faces": {
				"north": {"uv": [0.25, 8, 0.5, 9], "texture": "#0"},
				"east": {"uv": [0.5, 8, 0.75, 9], "texture": "#0"},
				"south": {"uv": [0.75, 8, 1, 9], "texture": "#0"},
				"west": {"uv": [8, 4, 8.25, 5], "texture": "#0"},
				"up": {"uv": [5, 8.75, 4.75, 8.5], "texture": "#0"},
				"down": {"uv": [8.75, 4.75, 8.5, 5], "texture": "#0"}
			}
		},
		{
			"from": [6.5, 0.5, 6.5],
			"to": [7, 2.5, 7],
			"rotation": {"angle": 0, "axis": "y", "origin": [4, 0, 4]},
			"faces": {
				"north": {"uv": [8, 5, 8.25, 6], "texture": "#0"},
				"east": {"uv": [5.5, 8, 5.75, 9], "texture": "#0"},
				"south": {"uv": [5.75, 8, 6, 9], "texture": "#0"},
				"west": {"uv": [6, 8, 6.25, 9], "texture": "#0"},
				"up": {"uv": [5.25, 8.75, 5, 8.5], "texture": "#0"},
				"down": {"uv": [5.5, 8.5, 5.25, 8.75], "texture": "#0"}
			}
		},
		{
			"from": [6.5, 0.5, 9],
			"to": [7, 2.5, 9.5],
			"rotation": {"angle": 0, "axis": "y", "origin": [4, 0, 4]},
			"faces": {
				"north": {"uv": [8, 6, 8.25, 7], "texture": "#0"},
				"east": {"uv": [6.25, 8, 6.5, 9], "texture": "#0"},
				"south": {"uv": [8, 7, 8.25, 8], "texture": "#0"},
				"west": {"uv": [7.5, 8, 7.75, 9], "texture": "#0"},
				"up": {"uv": [8.75, 5.75, 8.5, 5.5], "texture": "#0"},
				"down": {"uv": [8.75, 5.75, 8.5, 6], "texture": "#0"}
			}
		},
		{
			"from": [7, 0.5, 9.5],
			"to": [7.5, 2.5, 10],
			"rotation": {"angle": 0, "axis": "y", "origin": [4, 0, 4]},
			"faces": {
				"north": {"uv": [7.75, 8, 8, 9], "texture": "#0"},
				"east": {"uv": [8, 8, 8.25, 9], "texture": "#0"},
				"south": {"uv": [8.25, 0, 8.5, 1], "texture": "#0"},
				"west": {"uv": [1.5, 8.25, 1.75, 9.25], "texture": "#0"},
				"up": {"uv": [8.75, 6.25, 8.5, 6], "texture": "#0"},
				"down": {"uv": [8.75, 6.25, 8.5, 6.5], "texture": "#0"}
			}
		},
		{
			"from": [7.5, 3, 7],
			"to": [9.5, 5.5, 9],
			"rotation": {"angle": 0, "axis": "y", "origin": [4, 0, 4]},
			"faces": {
				"north": {"uv": [5.5, 4.25, 6.5, 5.5], "texture": "#0"},
				"east": {"uv": [5.5, 5.5, 6.5, 6.75], "texture": "#0"},
				"south": {"uv": [0, 5.75, 1, 7], "texture": "#0"},
				"west": {"uv": [4.5, 5.75, 5.5, 7], "texture": "#0"},
				"up": {"uv": [1, 8, 0, 7], "texture": "#0"},
				"down": {"uv": [8, 0, 7, 1], "texture": "#0"}
			}
		},
		{
			"from": [7, 3, 7],
			"to": [7.5, 5.5, 9],
			"rotation": {"angle": 0, "axis": "y", "origin": [4, 0, 4]},
			"faces": {
				"north": {"uv": [4, 7, 4.25, 8.25], "texture": "#0"},
				"east": {"uv": [6, 0, 7, 1.25], "texture": "#0"},
				"south": {"uv": [4.25, 7, 4.5, 8.25], "texture": "#0"},
				"west": {"uv": [1, 6, 2, 7.25], "texture": "#0"},
				"up": {"uv": [2, 9.25, 1.75, 8.25], "texture": "#0"},
				"down": {"uv": [4.25, 8.25, 4, 9.25], "texture": "#0"}
			}
		},
		{
			"from": [9.5, 3, 7],
			"to": [10, 5.5, 9],
			"rotation": {"angle": 0, "axis": "y", "origin": [4, 0, 4]},
			"faces": {
				"north": {"uv": [4.5, 7, 4.75, 8.25], "texture": "#0"},
				"east": {"uv": [6.5, 1.25, 7.5, 2.5], "texture": "#0"},
				"south": {"uv": [4.75, 7, 5, 8.25], "texture": "#0"},
				"west": {"uv": [6.5, 2.5, 7.5, 3.75], "texture": "#0"},
				"up": {"uv": [8.5, 5, 8.25, 4], "texture": "#0"},
				"down": {"uv": [4.5, 8.25, 4.25, 9.25], "texture": "#0"}
			}
		},
		{
			"from": [7.5, 3, 9],
			"to": [9.5, 5.5, 9.5],
			"rotation": {"angle": 0, "axis": "y", "origin": [4, 0, 4]},
			"faces": {
				"north": {"uv": [6.5, 3.75, 7.5, 5], "texture": "#0"},
				"east": {"uv": [5, 7, 5.25, 8.25], "texture": "#0"},
				"south": {"uv": [6.5, 5, 7.5, 6.25], "texture": "#0"},
				"west": {"uv": [5.25, 7, 5.5, 8.25], "texture": "#0"},
				"up": {"uv": [9.25, 1.25, 8.25, 1], "texture": "#0"},
				"down": {"uv": [5.5, 8.25, 4.5, 8.5], "texture": "#0"}
			}
		},
		{
			"from": [7.5, 3, 6.5],
			"to": [9.5, 5.5, 7],
			"rotation": {"angle": 0, "axis": "y", "origin": [4, 0, 4]},
			"faces": {
				"north": {"uv": [6.5, 6.25, 7.5, 7.5], "texture": "#0"},
				"east": {"uv": [1, 7.25, 1.25, 8.5], "texture": "#0"},
				"south": {"uv": [5.5, 6.75, 6.5, 8], "texture": "#0"},
				"west": {"uv": [1.25, 7.25, 1.5, 8.5], "texture": "#0"},
				"up": {"uv": [9.25, 5.25, 8.25, 5], "texture": "#0"},
				"down": {"uv": [9.25, 5.25, 8.25, 5.5], "texture": "#0"}
			}
		},
		{
			"from": [7, 3.5, 6.5],
			"to": [7.5, 5, 7],
			"rotation": {"angle": 0, "axis": "y", "origin": [4, 0, 4]},
			"faces": {
				"north": {"uv": [8.25, 5.5, 8.5, 6.25], "texture": "#0"},
				"east": {"uv": [8.25, 6.25, 8.5, 7], "texture": "#0"},
				"south": {"uv": [8.25, 7, 8.5, 7.75], "texture": "#0"},
				"west": {"uv": [8.25, 7.75, 8.5, 8.5], "texture": "#0"},
				"up": {"uv": [6.75, 8.75, 6.5, 8.5], "texture": "#0"},
				"down": {"uv": [8.75, 6.5, 8.5, 6.75], "texture": "#0"}
			}
		},
		{
			"from": [7, 3.5, 9],
			"to": [7.5, 5, 9.5],
			"rotation": {"angle": 0, "axis": "y", "origin": [4, 0, 4]},
			"faces": {
				"north": {"uv": [8.5, 0, 8.75, 0.75], "texture": "#0"},
				"east": {"uv": [1, 8.5, 1.25, 9.25], "texture": "#0"},
				"south": {"uv": [1.25, 8.5, 1.5, 9.25], "texture": "#0"},
				"west": {"uv": [2, 8.5, 2.25, 9.25], "texture": "#0"},
				"up": {"uv": [7, 8.75, 6.75, 8.5], "texture": "#0"},
				"down": {"uv": [8.75, 6.75, 8.5, 7], "texture": "#0"}
			}
		},
		{
			"from": [9.5, 3.5, 9],
			"to": [10, 5, 9.5],
			"rotation": {"angle": 0, "axis": "y", "origin": [4, 0, 4]},
			"faces": {
				"north": {"uv": [2.25, 8.5, 2.5, 9.25], "texture": "#0"},
				"east": {"uv": [2.5, 8.5, 2.75, 9.25], "texture": "#0"},
				"south": {"uv": [2.75, 8.5, 3, 9.25], "texture": "#0"},
				"west": {"uv": [3, 8.5, 3.25, 9.25], "texture": "#0"},
				"up": {"uv": [7.25, 8.75, 7, 8.5], "texture": "#0"},
				"down": {"uv": [8.75, 7, 8.5, 7.25], "texture": "#0"}
			}
		},
		{
			"from": [9.5, 3.5, 6.5],
			"to": [10, 5, 7],
			"rotation": {"angle": 0, "axis": "y", "origin": [4, 0, 4]},
			"faces": {
				"north": {"uv": [8.5, 3, 8.75, 3.75], "texture": "#0"},
				"east": {"uv": [3.25, 8.5, 3.5, 9.25], "texture": "#0"},
				"south": {"uv": [3.5, 8.5, 3.75, 9.25], "texture": "#0"},
				"west": {"uv": [3.75, 8.5, 4, 9.25], "texture": "#0"},
				"up": {"uv": [7.5, 8.75, 7.25, 8.5], "texture": "#0"},
				"down": {"uv": [8.75, 7.25, 8.5, 7.5], "texture": "#0"}
			}
		},
		{
			"from": [4.5, 5, 7.875],
			"to": [7, 5.5, 8.375],
			"rotation": {"angle": 45, "axis": "z", "origin": [7.125, 5.5, 8.125]},
			"faces": {
				"north": {"uv": [7, 1, 8.25, 1.25], "texture": "#0"},
				"east": {"uv": [8.5, 7.5, 8.75, 7.75], "texture": "#0"},
				"south": {"uv": [7.5, 1.25, 8.75, 1.5], "texture": "#0"},
				"west": {"uv": [8.5, 7.75, 8.75, 8], "texture": "#0"},
				"up": {"uv": [8.75, 1.75, 7.5, 1.5], "texture": "#0"},
				"down": {"uv": [8.75, 1.75, 7.5, 2], "texture": "#0"}
			}
		},
		{
			"from": [10.12868, 4.87132, 7.875],
			"to": [12.62868, 5.37132, 8.375],
			"rotation": {"angle": -45, "axis": "z", "origin": [10.125, 5.5, 8.125]},
			"faces": {
				"north": {"uv": [7.5, 2, 8.75, 2.25], "texture": "#0"},
				"east": {"uv": [8.5, 8, 8.75, 8.25], "texture": "#0"},
				"south": {"uv": [7.5, 2.25, 8.75, 2.5], "texture": "#0"},
				"west": {"uv": [8.25, 8.5, 8.5, 8.75], "texture": "#0"},
				"up": {"uv": [8.75, 2.75, 7.5, 2.5], "texture": "#0"},
				"down": {"uv": [8.75, 2.75, 7.5, 3], "texture": "#0"}
			}
		},
		{
			"from": [7, 5.5, 6.5],
			"to": [10, 8.5, 9.5],
			"rotation": {"angle": 0, "axis": "y", "origin": [4, 0, 4]},
			"faces": {
				"north": {"uv": [3, 3, 4.5, 4.25], "texture": "#0"},
				"east": {"uv": [3, 4.25, 4.5, 5.5], "texture": "#0"},
				"south": {"uv": [0, 4.5, 1.5, 5.75], "texture": "#0"},
				"west": {"uv": [4.5, 0, 6, 1.25], "texture": "#0"},
				"up": {"uv": [3, 4.5, 1.5, 3], "texture": "#0"},
				"down": {"uv": [4.5, 1.5, 3, 3], "texture": "#0"}
			}
		}
	],
	"display": {
		"thirdperson_righthand": {
			"translation": [-0.5, 8, 3]
		},
		"thirdperson_lefthand": {
			"translation": [0.5, 8, 3]
		},
		"firstperson_righthand": {
			"rotation": [-20, 10, 0],
			"translation": [0.5, 5.5, 0]
		},
		"firstperson_lefthand": {
			"rotation": [-20, 10, 0],
			"translation": [1, 5.5, 0]
		},
		"ground": {
			"translation": [0, 4.25, 0]
		},
		"gui": {
			"rotation": [0, 151, 0],
			"translation": [0.75, 5.25, 0],
			"scale": [1.5, 1.5, 1.69]
		},
		"head": {
			"translation": [-1.25, 22.5, 0],
			"scale": [2, 2, 2]
		},
		"fixed": {
			"translation": [-1, 8.25, -0.25],
			"scale": [2.2, 2.2, 0.49]
		}
	},
	"groups": [
		{
			"name": "Snow",
			"origin": [8, 8, 8],
			"children": [0, 1, 2, 3, 4, 5, 6, 7, 8, 9, 10, 11, 12, 13, 14, 15, 16, 17, 18, 19, 20, 21, 22, 23, 24]
		}
	]
}