{"textures":{"0":"modelengine:entity/pet_ghastling"},"elements":[{"from":[10.285714,6.857143,5.714286],"to":[10.285714,9.714286,10.285714],"rotation":{"angle":0.0,"axis":"y","origin":[8.0,6.857143,8.0]},"faces":{"east":{"uv":[8.0,4.0,12.0,6.5],"rotation":0,"texture":"#0","tintindex":0},"south":{"uv":[8.0,6.5,12.0,9.0],"rotation":0,"texture":"#0","tintindex":0},"north":{"uv":[8.0,6.5,12.0,9.0],"rotation":0,"texture":"#0","tintindex":0},"west":{"uv":[4.0,1.5,8.0,4.0],"rotation":0,"texture":"#0","tintindex":0},"up":{"uv":[8.0,4.0,4.0,0.0],"rotation":0,"texture":"#0","tintindex":0},"down":{"uv":[8.0,4.0,4.0,8.0],"rotation":0,"texture":"#0","tintindex":0}}},{"from":[5.714286,6.857143,5.714286],"to":[10.285714,9.714286,5.714286],"rotation":{"angle":0.0,"axis":"y","origin":[8.0,6.857143,8.0]},"faces":{"east":{"uv":[8.0,4.0,12.0,6.5],"rotation":0,"texture":"#0","tintindex":0},"south":{"uv":[8.0,0.0,12.0,2.5],"rotation":0,"texture":"#0","tintindex":0},"north":{"uv":[4.0,8.0,8.0,10.5],"rotation":0,"texture":"#0","tintindex":0},"west":{"uv":[8.0,9.0,12.0,11.5],"rotation":0,"texture":"#0","tintindex":0},"up":{"uv":[8.0,4.0,4.0,0.0],"rotation":0,"texture":"#0","tintindex":0},"down":{"uv":[8.0,4.0,4.0,8.0],"rotation":0,"texture":"#0","tintindex":0}}},{"from":[5.714286,6.857143,5.714286],"to":[5.714286,9.714286,10.285714],"rotation":{"angle":0.0,"axis":"y","origin":[8.0,6.857143,8.0]},"faces":{"east":{"uv":[8.0,1.5,4.0,4.0],"rotation":0,"texture":"#0","tintindex":0},"south":{"uv":[12.0,6.5,8.0,9.0],"rotation":0,"texture":"#0","tintindex":0},"north":{"uv":[12.0,6.5,8.0,9.0],"rotation":0,"texture":"#0","tintindex":0},"west":{"uv":[12.0,4.0,8.0,6.5],"rotation":0,"texture":"#0","tintindex":0},"up":{"uv":[4.0,4.0,8.0,0.0],"rotation":0,"texture":"#0","tintindex":0},"down":{"uv":[4.0,4.0,8.0,8.0],"rotation":0,"texture":"#0","tintindex":0}}},{"from":[5.714286,6.857143,10.285714],"to":[10.285714,9.714286,10.285714],"rotation":{"angle":0.0,"axis":"y","origin":[8.0,6.857143,8.0]},"faces":{"east":{"uv":[8.0,4.0,12.0,6.5],"rotation":0,"texture":"#0","tintindex":0},"south":{"uv":[4.0,5.5,8.0,8.0],"rotation":0,"texture":"#0","tintindex":0},"north":{"uv":[8.0,6.5,12.0,9.0],"rotation":0,"texture":"#0","tintindex":0},"west":{"uv":[8.0,9.0,12.0,11.5],"rotation":0,"texture":"#0","tintindex":0},"up":{"uv":[8.0,4.0,4.0,0.0],"rotation":0,"texture":"#0","tintindex":0},"down":{"uv":[8.0,4.0,4.0,8.0],"rotation":0,"texture":"#0","tintindex":0}}},{"from":[5.714286,6.857143,5.714286],"to":[10.285714,8.0,10.285714],"rotation":{"angle":0.0,"axis":"y","origin":[8.0,6.857143,8.0]},"faces":{"east":{"uv":[4.0,0.0,8.0,1.0],"rotation":0,"texture":"#0","tintindex":0},"south":{"uv":[4.0,0.0,8.0,1.0],"rotation":0,"texture":"#0","tintindex":0},"north":{"uv":[4.0,0.0,8.0,1.0],"rotation":0,"texture":"#0","tintindex":0},"west":{"uv":[4.0,0.0,8.0,1.0],"rotation":0,"texture":"#0","tintindex":0},"up":{"uv":[4.0,4.0,0.0,0.0],"rotation":0,"texture":"#0","tintindex":0},"down":{"uv":[4.0,4.0,0.0,8.0],"rotation":0,"texture":"#0","tintindex":0}}}],"display":{"head":{"translation":[0.0,-6.4,0.0],"scale":[4.0,4.0,4.0]}}}