{"textures":{"0":"modelengine:entity/pet_ghastling"},"elements":[{"from":[6.285714,6.285714,7.428571],"to":[7.428571,8.571428,8.571428],"rotation":{"angle":-22.5,"axis":"x","origin":[8.0,8.0,8.571428]},"faces":{"east":{"uv":[12.0,4.0,13.0,6.0],"rotation":0,"texture":"#0","tintindex":0},"south":{"uv":[12.0,6.0,13.0,8.0],"rotation":0,"texture":"#0","tintindex":0},"north":{"uv":[12.0,2.0,13.0,4.0],"rotation":0,"texture":"#0","tintindex":0},"west":{"uv":[12.0,8.0,13.0,10.0],"rotation":0,"texture":"#0","tintindex":0},"up":{"uv":[14.0,7.0,13.0,6.0],"rotation":0,"texture":"#0","tintindex":0},"down":{"uv":[14.0,7.0,13.0,8.0],"rotation":0,"texture":"#0","tintindex":0}}},{"from":[7.428571,6.285714,9.142858],"to":[8.571428,8.571428,10.285714],"rotation":{"angle":-22.5,"axis":"x","origin":[9.142858,8.0,10.285714]},"faces":{"east":{"uv":[7.0,12.5,8.0,14.5],"rotation":0,"texture":"#0","tintindex":0},"south":{"uv":[13.0,2.0,14.0,4.0],"rotation":0,"texture":"#0","tintindex":0},"north":{"uv":[6.0,12.5,7.0,14.5],"rotation":0,"texture":"#0","tintindex":0},"west":{"uv":[13.0,4.0,14.0,6.0],"rotation":0,"texture":"#0","tintindex":0},"up":{"uv":[14.0,11.0,13.0,10.0],"rotation":0,"texture":"#0","tintindex":0},"down":{"uv":[14.0,11.0,13.0,12.0],"rotation":0,"texture":"#0","tintindex":0}}},{"from":[8.571428,6.285714,6.857143],"to":[9.714286,8.571428,8.0],"rotation":{"angle":-22.5,"axis":"x","origin":[8.0,8.0,8.0]},"faces":{"east":{"uv":[12.0,12.0,13.0,14.0],"rotation":0,"texture":"#0","tintindex":0},"south":{"uv":[4.0,12.5,5.0,14.5],"rotation":0,"texture":"#0","tintindex":0},"north":{"uv":[12.0,10.0,13.0,12.0],"rotation":0,"texture":"#0","tintindex":0},"west":{"uv":[5.0,12.5,6.0,14.5],"rotation":0,"texture":"#0","tintindex":0},"up":{"uv":[14.0,9.0,13.0,8.0],"rotation":0,"texture":"#0","tintindex":0},"down":{"uv":[14.0,9.0,13.0,10.0],"rotation":0,"texture":"#0","tintindex":0}}}],"display":{"head":{"translation":[0.0,-6.4,0.0],"scale":[4.0,4.0,4.0]}}}