{"textures":{"0":"modelengine:entity/pet_ghastling"},"elements":[{"from":[5.714286,8.0,3.4285712],"to":[5.714286,10.285714,8.0],"rotation":{"angle":0.0,"axis":"y","origin":[8.0,5.714286,5.714286]},"faces":{"east":{"uv":[16.0,0.0,12.0,2.0],"rotation":0,"texture":"#0","tintindex":0},"south":{"uv":[0.0,12.0,4.0,14.0],"rotation":0,"texture":"#0","tintindex":0},"north":{"uv":[0.0,12.0,4.0,14.0],"rotation":0,"texture":"#0","tintindex":0},"west":{"uv":[12.0,11.5,8.0,13.5],"rotation":0,"texture":"#0","tintindex":0},"up":{"uv":[4.0,12.0,0.0,8.0],"rotation":0,"texture":"#0","tintindex":0},"down":{"uv":[16.0,14.0,14.0,16.0],"rotation":0,"texture":"#0","tintindex":0}}},{"from":[5.714286,8.0,3.4285712],"to":[10.285714,10.285714,3.4285712],"rotation":{"angle":0.0,"axis":"y","origin":[8.0,5.714286,5.714286]},"faces":{"east":{"uv":[8.0,11.5,12.0,13.5],"rotation":0,"texture":"#0","tintindex":0},"south":{"uv":[8.0,14.0,12.0,16.0],"rotation":0,"texture":"#0","tintindex":0},"north":{"uv":[4.0,10.5,8.0,12.5],"rotation":0,"texture":"#0","tintindex":0},"west":{"uv":[12.0,0.0,16.0,2.0],"rotation":0,"texture":"#0","tintindex":0},"up":{"uv":[4.0,12.0,0.0,8.0],"rotation":0,"texture":"#0","tintindex":0},"down":{"uv":[16.0,14.0,14.0,16.0],"rotation":0,"texture":"#0","tintindex":0}}},{"from":[10.285714,8.0,3.4285712],"to":[10.285714,10.285714,8.0],"rotation":{"angle":0.0,"axis":"y","origin":[8.0,5.714286,5.714286]},"faces":{"east":{"uv":[8.0,11.5,12.0,13.5],"rotation":0,"texture":"#0","tintindex":0},"south":{"uv":[0.0,12.0,4.0,14.0],"rotation":0,"texture":"#0","tintindex":0},"north":{"uv":[0.0,12.0,4.0,14.0],"rotation":0,"texture":"#0","tintindex":0},"west":{"uv":[12.0,0.0,16.0,2.0],"rotation":0,"texture":"#0","tintindex":0},"up":{"uv":[4.0,12.0,0.0,8.0],"rotation":0,"texture":"#0","tintindex":0},"down":{"uv":[16.0,14.0,14.0,16.0],"rotation":0,"texture":"#0","tintindex":0}}},{"from":[5.714286,9.142858,3.4285712],"to":[10.285714,10.285714,8.0],"rotation":{"angle":0.0,"axis":"y","origin":[8.0,10.285714,5.714286]},"faces":{"east":{"uv":[4.0,1.0,8.0,0.0],"rotation":0,"texture":"#0","tintindex":0},"south":{"uv":[4.0,1.0,8.0,0.0],"rotation":0,"texture":"#0","tintindex":0},"north":{"uv":[4.0,1.0,8.0,0.0],"rotation":0,"texture":"#0","tintindex":0},"west":{"uv":[4.0,1.0,8.0,0.0],"rotation":0,"texture":"#0","tintindex":0},"up":{"uv":[4.0,12.0,0.0,8.0],"rotation":0,"texture":"#0","tintindex":0},"down":{"uv":[4.0,0.0,0.0,4.0],"rotation":0,"texture":"#0","tintindex":0}}},{"from":[5.714286,8.0,8.0],"to":[10.285714,10.285714,8.0],"rotation":{"angle":0.0,"axis":"y","origin":[8.0,5.714286,5.714286]},"faces":{"east":{"uv":[8.0,11.5,12.0,13.5],"rotation":0,"texture":"#0","tintindex":0},"south":{"uv":[4.0,3.0,8.0,5.0],"rotation":0,"texture":"#0","tintindex":0},"north":{"uv":[0.0,12.0,4.0,14.0],"rotation":0,"texture":"#0","tintindex":0},"west":{"uv":[12.0,0.0,16.0,2.0],"rotation":0,"texture":"#0","tintindex":0},"up":{"uv":[4.0,12.0,0.0,8.0],"rotation":0,"texture":"#0","tintindex":0},"down":{"uv":[16.0,14.0,14.0,16.0],"rotation":0,"texture":"#0","tintindex":0}}}],"display":{"head":{"translation":[0.0,-6.4,0.0],"scale":[4.0,4.0,4.0]}}}