{
	"credit": "Made with Blockbench",
	"texture_size": [128, 128],
	"textures": {
		"0": "modelengine:entity/goblinking"
	},
	"elements": [
		{
			"from": [6, 2.2, 5.8],
			"to": [10, 8.6, 9.8],
			"rotation": {"angle": 0, "axis": "y", "origin": [9.2, 2.2, 5.8]},
			"faces": {
				"north": {"uv": [3.625, 7.625, 4.25, 8.625], "texture": "#0"},
				"east": {"uv": [2.875, 8.5, 3.5, 9.5], "texture": "#0"},
				"south": {"uv": [6.25, 8.5, 6.875, 9.5], "texture": "#0"},
				"west": {"uv": [6.875, 8.5, 7.5, 9.5], "texture": "#0"},
				"up": {"uv": [9.75, 7.75, 9.125, 7.125], "texture": "#0"},
				"down": {"uv": [2.875, 9.25, 2.25, 9.875], "texture": "#0"}
			}
		},
		{
			"from": [6, 2.2, 9.8],
			"to": [10, 8.6, 11.4],
			"rotation": {"angle": 0, "axis": "y", "origin": [9.2, 2.2, 13.8]},
			"faces": {
				"north": {"uv": [6.875, 8.5, 6.25, 9.5], "texture": "#0"},
				"east": {"uv": [11.875, 7.875, 11.625, 8.875], "texture": "#0"},
				"south": {"uv": [12.25, 7.625, 11.625, 8.625], "texture": "#0"},
				"west": {"uv": [11.5, 8.25, 11.25, 9.25], "texture": "#0"},
				"up": {"uv": [11.25, 9.875, 11.875, 9.625], "texture": "#0"},
				"down": {"uv": [2.875, 12.625, 3.5, 12.375], "texture": "#0"}
			}
		},
		{
			"from": [10, 2.2, 5.8],
			"to": [11.6, 8.6, 9.8],
			"rotation": {"angle": 0, "axis": "y", "origin": [10.8, 2.2, 5.8]},
			"faces": {
				"north": {"uv": [12.25, 8, 12, 9], "texture": "#0"},
				"east": {"uv": [12, 8.5, 11.375, 9.5], "texture": "#0"},
				"south": {"uv": [12.375, 8.25, 12.125, 9.25], "texture": "#0"},
				"west": {"uv": [3.5, 8.5, 2.875, 9.5], "texture": "#0"},
				"up": {"uv": [11.5, 8.375, 11.25, 9], "texture": "#0"},
				"down": {"uv": [3.25, 12.125, 3, 12.75], "texture": "#0"}
			}
		},
		{
			"from": [4.4, 2.2, 5.8],
			"to": [6, 8.6, 9.8],
			"rotation": {"angle": 0, "axis": "y", "origin": [5.2, 2.2, 5.8]},
			"faces": {
				"north": {"uv": [12, 8, 12.25, 9], "texture": "#0"},
				"east": {"uv": [2.875, 8.5, 3.5, 9.5], "texture": "#0"},
				"south": {"uv": [12.125, 8.25, 12.375, 9.25], "texture": "#0"},
				"west": {"uv": [11.375, 8.5, 12, 9.5], "texture": "#0"},
				"up": {"uv": [11.25, 8.375, 11.5, 9], "texture": "#0"},
				"down": {"uv": [3, 12.125, 3.25, 12.75], "texture": "#0"}
			}
		},
		{
			"from": [6, 2.2, 4.2],
			"to": [10, 8.6, 5.8],
			"rotation": {"angle": 0, "axis": "y", "origin": [9.2, 2.2, 1.8]},
			"faces": {
				"north": {"uv": [11.625, 7.625, 12.25, 8.625], "texture": "#0"},
				"east": {"uv": [11.625, 7.875, 11.875, 8.875], "texture": "#0"},
				"south": {"uv": [6.25, 8.5, 6.875, 9.5], "texture": "#0"},
				"west": {"uv": [11.25, 8.25, 11.5, 9.25], "texture": "#0"},
				"up": {"uv": [11.25, 9.625, 11.875, 9.875], "texture": "#0"},
				"down": {"uv": [2.875, 12.375, 3.5, 12.625], "texture": "#0"}
			}
		}
	],
	"display": {
		"thirdperson_righthand": {
			"rotation": [0, 42, 0],
			"translation": [0, 6, 0]
		},
		"thirdperson_lefthand": {
			"rotation": [0, 42, 0],
			"translation": [0, 6, 0]
		},
		"firstperson_righthand": {
			"rotation": [-12, -16, 0],
			"translation": [0, 5.5, 0]
		},
		"firstperson_lefthand": {
			"rotation": [-12, -16, 0],
			"translation": [0, 5.5, 0]
		},
		"ground": {
			"translation": [0, 5, 0]
		},
		"gui": {
			"rotation": [34, 10, -17],
			"translation": [1.75, 3.5, 0],
			"scale": [1.75, 1.75, 1.75]
		},
		"head": {
			"translation": [0, 18, 0],
			"scale": [2, 2, 2]
		},
		"fixed": {
			"translation": [0, 2.5, -2]
		}
	}
}