{
	"credit": "Made with Blockbench",
	"texture_size": [128, 128],
	"textures": {
		"0": "modelengine:entity/goblinshaman"
	},
	"elements": [
		{
			"from": [0.8, 8.85, 2],
			"to": [5.6, 13.65, 3.6],
			"rotation": {"angle": 22.5, "axis": "y", "origin": [8, 21.65, 3.6]},
			"faces": {
				"north": {"uv": [6.625, 4, 6, 4.625], "texture": "#0"},
				"east": {"uv": [5.875, 7.125, 5.625, 7.75], "texture": "#0"},
				"south": {"uv": [4.25, 6.125, 3.625, 6.75], "texture": "#0"},
				"west": {"uv": [5.625, 7.125, 5.375, 7.75], "texture": "#0"},
				"up": {"uv": [5.875, 2.25, 6.5, 2], "texture": "#0"},
				"down": {"uv": [6.75, 6.5, 7.375, 6.75], "texture": "#0"}
			}
		},
		{
			"from": [0, -2.35, 3.6],
			"to": [8, 17.65, 5.2],
			"rotation": {"angle": 22.5, "axis": "y", "origin": [8, 0.85, 3.6]},
			"faces": {
				"north": {"uv": [1, 0, 0, 2.5], "texture": "#0"},
				"east": {"uv": [1.25, 5.125, 1, 7.625], "texture": "#0"},
				"south": {"uv": [2, 1, 1, 3.5], "texture": "#0"},
				"west": {"uv": [1, 5.125, 0.75, 7.625], "texture": "#0"},
				"up": {"uv": [6.25, 5.5, 7.25, 5.25], "texture": "#0"},
				"down": {"uv": [6.125, 6.75, 7.125, 7], "texture": "#0"}
			}
		},
		{
			"from": [10.06507, 8.85, 3.68381],
			"to": [14.86507, 13.65, 5.28381],
			"rotation": {"angle": -22.5, "axis": "y", "origin": [12.06507, 9.45, 5.28381]},
			"faces": {
				"north": {"uv": [6, 4, 6.625, 4.625], "texture": "#0"},
				"east": {"uv": [5.375, 7.125, 5.625, 7.75], "texture": "#0"},
				"south": {"uv": [3.625, 6.125, 4.25, 6.75], "texture": "#0"},
				"west": {"uv": [5.625, 7.125, 5.875, 7.75], "texture": "#0"},
				"up": {"uv": [6.5, 2.25, 5.875, 2], "texture": "#0"},
				"down": {"uv": [7.375, 6.5, 6.75, 6.75], "texture": "#0"}
			}
		},
		{
			"from": [7.66507, -2.35, 5.28381],
			"to": [15.66507, 17.65, 6.88381],
			"rotation": {"angle": -22.5, "axis": "y", "origin": [12.06507, 9.45, 5.28381]},
			"faces": {
				"north": {"uv": [0, 0, 1, 2.5], "texture": "#0"},
				"east": {"uv": [0.75, 5.125, 1, 7.625], "texture": "#0"},
				"south": {"uv": [1, 1, 2, 3.5], "texture": "#0"},
				"west": {"uv": [1, 5.125, 1.25, 7.625], "texture": "#0"},
				"up": {"uv": [7.25, 5.5, 6.25, 5.25], "texture": "#0"},
				"down": {"uv": [7.125, 6.75, 6.125, 7], "texture": "#0"}
			}
		},
		{
			"from": [8.5, 15.75, 8],
			"to": [14.5, 29, 8],
			"rotation": {"angle": -45, "axis": "z", "origin": [11.5, 16, 9]},
			"faces": {
				"north": {"uv": [0, 2.5, 0.75, 4.09375], "texture": "#0"},
				"east": {"uv": [9.25, 1.875, 9.375, 3.53125], "texture": "#0"},
				"south": {"uv": [0, 2.5, 0.75, 4.09375], "texture": "#0"},
				"west": {"uv": [9.375, 1.625, 9.5, 3.28125], "texture": "#0"},
				"up": {"uv": [2.25, 0.375, 3, 0.5], "texture": "#0"},
				"down": {"uv": [2.25, 0.25, 3, 0.375], "texture": "#0"}
			}
		},
		{
			"from": [5, 15.75, 6],
			"to": [11, 29, 6],
			"rotation": {"angle": 0, "axis": "x", "origin": [8, 13, 6]},
			"faces": {
				"north": {"uv": [0, 2.5, 0.75, 4.125], "texture": "#0"},
				"east": {"uv": [1.25, 5.125, 1.375, 6.75], "texture": "#0"},
				"south": {"uv": [0, 2.5, 0.75, 4.125], "texture": "#0"},
				"west": {"uv": [1.375, 5.125, 1.5, 6.75], "texture": "#0"},
				"up": {"uv": [11.125, 0.75, 10.375, 0.625], "texture": "#0"},
				"down": {"uv": [10.75, 2, 10, 2.125], "texture": "#0"}
			}
		},
		{
			"from": [0.25, 15.75, 8],
			"to": [6.25, 29, 8],
			"rotation": {"angle": 45, "axis": "z", "origin": [3.25, 16, 8]},
			"faces": {
				"north": {"uv": [0.75, 2.5, 0, 4.09375], "texture": "#0"},
				"east": {"uv": [0.125, 8.75, 0, 10.40625], "texture": "#0"},
				"south": {"uv": [0.75, 2.5, 0, 4.09375], "texture": "#0"},
				"west": {"uv": [0.125, 8.25, 0, 9.90625], "texture": "#0"},
				"up": {"uv": [11.25, 0.875, 10.5, 1], "texture": "#0"},
				"down": {"uv": [11, 2.375, 10.25, 2.5], "texture": "#0"}
			}
		}
	],
	"display": {
		"thirdperson_righthand": {
			"rotation": [55, 0, 0],
			"scale": [0.5, 0.5, 0.5]
		},
		"thirdperson_lefthand": {
			"rotation": [55, 0, 0],
			"scale": [0.5, 0.5, 0.5]
		},
		"firstperson_righthand": {
			"rotation": [-5, 115, -17],
			"translation": [0, 3.25, 0],
			"scale": [0.5, 0.5, 0.5]
		},
		"firstperson_lefthand": {
			"rotation": [-5, 115, -17],
			"translation": [0, 3.25, 0],
			"scale": [0.5, 0.5, 0.5]
		},
		"ground": {
			"rotation": [37, 0, 0],
			"translation": [0, 6, 0],
			"scale": [0.5, 0.5, 0.5]
		},
		"gui": {
			"rotation": [-36, 160, 34],
			"translation": [-2.25, -2.25, 0],
			"scale": [0.5, 0.5, 0.5]
		},
		"head": {
			"translation": [0, -2.5, -4.5],
			"scale": [1.25, 1.25, 1.25]
		},
		"fixed": {
			"scale": [1.25, 1.25, 1.25]
		}
	}
}