{"textures":{"0":"modelengine:entity/reindeer"},"elements":[{"from":[5.714286,1.1428566,9.142858],"to":[7.714286,6.285714,11.142858],"rotation":{"angle":-22.5,"axis":"x","origin":[4.0,0.5714283,2.2857141]},"faces":{"east":{"uv":[10.75,3.75,11.625,6.0],"rotation":0,"texture":"#0","tintindex":0},"south":{"uv":[11.0,11.0,11.875,13.25],"rotation":0,"texture":"#0","tintindex":0},"north":{"uv":[8.25,10.75,9.125,13.0],"rotation":0,"texture":"#0","tintindex":0},"west":{"uv":[11.0,6.0,11.875,8.25],"rotation":0,"texture":"#0","tintindex":0},"up":{"uv":[13.625,3.125,12.75,2.25],"rotation":0,"texture":"#0","tintindex":0},"down":{"uv":[13.625,3.25,12.75,4.125],"rotation":0,"texture":"#0","tintindex":0}}},{"from":[6.285714,0.5714283,8.571428],"to":[7.428571,5.142857,9.714286],"rotation":{"angle":0.0,"axis":"y","origin":[4.0,0.5714283,2.2857141]},"faces":{"east":{"uv":[12.5,4.25,13.0,6.25],"rotation":0,"texture":"#0","tintindex":0},"south":{"uv":[12.5,6.25,13.0,8.25],"rotation":0,"texture":"#0","tintindex":0},"north":{"uv":[12.5,12.5,13.0,14.5],"rotation":0,"texture":"#0","tintindex":0},"west":{"uv":[12.5,8.25,13.0,10.25],"rotation":0,"texture":"#0","tintindex":0},"up":{"uv":[14.0,5.75,13.5,5.25],"rotation":0,"texture":"#0","tintindex":0},"down":{"uv":[14.0,5.75,13.5,6.25],"rotation":0,"texture":"#0","tintindex":0}}}],"display":{"head":{"translation":[0.0,-6.4,0.0],"scale":[4.0,4.0,4.0]}}}