{"textures":{"0":"modelengine:entity/reindeer"},"elements":[{"from":[6.765714,6.4628572,6.48],"to":[9.234285,8.108571,8.948571],"rotation":{"angle":0.0,"axis":"y","origin":[8.0,8.142858,8.142858]},"faces":{"east":{"uv":[1.875,8.0,2.25,8.25],"rotation":0,"texture":"#0","tintindex":0},"south":{"uv":[8.0,3.25,8.375,3.5],"rotation":0,"texture":"#0","tintindex":0},"north":{"uv":[8.0,0.0,8.375,0.25],"rotation":0,"texture":"#0","tintindex":0},"west":{"uv":[6.75,8.0,7.125,8.25],"rotation":0,"texture":"#0","tintindex":0},"up":{"uv":[2.25,7.875,1.875,7.5],"rotation":0,"texture":"#0","tintindex":0},"down":{"uv":[7.875,3.375,7.5,3.75],"rotation":0,"texture":"#0","tintindex":0}}}],"display":{"head":{"translation":[0.0,-6.4,0.0],"scale":[4.0,4.0,4.0]}}}