{"textures":{"0":"modelengine:entity/reindeer"},"elements":[{"from":[5.5314283,5.2239842,3.8186636],"to":[10.468572,10.983984,7.93295],"rotation":{"angle":22.5,"axis":"x","origin":[8.0,7.6864843,7.626162]},"faces":{"east":{"uv":[0.875,4.625,1.5,5.5],"rotation":0,"texture":"#0","tintindex":0},"south":{"uv":[0.0,3.375,0.75,4.25],"rotation":0,"texture":"#0","tintindex":0},"north":{"uv":[2.875,3.125,3.625,4.0],"rotation":0,"texture":"#0","tintindex":0},"west":{"uv":[2.625,5.0,3.25,5.875],"rotation":0,"texture":"#0","tintindex":0},"up":{"uv":[4.125,5.875,3.375,5.25],"rotation":0,"texture":"#0","tintindex":0},"down":{"uv":[6.125,0.875,5.375,1.5],"rotation":0,"texture":"#0","tintindex":0}}},{"from":[8.0,2.9151063,3.2026129],"to":[8.0,7.0293927,7.3168993],"rotation":{"angle":0.0,"axis":"y","origin":[8.0,7.6864843,7.626162]},"faces":{"east":{"uv":[4.25,5.25,4.875,5.875],"rotation":0,"texture":"#0","tintindex":0},"south":{"uv":[8.75,2.375,8.75,3.0],"rotation":0,"texture":"#0","tintindex":0},"north":{"uv":[8.75,1.625,8.75,2.25],"rotation":0,"texture":"#0","tintindex":0},"west":{"uv":[5.375,1.625,6.0,2.25],"rotation":0,"texture":"#0","tintindex":0},"up":{"uv":[2.875,9.375,2.875,8.75],"rotation":0,"texture":"#0","tintindex":0},"down":{"uv":[3.0,8.75,3.0,9.375],"rotation":0,"texture":"#0","tintindex":0}}}],"display":{"head":{"translation":[0.0,-6.4,0.0],"scale":[4.0,4.0,4.0]}}}