{"textures":{"0":"modelengine:entity/reindeer"},"elements":[{"from":[5.9222856,7.5827093,5.697779],"to":[10.0365715,12.519853,10.634922],"rotation":{"angle":-45.0,"axis":"x","origin":[7.979429,8.00086,8.306307]},"faces":{"east":{"uv":[3.75,2.875,4.5,3.625],"rotation":0,"texture":"#0","tintindex":0},"south":{"uv":[0.0,5.25,0.625,6.0],"rotation":0,"texture":"#0","tintindex":0},"north":{"uv":[5.0,4.5,5.625,5.25],"rotation":0,"texture":"#0","tintindex":0},"west":{"uv":[3.75,3.75,4.5,4.5],"rotation":0,"texture":"#0","tintindex":0},"up":{"uv":[5.875,0.75,5.25,0.0],"rotation":0,"texture":"#0","tintindex":0},"down":{"uv":[2.25,5.25,1.625,6.0],"rotation":0,"texture":"#0","tintindex":0}}},{"from":[8.020572,4.1796656,2.2025232],"to":[8.020572,9.116809,7.139666],"rotation":{"angle":0.0,"axis":"y","origin":[7.979429,8.00086,8.306307]},"faces":{"east":{"uv":[3.625,2.0,4.375,2.75],"rotation":0,"texture":"#0","tintindex":0},"south":{"uv":[1.5,8.5,1.5,9.25],"rotation":0,"texture":"#0","tintindex":0},"north":{"uv":[1.375,8.5,1.375,9.25],"rotation":0,"texture":"#0","tintindex":0},"west":{"uv":[0.875,3.75,1.625,4.5],"rotation":0,"texture":"#0","tintindex":0},"up":{"uv":[6.625,9.25,6.625,8.5],"rotation":0,"texture":"#0","tintindex":0},"down":{"uv":[2.5,8.625,2.5,9.375],"rotation":0,"texture":"#0","tintindex":0}}}],"display":{"head":{"translation":[0.0,-6.4,0.0],"scale":[4.0,4.0,4.0]}}}