{"textures":{"0":"modelengine:entity/reindeer"},"elements":[{"from":[6.765714,3.697783,6.401302],"to":[9.234285,8.634926,9.692731],"rotation":{"angle":22.5,"axis":"x","origin":[7.8045716,8.139696,7.9663963]},"faces":{"east":{"uv":[1.25,5.625,0.75,6.375],"rotation":0,"texture":"#0","tintindex":0},"south":{"uv":[5.75,6.25,5.375,7.0],"rotation":0,"texture":"#0","tintindex":0},"north":{"uv":[5.25,6.25,4.875,7.0],"rotation":0,"texture":"#0","tintindex":0},"west":{"uv":[5.5,5.375,5.0,6.125],"rotation":0,"texture":"#0","tintindex":0},"up":{"uv":[1.5,7.25,1.875,6.75],"rotation":0,"texture":"#0","tintindex":0},"down":{"uv":[6.75,5.375,7.125,5.875],"rotation":0,"texture":"#0","tintindex":0}}}],"display":{"head":{"translation":[0.0,-6.4,0.0],"scale":[4.0,4.0,4.0]}}}