{"textures":{"0":"modelengine:entity/reindeer"},"elements":[{"from":[7.1977143,4.2285714,7.1771426],"to":[8.802286,8.342857,8.822857],"rotation":{"angle":0.0,"axis":"y","origin":[8.0,8.274285,8.110857]},"faces":{"east":{"uv":[3.375,7.0,3.125,7.625],"rotation":0,"texture":"#0","tintindex":0},"south":{"uv":[3.0,7.0,2.75,7.625],"rotation":0,"texture":"#0","tintindex":0},"north":{"uv":[2.625,7.0,2.375,7.625],"rotation":0,"texture":"#0","tintindex":0},"west":{"uv":[7.25,2.625,7.0,3.25],"rotation":0,"texture":"#0","tintindex":0},"up":{"uv":[6.75,8.625,7.0,8.375],"rotation":0,"texture":"#0","tintindex":0},"down":{"uv":[7.125,8.375,7.375,8.625],"rotation":0,"texture":"#0","tintindex":0}}}],"display":{"head":{"translation":[0.0,-6.4,0.0],"scale":[4.0,4.0,4.0]}}}