{"textures":{"0":"modelengine:entity/reindeer"},"elements":[{"from":[4.7085714,4.821803,-4.982335],"to":[11.291429,11.40466,2.42338],"rotation":{"angle":0.0,"axis":"y","origin":[8.0,7.109626,7.2909055]},"faces":{"east":{"uv":[1.125,1.125,0.0,2.125],"rotation":0,"texture":"#0","tintindex":0},"south":{"uv":[2.375,0.0,3.375,1.0],"rotation":0,"texture":"#0","tintindex":0},"north":{"uv":[0.0,2.25,1.0,3.25],"rotation":0,"texture":"#0","tintindex":0},"west":{"uv":[0.0,1.125,1.125,2.125],"rotation":0,"texture":"#0","tintindex":0},"up":{"uv":[2.25,1.125,1.25,0.0],"rotation":0,"texture":"#0","tintindex":0},"down":{"uv":[2.25,1.25,1.25,2.375],"rotation":0,"texture":"#0","tintindex":0}}},{"from":[5.5314283,5.64466,2.42338],"to":[10.468572,11.40466,9.829094],"rotation":{"angle":0.0,"axis":"y","origin":[8.0,7.109626,7.2909055]},"faces":{"east":{"uv":[2.375,1.125,3.5,2.0],"rotation":0,"texture":"#0","tintindex":0},"south":{"uv":[3.625,1.0,4.375,1.875],"rotation":0,"texture":"#0","tintindex":0},"north":{"uv":[3.5,0.0,4.25,0.875],"rotation":0,"texture":"#0","tintindex":0},"west":{"uv":[2.375,2.125,3.5,3.0],"rotation":0,"texture":"#0","tintindex":0},"up":{"uv":[1.875,3.625,1.125,2.5],"rotation":0,"texture":"#0","tintindex":0},"down":{"uv":[2.75,3.125,2.0,4.25],"rotation":0,"texture":"#0","tintindex":0}}},{"from":[6.765714,9.546573,8.038791],"to":[9.234285,12.015144,9.684505],"rotation":{"angle":22.5,"axis":"x","origin":[8.0,7.109626,7.2909055]},"faces":{"east":{"uv":[5.875,8.125,6.125,8.5],"rotation":0,"texture":"#0","tintindex":0},"south":{"uv":[7.625,5.375,8.0,5.75],"rotation":0,"texture":"#0","tintindex":0},"north":{"uv":[7.625,4.875,8.0,5.25],"rotation":0,"texture":"#0","tintindex":0},"west":{"uv":[8.125,6.0,8.375,6.375],"rotation":0,"texture":"#0","tintindex":0},"up":{"uv":[6.625,8.375,6.25,8.125],"rotation":0,"texture":"#0","tintindex":0},"down":{"uv":[8.5,6.5,8.125,6.75],"rotation":0,"texture":"#0","tintindex":0}}},{"from":[8.0,1.530374,-4.982335],"to":[8.0,4.821803,2.42338],"rotation":{"angle":0.0,"axis":"y","origin":[8.0,7.109626,7.2909055]},"faces":{"east":{"uv":[4.625,2.625,5.75,3.125],"rotation":0,"texture":"#0","tintindex":0},"south":{"uv":[3.25,8.75,3.25,9.25],"rotation":0,"texture":"#0","tintindex":0},"north":{"uv":[3.125,8.75,3.125,9.25],"rotation":0,"texture":"#0","tintindex":0},"west":{"uv":[4.625,3.25,5.75,3.75],"rotation":0,"texture":"#0","tintindex":0},"up":{"uv":[3.375,9.875,3.375,8.75],"rotation":0,"texture":"#0","tintindex":0},"down":{"uv":[3.5,8.75,3.5,9.875],"rotation":0,"texture":"#0","tintindex":0}}}],"display":{"head":{"translation":[0.0,-6.4,0.0],"scale":[4.0,4.0,4.0]}}}