{"textures":{"0":"modelengine:entity/snow_owl"},"elements":[{"from":[5.714286,8.142858,6.0],"to":[10.285714,11.0,10.0],"rotation":{"angle":0.0,"axis":"y","origin":[8.0,9.571428,8.0]},"faces":{"east":{"uv":[6.75,3.5,8.5,4.75],"rotation":0,"texture":"#0","tintindex":0},"south":{"uv":[4.5,5.5,6.5,6.75],"rotation":0,"texture":"#0","tintindex":0},"north":{"uv":[4.5,4.0,6.5,5.25],"rotation":0,"texture":"#0","tintindex":0},"west":{"uv":[6.75,5.0,8.5,6.25],"rotation":0,"texture":"#0","tintindex":0},"up":{"uv":[2.0,5.75,0.0,4.0],"rotation":0,"texture":"#0","tintindex":0},"down":{"uv":[4.25,4.0,2.25,5.75],"rotation":0,"texture":"#0","tintindex":0}}},{"from":[7.714286,8.142858,5.428571],"to":[8.285714,9.285714,6.0],"rotation":{"angle":0.0,"axis":"y","origin":[8.0,8.714286,5.714286]},"faces":{"east":{"uv":[8.75,4.0,9.0,4.5],"rotation":0,"texture":"#0","tintindex":0},"south":{"uv":[8.75,4.75,9.0,5.25],"rotation":0,"texture":"#0","tintindex":0},"north":{"uv":[6.25,7.0,6.5,7.5],"rotation":0,"texture":"#0","tintindex":0},"west":{"uv":[8.75,5.5,9.0,6.0],"rotation":0,"texture":"#0","tintindex":0},"up":{"uv":[6.5,9.0,6.25,8.75],"rotation":0,"texture":"#0","tintindex":0},"down":{"uv":[7.0,8.75,6.75,9.0],"rotation":0,"texture":"#0","tintindex":0}}}],"display":{"head":{"translation":[0.0,-6.4,0.0],"scale":[4.0,4.0,4.0]}}}