{"textures":{"0":"modelengine:entity/snow_owl"},"elements":[{"from":[7.857143,4.714286,6.285714],"to":[8.428572,8.142858,9.714286],"rotation":{"angle":0.0,"axis":"y","origin":[8.142858,6.428571,8.0]},"faces":{"east":{"uv":[3.25,6.0,1.75,7.5],"rotation":0,"texture":"#0","tintindex":0},"south":{"uv":[6.0,8.0,5.75,9.5],"rotation":0,"texture":"#0","tintindex":0},"north":{"uv":[3.25,7.75,3.0,9.25],"rotation":0,"texture":"#0","tintindex":0},"west":{"uv":[1.5,6.0,0.0,7.5],"rotation":0,"texture":"#0","tintindex":0},"up":{"uv":[8.25,2.75,8.5,1.25],"rotation":0,"texture":"#0","tintindex":0},"down":{"uv":[3.5,8.25,3.75,9.75],"rotation":0,"texture":"#0","tintindex":0}}},{"from":[8.428572,3.0,6.857143],"to":[8.428572,4.714286,9.714286],"rotation":{"angle":0.0,"axis":"y","origin":[8.428572,3.8571424,8.285714]},"faces":{"east":{"uv":[1.25,7.75,0.0,8.5],"rotation":0,"texture":"#0","tintindex":0},"south":{"uv":[2.75,8.75,2.75,9.5],"rotation":0,"texture":"#0","tintindex":0},"north":{"uv":[4.5,8.25,4.5,9.0],"rotation":0,"texture":"#0","tintindex":0},"west":{"uv":[0.0,7.75,1.25,8.5],"rotation":0,"texture":"#0","tintindex":0},"up":{"uv":[7.25,10.0,7.25,8.75],"rotation":0,"texture":"#0","tintindex":0},"down":{"uv":[7.5,8.75,7.5,10.0],"rotation":0,"texture":"#0","tintindex":0}}}],"display":{"head":{"translation":[0.0,-6.4,0.0],"scale":[4.0,4.0,4.0]}}}