{
	"providers": [
		{
			"type": "bitmap",
			"file": "minecraft:santa.png",
			"height": 48,
			"ascent": 5,
			"chars": [
				"🅾"
			]
		},
		{
			"type": "bitmap",
			"file": "minecraft:elf1.png",
			"height": 48,
			"ascent": 5,
			"chars": [
				"🃏"
			]
		},
		{
			"type": "bitmap",
			"file": "minecraft:elf2.png",
			"height": 48,
			"ascent": 5,
			"chars": [
				"🅰"
			]
		},
		{
			"type": "bitmap",
			"file": "minecraft:elf3.png",
			"height": 48,
			"ascent": 5,
			"chars": [
				"🀄"
			]
		}
	]
}