{"credit":"Made with Blockbench by yungwilder","texture_size":[32,32],"textures":{"1":"yungwilder:warden_set/hanging_details","particle":"yungwilder:warden_set/warden_bow","2_0":"yungwilder:warden_set/warden_bow"},"elements":[{"from":[7,3,7],"to":[9,9,9],"rotation":{"angle":0,"axis":"y","origin":[0,-5,0]},"faces":{"north":{"uv":[3,6.5,4,9.5],"texture":"#2_0"},"east":{"uv":[4,6.5,5,9.5],"texture":"#2_0"},"south":{"uv":[5,6.5,6,9.5],"texture":"#2_0"},"west":{"uv":[6,6.5,7,9.5],"texture":"#2_0"},"up":{"uv":[11,1,10,0],"texture":"#2_0"},"down":{"uv":[11,1,10,2],"texture":"#2_0"}}},{"from":[0.5,-9.5,8],"to":[1.5,6.5,8],"rotation":{"angle":0,"axis":"y","origin":[0,-5,0]},"faces":{"north":{"uv":[1,6.5,1.5,14.5],"texture":"#2_0"},"east":{"uv":[0,0,0,8],"texture":"#2_0"},"south":{"uv":[1.5,6.5,2,14.5],"texture":"#2_0"},"west":{"uv":[0,0,0,8],"texture":"#2_0"},"up":{"uv":[0.5,0,0,0],"texture":"#2_0"},"down":{"uv":[0.5,0,0,0],"texture":"#2_0"}}},{"from":[0.5,5.5,8],"to":[1.5,21.5,8],"rotation":{"angle":0,"axis":"y","origin":[0,-5,0]},"faces":{"north":{"uv":[2,6.5,2.5,14.5],"texture":"#2_0"},"east":{"uv":[0,0,0,8],"texture":"#2_0"},"south":{"uv":[2.5,6.5,3,14.5],"texture":"#2_0"},"west":{"uv":[0,0,0,8],"texture":"#2_0"},"up":{"uv":[0.5,0,0,0],"texture":"#2_0"},"down":{"uv":[0.5,0,0,0],"texture":"#2_0"}}},{"from":[8.86318,10.30329,7.25],"to":[10.86318,15.30329,8.75],"rotation":{"angle":-22.5,"axis":"z","origin":[7.16923,14.83507,8]},"faces":{"north":{"uv":[7,6,8,8.5],"texture":"#2_0"},"east":{"uv":[8,6,9,8.5],"texture":"#2_0"},"south":{"uv":[7,8.5,8,11],"texture":"#2_0"},"west":{"uv":[8,8.5,9,11],"texture":"#2_0"},"up":{"uv":[11,5,10,4],"texture":"#2_0"},"down":{"uv":[11,5,10,6],"texture":"#2_0"}}},{"from":[7.86318,11.30329,7.5],"to":[8.86318,15.30329,8.5],"rotation":{"angle":-22.5,"axis":"z","origin":[7.16923,14.83507,8]},"faces":{"north":{"uv":[11,10,11.5,12],"texture":"#2_0"},"east":{"uv":[11.5,10,12,12],"texture":"#2_0"},"south":{"uv":[12,0,12.5,2],"texture":"#2_0"},"west":{"uv":[12,2,12.5,4],"texture":"#2_0"},"up":{"uv":[10.5,12.5,10,12],"texture":"#2_0"},"down":{"uv":[12.5,10,12,10.5],"texture":"#2_0"}}},{"from":[1.62945,22.19287,7],"to":[3.62945,24.19287,9],"rotation":{"angle":-45,"axis":"z","origin":[2.62945,22.69287,8]},"faces":{"north":{"uv":[11,0,12,1],"texture":"#2_0"},"east":{"uv":[11,1,12,2],"texture":"#2_0"},"south":{"uv":[11,4,12,5],"texture":"#2_0"},"west":{"uv":[11,5,12,6],"texture":"#2_0"},"up":{"uv":[12,7,11,6],"texture":"#2_0"},"down":{"uv":[8,11,7,12],"texture":"#2_0"}}},{"from":[9.62945,22.19287,7],"to":[11.62945,24.19287,9],"rotation":{"angle":-45,"axis":"z","origin":[2.62945,22.69287,8]},"faces":{"north":{"uv":[11,0,12,1],"texture":"#2_0"},"east":{"uv":[11,1,12,2],"texture":"#2_0"},"south":{"uv":[11,4,12,5],"texture":"#2_0"},"west":{"uv":[11,5,12,6],"texture":"#2_0"},"up":{"uv":[12,7,11,6],"texture":"#2_0"},"down":{"uv":[8,11,7,12],"texture":"#2_0"}}},{"from":[7.01542,11.60148,7],"to":[9.01542,24.60148,9],"rotation":{"angle":45,"axis":"z","origin":[7.16923,14.83507,8]},"faces":{"north":{"uv":[0,0,1,6.5],"texture":"#2_0"},"east":{"uv":[1,0,2,6.5],"texture":"#2_0"},"south":{"uv":[2,0,3,6.5],"texture":"#2_0"},"west":{"uv":[3,0,4,6.5],"texture":"#2_0"},"up":{"uv":[11,7,10,6],"texture":"#2_0"},"down":{"uv":[11,7,10,8],"texture":"#2_0"}}},{"from":[5.26542,12.60148,9.25],"to":[9.26542,22.60148,6.75],"rotation":{"angle":45,"axis":"z","origin":[7.16923,14.83507,8]},"faces":{"north":{"uv":[0,0,5,2],"rotation":270,"texture":"#1"},"east":{"uv":[5,0.5,10,1.5],"rotation":270,"texture":"#1"},"south":{"uv":[0,3,5,5],"rotation":90,"texture":"#1"}}},{"from":[5.26542,12.60148,6.75],"to":[9.26542,22.60148,9.25],"rotation":{"angle":45,"axis":"z","origin":[7.16923,14.83507,8]},"faces":{"north":{"uv":[0,5,5,3],"rotation":90,"texture":"#1"},"east":{"uv":[5,1.5,10,0.5],"rotation":270,"texture":"#1"},"south":{"uv":[0,2,5,0],"rotation":270,"texture":"#1"}}},{"from":[8.25026,-9.14545,6.75],"to":[12.25026,0.85455,9.25],"rotation":{"angle":-45,"axis":"z","origin":[6.90407,1.49596,8.25]},"faces":{"north":{"uv":[5,0,0,2],"rotation":270,"texture":"#1"},"east":{"uv":[10,0.5,5,1.5],"rotation":270,"texture":"#1"},"south":{"uv":[5,3,0,5],"rotation":90,"texture":"#1"}}},{"from":[8.25026,-9.14545,9.25],"to":[12.25026,0.85455,6.75],"rotation":{"angle":-45,"axis":"z","origin":[6.90407,1.49596,7.75]},"faces":{"north":{"uv":[5,5,0,3],"rotation":90,"texture":"#1"},"east":{"uv":[10,1.5,5,0.5],"rotation":270,"texture":"#1"},"south":{"uv":[5,2,0,0],"rotation":270,"texture":"#1"}}},{"from":[6.01542,13.60148,7.5],"to":[7.01542,21.60148,8.5],"rotation":{"angle":45,"axis":"z","origin":[7.16923,14.83507,8]},"faces":{"north":{"uv":[3,9.5,3.5,13.5],"texture":"#2_0"},"east":{"uv":[3.5,9.5,4,13.5],"texture":"#2_0"},"south":{"uv":[4,9.5,4.5,13.5],"texture":"#2_0"},"west":{"uv":[4.5,9.5,5,13.5],"texture":"#2_0"},"up":{"uv":[10,12.5,9.5,12],"texture":"#2_0"},"down":{"uv":[12.5,9.5,12,10],"texture":"#2_0"}}},{"from":[8.86318,-3.30329,7.25],"to":[10.86318,1.69671,8.75],"rotation":{"angle":22.5,"axis":"z","origin":[7.16923,-2.83507,8]},"faces":{"north":{"uv":[9,0,10,2.5],"texture":"#2_0"},"east":{"uv":[9,2.5,10,5],"texture":"#2_0"},"south":{"uv":[9,5,10,7.5],"texture":"#2_0"},"west":{"uv":[9,7.5,10,10],"texture":"#2_0"},"up":{"uv":[11,10,10,9],"texture":"#2_0"},"down":{"uv":[11,10,10,11],"texture":"#2_0"}}},{"from":[7.86318,-3.30329,7.5],"to":[8.86318,0.69671,8.5],"rotation":{"angle":22.5,"axis":"z","origin":[7.16923,-2.83507,8]},"faces":{"north":{"uv":[12,4,12.5,6],"texture":"#2_0"},"east":{"uv":[12,6,12.5,8],"texture":"#2_0"},"south":{"uv":[7,12,7.5,14],"texture":"#2_0"},"west":{"uv":[7.5,12,8,14],"texture":"#2_0"},"up":{"uv":[11,12.5,10.5,12],"texture":"#2_0"},"down":{"uv":[12.5,10.5,12,11],"texture":"#2_0"}}},{"from":[7.01542,-12.60148,7],"to":[9.01542,0.39852,9],"rotation":{"angle":-45,"axis":"z","origin":[7.16923,-2.83507,8]},"faces":{"north":{"uv":[4,0,5,6.5],"texture":"#2_0"},"east":{"uv":[5,0,6,6.5],"texture":"#2_0"},"south":{"uv":[6,0,7,6.5],"texture":"#2_0"},"west":{"uv":[0,6.5,1,13],"texture":"#2_0"},"up":{"uv":[11,9,10,8],"texture":"#2_0"},"down":{"uv":[10,10,9,11],"texture":"#2_0"}}},{"from":[6.01542,-9.60148,7.5],"to":[7.01542,-1.60148,8.5],"rotation":{"angle":-45,"axis":"z","origin":[7.16923,-2.83507,8]},"faces":{"north":{"uv":[5,9.5,5.5,13.5],"texture":"#2_0"},"east":{"uv":[5.5,9.5,6,13.5],"texture":"#2_0"},"south":{"uv":[6,9.5,6.5,13.5],"texture":"#2_0"},"west":{"uv":[6.5,9.5,7,13.5],"texture":"#2_0"},"up":{"uv":[11.5,12.5,11,12],"texture":"#2_0"},"down":{"uv":[12.5,11,12,11.5],"texture":"#2_0"}}},{"from":[9.01542,-12.60148,7],"to":[11.01542,-10.60148,9],"rotation":{"angle":-45,"axis":"z","origin":[7.16923,-2.83507,8]},"faces":{"north":{"uv":[11,7,12,8],"texture":"#2_0"},"east":{"uv":[8,11,9,12],"texture":"#2_0"},"south":{"uv":[11,8,12,9],"texture":"#2_0"},"west":{"uv":[9,11,10,12],"texture":"#2_0"},"up":{"uv":[12,10,11,9],"texture":"#2_0"},"down":{"uv":[11,11,10,12],"texture":"#2_0"}}},{"from":[9.01542,-4.60148,7],"to":[11.01542,-2.60148,9],"rotation":{"angle":-45,"axis":"z","origin":[7.16923,-2.83507,8]},"faces":{"north":{"uv":[11,7,12,8],"texture":"#2_0"},"east":{"uv":[8,11,9,12],"texture":"#2_0"},"south":{"uv":[11,8,12,9],"texture":"#2_0"},"west":{"uv":[9,11,10,12],"texture":"#2_0"},"up":{"uv":[12,10,11,9],"texture":"#2_0"},"down":{"uv":[11,11,10,12],"texture":"#2_0"}}},{"from":[6.5,9,6.5],"to":[10.5,10,9.5],"faces":{"north":{"uv":[10,2,12,2.5],"texture":"#2_0"},"east":{"uv":[8,12,9.5,12.5],"texture":"#2_0"},"south":{"uv":[10,2.5,12,3],"texture":"#2_0"},"west":{"uv":[12,8,13.5,8.5],"texture":"#2_0"},"up":{"uv":[9,1.5,7,0],"texture":"#2_0"},"down":{"uv":[9,1.5,7,3],"texture":"#2_0"}}},{"from":[6.5,2,6.5],"to":[10.5,3,9.5],"faces":{"north":{"uv":[10,3,12,3.5],"texture":"#2_0"},"east":{"uv":[12,8.5,13.5,9],"texture":"#2_0"},"south":{"uv":[10,3.5,12,4],"texture":"#2_0"},"west":{"uv":[12,9,13.5,9.5],"texture":"#2_0"},"up":{"uv":[9,4.5,7,3],"texture":"#2_0"},"down":{"uv":[9,4.5,7,6],"texture":"#2_0"}}}],"gui_light":"front","display":{"thirdperson_righthand":{"rotation":[0,90,0],"translation":[0,-0.25,1],"scale":[0.85,0.85,0.85]},"thirdperson_lefthand":{"rotation":[0,-90,0],"translation":[0,-0.25,1],"scale":[0.85,0.85,0.85]},"firstperson_righthand":{"rotation":[15,115,0],"translation":[0,5,0],"scale":[0.45,0.45,0.45]},"firstperson_lefthand":{"rotation":[15,-65,0],"translation":[0,5,0],"scale":[0.45,0.45,0.45]},"ground":{"rotation":[65,0,0],"translation":[1,2,0],"scale":[0.35,0.35,0.35]},"gui":{"rotation":[25,-165,45],"translation":[-1,2,0],"scale":[0.5,0.5,0.5]},"head":{"rotation":[0,0,90],"translation":[-2,8,0]},"fixed":{"rotation":[0,0,45],"translation":[1.5,3,-1],"scale":[0.65,0.65,0.65]}},"groups":[{"name":"warden_bow","origin":[8,8,8],"color":0,"children":[0,1,2,3,4,5,6,7,8,9,10,11,12,13,14,15,16,17,18,19,20]}]}