{"textures":{"0":"modelengine:entity/invader"},"elements":[{"from":[5.428571,10.236693,6.71008],"to":[10.0,12.522408,10.138652],"rotation":{"angle":-45.0,"axis":"x","origin":[7.428571,11.379551,7.8529377]},"faces":{"east":{"uv":[1.5,4.25,3.0,5.25],"rotation":0,"texture":"#0","tintindex":0},"south":{"uv":[3.5,1.0,5.5,2.0],"rotation":0,"texture":"#0","tintindex":0},"north":{"uv":[3.5,0.0,5.5,1.0],"rotation":0,"texture":"#0","tintindex":0},"west":{"uv":[5.0,2.0,6.5,3.0],"rotation":0,"texture":"#0","tintindex":0},"up":{"uv":[2.0,1.5,0.0,0.0],"rotation":0,"texture":"#0","tintindex":0},"down":{"uv":[2.0,1.5,0.0,3.0],"rotation":0,"texture":"#0","tintindex":0}}},{"from":[6.857143,11.74646,6.3844604],"to":[8.571428,14.032175,8.098746],"rotation":{"angle":-22.5,"axis":"x","origin":[8.571428,13.317888,5.813032]},"faces":{"east":{"uv":[3.5,6.5,4.25,7.5],"rotation":0,"texture":"#0","tintindex":0},"south":{"uv":[0.0,6.75,0.75,7.75],"rotation":0,"texture":"#0","tintindex":0},"north":{"uv":[6.5,1.5,7.25,2.5],"rotation":0,"texture":"#0","tintindex":0},"west":{"uv":[0.75,6.75,1.5,7.75],"rotation":0,"texture":"#0","tintindex":0},"up":{"uv":[4.25,8.25,3.5,7.5],"rotation":0,"texture":"#0","tintindex":0},"down":{"uv":[5.0,7.5,4.25,8.25],"rotation":0,"texture":"#0","tintindex":0}}},{"from":[4.8571424,10.379551,7.281509],"to":[5.428571,12.665265,9.567224],"rotation":{"angle":-22.5,"axis":"x","origin":[5.142857,11.522408,8.424366]},"faces":{"east":{"uv":[5.5,1.0,6.5,2.0],"rotation":0,"texture":"#0","tintindex":0},"south":{"uv":[6.0,7.75,6.25,8.75],"rotation":0,"texture":"#0","tintindex":0},"north":{"uv":[7.25,1.5,7.5,2.5],"rotation":0,"texture":"#0","tintindex":0},"west":{"uv":[2.5,5.75,3.5,6.75],"rotation":0,"texture":"#0","tintindex":0},"up":{"uv":[1.25,9.25,1.0,8.25],"rotation":0,"texture":"#0","tintindex":0},"down":{"uv":[1.5,8.25,1.25,9.25],"rotation":0,"texture":"#0","tintindex":0}}},{"from":[10.0,10.379551,7.281509],"to":[10.571428,12.665265,9.567224],"rotation":{"angle":-22.5,"axis":"x","origin":[10.285714,11.522408,8.424366]},"faces":{"east":{"uv":[3.5,5.75,2.5,6.75],"rotation":0,"texture":"#0","tintindex":0},"south":{"uv":[6.25,7.75,6.0,8.75],"rotation":0,"texture":"#0","tintindex":0},"north":{"uv":[7.5,1.5,7.25,2.5],"rotation":0,"texture":"#0","tintindex":0},"west":{"uv":[6.5,1.0,5.5,2.0],"rotation":0,"texture":"#0","tintindex":0},"up":{"uv":[1.0,9.25,1.25,8.25],"rotation":0,"texture":"#0","tintindex":0},"down":{"uv":[1.25,8.25,1.5,9.25],"rotation":0,"texture":"#0","tintindex":0}}},{"from":[5.714286,9.714286,6.5714283],"to":[9.714286,11.428572,9.428572],"rotation":{"angle":0.0,"axis":"y","origin":[7.714286,12.0,7.714286]},"faces":{"east":{"uv":[3.5,5.75,4.75,6.5],"rotation":0,"texture":"#0","tintindex":0},"south":{"uv":[5.0,3.0,6.75,3.75],"rotation":0,"texture":"#0","tintindex":0},"north":{"uv":[3.0,5.0,4.75,5.75],"rotation":0,"texture":"#0","tintindex":0},"west":{"uv":[4.75,6.0,6.0,6.75],"rotation":0,"texture":"#0","tintindex":0},"up":{"uv":[1.75,4.25,0.0,3.0],"rotation":0,"texture":"#0","tintindex":0},"down":{"uv":[3.5,3.0,1.75,4.25],"rotation":0,"texture":"#0","tintindex":0}}},{"from":[6.5714283,8.571428,7.142857],"to":[8.857143,9.714286,8.857143],"rotation":{"angle":0.0,"axis":"y","origin":[8.0,12.571428,7.714286]},"faces":{"east":{"uv":[7.75,4.0,8.5,4.5],"rotation":0,"texture":"#0","tintindex":0},"south":{"uv":[1.0,7.75,2.0,8.25],"rotation":0,"texture":"#0","tintindex":0},"north":{"uv":[0.0,7.75,1.0,8.25],"rotation":0,"texture":"#0","tintindex":0},"west":{"uv":[7.75,4.5,8.5,5.0],"rotation":0,"texture":"#0","tintindex":0},"up":{"uv":[3.5,7.5,2.5,6.75],"rotation":0,"texture":"#0","tintindex":0},"down":{"uv":[7.75,2.5,6.75,3.25],"rotation":0,"texture":"#0","tintindex":0}}},{"from":[6.285714,6.857143,6.857143],"to":[9.142858,8.571428,9.142858],"rotation":{"angle":0.0,"axis":"y","origin":[8.0,7.714286,8.0]},"faces":{"east":{"uv":[4.25,6.75,5.25,7.5],"rotation":0,"texture":"#0","tintindex":0},"south":{"uv":[6.0,5.5,7.25,6.25],"rotation":0,"texture":"#0","tintindex":0},"north":{"uv":[6.0,4.75,7.25,5.5],"rotation":0,"texture":"#0","tintindex":0},"west":{"uv":[5.25,7.0,6.25,7.75],"rotation":0,"texture":"#0","tintindex":0},"up":{"uv":[6.25,4.75,5.0,3.75],"rotation":0,"texture":"#0","tintindex":0},"down":{"uv":[6.0,5.0,4.75,6.0],"rotation":0,"texture":"#0","tintindex":0}}}],"display":{"head":{"translation":[0.0,-6.4,0.0],"scale":[4.0,4.0,4.0]}}}