{"textures":{"0":"modelengine:entity/winterbeast"},"elements":[{"from":[3.7848358,-0.3294506,4.9142857],"to":[9.9562645,3.7848358,11.085714],"rotation":{"angle":0.0,"axis":"y","origin":[4.813407,17.156265,10.057143]},"faces":{"east":{"uv":[11.375,4.0,12.125,4.5],"rotation":0,"texture":"#0","tintindex":0},"south":{"uv":[11.5,11.5,12.25,12.0],"rotation":0,"texture":"#0","tintindex":0},"north":{"uv":[8.875,11.375,9.625,11.875],"rotation":0,"texture":"#0","tintindex":0},"west":{"uv":[11.5,5.25,12.25,5.75],"rotation":0,"texture":"#0","tintindex":0},"up":{"uv":[3.75,10.875,3.0,10.125],"rotation":0,"texture":"#0","tintindex":0},"down":{"uv":[10.875,5.625,10.125,6.375],"rotation":0,"texture":"#0","tintindex":0}}},{"from":[5.8419785,-0.3294506,3.885714],"to":[5.8419785,3.7848358,4.9142857],"rotation":{"angle":0.0,"axis":"y","origin":[4.813407,17.156265,10.057143]},"faces":{"east":{"uv":[8.75,12.375,8.875,12.875],"rotation":0,"texture":"#0","tintindex":0},"south":{"uv":[0.0,0.0,0.0,0.5],"rotation":0,"texture":"#0","tintindex":0},"north":{"uv":[0.0,0.0,0.0,0.5],"rotation":0,"texture":"#0","tintindex":0},"west":{"uv":[8.875,12.375,8.75,12.875],"rotation":0,"texture":"#0","tintindex":0},"up":{"uv":[0.0,0.125,0.0,0.0],"rotation":0,"texture":"#0","tintindex":0},"down":{"uv":[0.0,0.0,0.0,0.125],"rotation":0,"texture":"#0","tintindex":0}}},{"from":[4.815464,3.786893,4.9163427],"to":[9.954207,9.954207,10.055086],"rotation":{"angle":0.0,"axis":"y","origin":[4.813407,17.156265,10.057143]},"faces":{"east":{"uv":[1.0,11.0,1.625,11.75],"rotation":0,"texture":"#0","tintindex":0},"south":{"uv":[3.5,11.0,4.125,11.75],"rotation":0,"texture":"#0","tintindex":0},"north":{"uv":[10.875,8.5,11.5,9.25],"rotation":0,"texture":"#0","tintindex":0},"west":{"uv":[4.125,11.0,4.75,11.75],"rotation":0,"texture":"#0","tintindex":0},"up":{"uv":[3.5,11.875,2.875,11.25],"rotation":0,"texture":"#0","tintindex":0},"down":{"uv":[11.875,0.0,11.25,0.625],"rotation":0,"texture":"#0","tintindex":0}}},{"from":[3.2705503,-7.5294504,4.9142857],"to":[10.470551,-0.3294506,12.114286],"rotation":{"angle":0.0,"axis":"y","origin":[4.813407,17.156265,10.057143]},"faces":{"east":{"uv":[8.25,7.0,9.125,7.875],"rotation":0,"texture":"#0","tintindex":0},"south":{"uv":[8.5,3.0,9.375,3.875],"rotation":0,"texture":"#0","tintindex":0},"north":{"uv":[1.25,5.875,2.125,6.75],"rotation":0,"texture":"#0","tintindex":0},"west":{"uv":[8.75,5.625,9.625,6.5],"rotation":0,"texture":"#0","tintindex":0},"up":{"uv":[0.875,9.75,0.0,8.875],"rotation":0,"texture":"#0","tintindex":0},"down":{"uv":[6.125,8.875,5.25,9.75],"rotation":0,"texture":"#0","tintindex":0}}}],"display":{"head":{"translation":[0.0,-6.4,0.0],"scale":[4.0,4.0,4.0]}}}