{"textures":{"0":"modelengine:entity/winterbeast"},"elements":[{"from":[5.2561526,2.7442446,4.9142857],"to":[12.456153,8.915673,10.057143],"rotation":{"angle":0.0,"axis":"y","origin":[15.596938,-0.93427277,11.085714]},"faces":{"east":{"uv":[10.5,4.625,11.125,5.375],"rotation":0,"texture":"#0","tintindex":0},"south":{"uv":[5.25,9.75,6.125,10.5],"rotation":0,"texture":"#0","tintindex":0},"north":{"uv":[9.375,2.5,10.25,3.25],"rotation":0,"texture":"#0","tintindex":0},"west":{"uv":[10.625,1.25,11.25,2.0],"rotation":0,"texture":"#0","tintindex":0},"up":{"uv":[4.75,3.875,3.875,3.25],"rotation":0,"texture":"#0","tintindex":0},"down":{"uv":[11.0,6.375,10.125,7.0],"rotation":0,"texture":"#0","tintindex":0}}},{"from":[5.4120636,-5.4528494,5.428571],"to":[10.554921,1.7471514,9.542857],"rotation":{"angle":-22.5,"axis":"z","origin":[15.596938,-0.93427277,11.085714]},"faces":{"east":{"uv":[7.875,4.0,8.375,4.875],"rotation":0,"texture":"#0","tintindex":0},"south":{"uv":[10.125,7.0,10.75,7.875],"rotation":0,"texture":"#0","tintindex":0},"north":{"uv":[8.375,10.125,9.0,11.0],"rotation":0,"texture":"#0","tintindex":0},"west":{"uv":[8.0,0.0,8.5,0.875],"rotation":0,"texture":"#0","tintindex":0},"up":{"uv":[12.125,9.125,11.5,8.625],"rotation":0,"texture":"#0","tintindex":0},"down":{"uv":[10.875,11.625,10.25,12.125],"rotation":0,"texture":"#0","tintindex":0}}},{"from":[9.370439,-2.912899,4.9142857],"to":[14.513296,-0.34147072,10.057143],"rotation":{"angle":0.0,"axis":"y","origin":[15.596938,-0.93427277,11.085714]},"faces":{"east":{"uv":[11.875,8.125,12.5,8.4375],"rotation":0,"texture":"#0","tintindex":0},"south":{"uv":[11.875,10.25,12.5,10.5625],"rotation":0,"texture":"#0","tintindex":0},"north":{"uv":[11.875,7.75,12.5,8.0625],"rotation":0,"texture":"#0","tintindex":0},"west":{"uv":[11.875,10.625,12.5,10.9375],"rotation":0,"texture":"#0","tintindex":0},"up":{"uv":[6.125,11.75,5.5,11.125],"rotation":0,"texture":"#0","tintindex":0},"down":{"uv":[11.75,2.375,11.125,3.0],"rotation":0,"texture":"#0","tintindex":0}}},{"from":[14.515254,-3.0026302,9.028571],"to":[17.600967,-1.4597731,9.028571],"rotation":{"angle":0.0,"axis":"y","origin":[15.596938,-0.93427277,11.085714]},"faces":{"east":{"uv":[0.0,0.0,0.0,0.1875],"rotation":0,"texture":"#0","tintindex":0},"south":{"uv":[7.375,6.0,7.75,6.1875],"rotation":0,"texture":"#0","tintindex":0},"north":{"uv":[6.25,2.0,6.625,2.1875],"rotation":0,"texture":"#0","tintindex":0},"west":{"uv":[0.0,0.0,0.0,0.1875],"rotation":0,"texture":"#0","tintindex":0},"up":{"uv":[0.375,0.0,0.0,0.0],"rotation":0,"texture":"#0","tintindex":0},"down":{"uv":[0.375,0.0,0.0,0.0],"rotation":0,"texture":"#0","tintindex":0}}},{"from":[14.515254,-3.0026302,7.4857144],"to":[17.600967,-1.4597731,7.4857144],"rotation":{"angle":0.0,"axis":"y","origin":[15.596938,-0.93427277,11.085714]},"faces":{"east":{"uv":[0.0,0.0,0.0,0.1875],"rotation":0,"texture":"#0","tintindex":0},"south":{"uv":[8.5,8.25,8.875,8.4375],"rotation":0,"texture":"#0","tintindex":0},"north":{"uv":[7.5,4.0,7.875,4.1875],"rotation":0,"texture":"#0","tintindex":0},"west":{"uv":[0.0,0.0,0.0,0.1875],"rotation":0,"texture":"#0","tintindex":0},"up":{"uv":[0.375,0.0,0.0,0.0],"rotation":0,"texture":"#0","tintindex":0},"down":{"uv":[0.375,0.0,0.0,0.0],"rotation":0,"texture":"#0","tintindex":0}}},{"from":[14.515254,-3.0026302,5.942857],"to":[17.600967,-1.4597731,5.942857],"rotation":{"angle":0.0,"axis":"y","origin":[15.596938,-0.93427277,11.085714]},"faces":{"east":{"uv":[0.0,0.0,0.0,0.1875],"rotation":0,"texture":"#0","tintindex":0},"south":{"uv":[10.5,5.375,10.875,5.5625],"rotation":0,"texture":"#0","tintindex":0},"north":{"uv":[10.25,3.0,10.625,3.1875],"rotation":0,"texture":"#0","tintindex":0},"west":{"uv":[0.0,0.0,0.0,0.1875],"rotation":0,"texture":"#0","tintindex":0},"up":{"uv":[0.375,0.0,0.0,0.0],"rotation":0,"texture":"#0","tintindex":0},"down":{"uv":[0.375,0.0,0.0,0.0],"rotation":0,"texture":"#0","tintindex":0}}},{"from":[8.0,8.0,8.0],"to":[9.028571,9.028571,9.028571],"rotation":{"angle":0.0,"axis":"y","origin":[8.0,8.0,8.0]},"faces":{"east":{"uv":[0.0,0.0,0.125,0.125],"rotation":0,"texture":"#missing","tintindex":0},"south":{"uv":[0.0,0.0,0.125,0.125],"rotation":0,"texture":"#missing","tintindex":0},"north":{"uv":[0.0,0.0,0.125,0.125],"rotation":0,"texture":"#missing","tintindex":0},"west":{"uv":[0.0,0.0,0.125,0.125],"rotation":0,"texture":"#missing","tintindex":0},"up":{"uv":[0.0,0.0,0.125,0.125],"rotation":0,"texture":"#missing","tintindex":0},"down":{"uv":[0.0,0.0,0.125,0.125],"rotation":0,"texture":"#missing","tintindex":0}}}],"display":{"head":{"translation":[0.0,-6.4,0.0],"scale":[4.0,4.0,4.0]}}}