{"textures":{"0":"modelengine:entity/winterbeast"},"elements":[{"from":[5.942857,-2.285715,5.942857],"to":[13.142858,1.8285708,11.085714],"rotation":{"angle":0.0,"axis":"y","origin":[8.0,8.0,-20.800003]},"faces":{"east":{"uv":[12.375,2.375,11.75,2.875],"rotation":0,"texture":"#0","tintindex":0},"south":{"uv":[9.625,6.5,8.75,7.0],"rotation":0,"texture":"#0","tintindex":0},"north":{"uv":[11.875,6.125,11.0,6.625],"rotation":0,"texture":"#0","tintindex":0},"west":{"uv":[12.375,4.5,11.75,5.0],"rotation":0,"texture":"#0","tintindex":0},"up":{"uv":[11.125,10.25,10.25,9.625],"rotation":0,"texture":"#0","tintindex":0},"down":{"uv":[1.875,10.375,1.0,11.0],"rotation":0,"texture":"#0","tintindex":0}}},{"from":[9.285714,1.8285708,11.085714],"to":[9.285714,9.028571,14.171429],"rotation":{"angle":0.0,"axis":"y","origin":[8.0,8.0,-17.2]},"faces":{"east":{"uv":[6.75,11.5,6.375,12.375],"rotation":0,"texture":"#0","tintindex":0},"south":{"uv":[0.0,0.0,0.0,0.875],"rotation":0,"texture":"#0","tintindex":0},"north":{"uv":[0.0,0.0,0.0,0.875],"rotation":0,"texture":"#0","tintindex":0},"west":{"uv":[6.375,11.5,6.75,12.375],"rotation":0,"texture":"#0","tintindex":0},"up":{"uv":[0.0,0.375,0.0,0.0],"rotation":0,"texture":"#0","tintindex":0},"down":{"uv":[0.0,0.0,0.0,0.375],"rotation":0,"texture":"#0","tintindex":0}}},{"from":[11.085714,-2.285715,11.085714],"to":[11.085714,1.8285708,13.142858],"rotation":{"angle":0.0,"axis":"y","origin":[8.0,8.0,-17.2]},"faces":{"east":{"uv":[3.875,2.25,3.625,2.75],"rotation":0,"texture":"#0","tintindex":0},"south":{"uv":[0.0,0.0,0.0,0.5],"rotation":0,"texture":"#0","tintindex":0},"north":{"uv":[0.0,0.0,0.0,0.5],"rotation":0,"texture":"#0","tintindex":0},"west":{"uv":[3.625,2.25,3.875,2.75],"rotation":0,"texture":"#0","tintindex":0},"up":{"uv":[0.0,0.25,0.0,0.0],"rotation":0,"texture":"#0","tintindex":0},"down":{"uv":[0.0,0.0,0.0,0.25],"rotation":0,"texture":"#0","tintindex":0}}},{"from":[5.1714287,1.8285708,2.8571424],"to":[13.4,10.057143,11.085714],"rotation":{"angle":0.0,"axis":"y","origin":[8.0,8.0,-20.800003]},"faces":{"east":{"uv":[2.25,7.75,1.25,8.75],"rotation":0,"texture":"#0","tintindex":0},"south":{"uv":[8.5,3.0,7.5,4.0],"rotation":0,"texture":"#0","tintindex":0},"north":{"uv":[8.75,6.0,7.75,7.0],"rotation":0,"texture":"#0","tintindex":0},"west":{"uv":[1.0,7.875,0.0,8.875],"rotation":0,"texture":"#0","tintindex":0},"up":{"uv":[6.5,7.875,5.5,8.875],"rotation":0,"texture":"#0","tintindex":0},"down":{"uv":[8.875,3.0,7.875,2.0],"rotation":0,"texture":"#0","tintindex":0}}}],"display":{"head":{"translation":[0.0,-6.4,0.0],"scale":[4.0,4.0,4.0]}}}