{"textures":{"0":"modelengine:entity/hammerhead_shark"},"elements":[{"from":[6.0,6.9192924,4.6895123],"to":[10.0,8.062149,8.118084],"rotation":{"angle":0.0,"axis":"y","origin":[8.0,7.465688,8.384808]},"faces":{"east":{"uv":[6.375,7.0,7.125,7.25],"rotation":0,"texture":"#0","tintindex":0},"south":{"uv":[7.0,5.625,7.875,5.875],"rotation":0,"texture":"#0","tintindex":0},"north":{"uv":[7.0,5.375,7.875,5.625],"rotation":0,"texture":"#0","tintindex":0},"west":{"uv":[7.0,6.375,7.75,6.625],"rotation":0,"texture":"#0","tintindex":0},"up":{"uv":[7.0,0.75,6.125,0.0],"rotation":0,"texture":"#0","tintindex":0},"down":{"uv":[7.0,2.5,6.125,3.25],"rotation":0,"texture":"#0","tintindex":0}}},{"from":[6.0,8.062149,4.6895123],"to":[10.0,8.633578,8.118084],"rotation":{"angle":0.0,"axis":"y","origin":[8.0,8.037117,8.384808]},"faces":{"east":{"uv":[0.75,7.125,1.5,7.375],"rotation":0,"texture":"#0","tintindex":0},"south":{"uv":[7.0,6.125,7.875,6.375],"rotation":0,"texture":"#0","tintindex":0},"north":{"uv":[7.0,5.875,7.875,6.125],"rotation":0,"texture":"#0","tintindex":0},"west":{"uv":[7.125,6.625,7.875,6.875],"rotation":0,"texture":"#0","tintindex":0},"up":{"uv":[7.0,5.875,6.125,5.125],"rotation":0,"texture":"#0","tintindex":0},"down":{"uv":[7.0,5.875,6.125,6.625],"rotation":0,"texture":"#0","tintindex":0}}}],"display":{"head":{"translation":[0.0,-6.4,0.0],"scale":[4.0,4.0,4.0]}}}