{"parent":"item/generated","textures":{"layer0":"item/leather_leggings","layer1":"item/leather_leggings_overlay"},"overrides":[{"predicate":{"custom_model_data":1},"model":"yungwilder:warden_set_armor/warden_leggings"},{"predicate":{"custom_model_data":10000},"model":"byliyth:auto_generated/hellswrath_leggings"},{"predicate":{"custom_model_data":10002},"model":"jackpot:auto_generated/warden_leggings"},{"predicate":{"custom_model_data":10004},"model":"jackpot:armor/santa/santa_leggings"},{"predicate":{"custom_model_data":10014},"model":"minecraft:item/leather_leggings"}]}