{"parent":"minecraft:item/generated","textures":{"layer0":"minecraft:item/paper"},"overrides":[{"predicate":{"custom_model_data":1002},"model":"diamond_xmas:bluewreath"},{"predicate":{"custom_model_data":1004},"model":"diamond_xmas:wreath"},{"predicate":{"custom_model_data":1005},"model":"diamond_xmas:stocking"},{"predicate":{"custom_model_data":1006},"model":"diamond_xmas:xmashat"},{"predicate":{"custom_model_data":1007},"model":"diamond_xmas:antlers"},{"predicate":{"custom_model_data":10001},"model":"jackpot:item/ghost_item"},{"predicate":{"custom_model_data":10002},"model":"jackpot:armor/santa/toffy_xmas_hat"},{"predicate":{"custom_model_data":10003},"model":"christmaspack:christmasbox3"},{"predicate":{"custom_model_data":10004},"model":"christmaspack:christmasgreenround"},{"predicate":{"custom_model_data":10005},"model":"christmaspack:christmasbox1"},{"predicate":{"custom_model_data":10006},"model":"christmaspack:christmasbox2"},{"predicate":{"custom_model_data":10007},"model":"christmaspack:christmasballons"},{"predicate":{"custom_model_data":10008},"model":"christmaspack:christmaslambs"},{"predicate":{"custom_model_data":10009},"model":"christmaspack:christmascandycane"},{"predicate":{"custom_model_data":10010},"model":"christmaspack:christmascouch"},{"predicate":{"custom_model_data":10011},"model":"sled_race_pack:auto_generated/oak_sled_item"},{"predicate":{"custom_model_data":10012},"model":"sled_race_pack:auto_generated/birch_sled_item"},{"predicate":{"custom_model_data":10013},"model":"sled_race_pack:auto_generated/spruce_sled_item"},{"predicate":{"custom_model_data":10014},"model":"sled_race_pack:auto_generated/jungle_sled_item"},{"predicate":{"custom_model_data":10015},"model":"sled_race_pack:auto_generated/acacia_sled_item"},{"predicate":{"custom_model_data":10016},"model":"sled_race_pack:auto_generated/dark_oak_sled_item"},{"predicate":{"custom_model_data":10017},"model":"sled_race_pack:auto_generated/mangrove_sled"},{"predicate":{"custom_model_data":10018},"model":"sled_race_pack:auto_generated/warped_sled"},{"predicate":{"custom_model_data":10019},"model":"sled_race_pack:auto_generated/crimson_sled"},{"predicate":{"custom_model_data":10020},"model":"sled_race_pack:log_stool"},{"predicate":{"custom_model_data":10021},"model":"sled_race_pack:winter_tree"},{"predicate":{"custom_model_data":10022},"model":"sled_race_pack:big_winter_tree"},{"predicate":{"custom_model_data":10023},"model":"sled_race_pack:winter_tree_decorated"},{"predicate":{"custom_model_data":10024},"model":"christmaspack:christmaschest"},{"predicate":{"custom_model_data":10025},"model":"christmaspack:christmassnowman"},{"predicate":{"custom_model_data":10159},"model":"mcicons:auto_generated/icon_left_gray"},{"predicate":{"custom_model_data":10160},"model":"mcicons:auto_generated/icon_left_blue"},{"predicate":{"custom_model_data":10161},"model":"mcicons:auto_generated/icon_right_gray"},{"predicate":{"custom_model_data":10162},"model":"mcicons:auto_generated/icon_right_blue"},{"predicate":{"custom_model_data":10163},"model":"mcicons:auto_generated/icon_up_gray"},{"predicate":{"custom_model_data":10164},"model":"mcicons:auto_generated/icon_up_blue"},{"predicate":{"custom_model_data":10165},"model":"mcicons:auto_generated/icon_down_gray"},{"predicate":{"custom_model_data":10166},"model":"mcicons:auto_generated/icon_down_blue"},{"predicate":{"custom_model_data":10167},"model":"mcicons:auto_generated/icon_next_white"},{"predicate":{"custom_model_data":10168},"model":"mcicons:auto_generated/icon_next_orange"},{"predicate":{"custom_model_data":10169},"model":"mcicons:auto_generated/icon_back_white"},{"predicate":{"custom_model_data":10170},"model":"mcicons:auto_generated/icon_back_orange"},{"predicate":{"custom_model_data":10171},"model":"mcicons:auto_generated/icon_cancel"},{"predicate":{"custom_model_data":10172},"model":"mcicons:auto_generated/icon_confirm"},{"predicate":{"custom_model_data":10173},"model":"mcicons:auto_generated/icon_lock"},{"predicate":{"custom_model_data":10174},"model":"mcicons:auto_generated/icon_unlock"},{"predicate":{"custom_model_data":10175},"model":"mcicons:auto_generated/icon_web"},{"predicate":{"custom_model_data":10176},"model":"mcicons:auto_generated/icon_ender_chest"},{"predicate":{"custom_model_data":10177},"model":"mcicons:auto_generated/icon_refresh"},{"predicate":{"custom_model_data":10178},"model":"mcicons:auto_generated/icon_time_day"},{"predicate":{"custom_model_data":10179},"model":"mcicons:auto_generated/icon_time_midnight"},{"predicate":{"custom_model_data":10180},"model":"mcicons:auto_generated/icon_time_night"},{"predicate":{"custom_model_data":10181},"model":"mcicons:auto_generated/icon_time_noon"},{"predicate":{"custom_model_data":10182},"model":"mcicons:auto_generated/icon_time_sunrise"},{"predicate":{"custom_model_data":10183},"model":"mcicons:auto_generated/icon_time_sunset"},{"predicate":{"custom_model_data":10184},"model":"mcicons:auto_generated/icon_toggle_off"},{"predicate":{"custom_model_data":10185},"model":"mcicons:auto_generated/icon_toggle_on"},{"predicate":{"custom_model_data":10186},"model":"mcicons:auto_generated/icon_arrow_chest"},{"predicate":{"custom_model_data":10187},"model":"mcicons:auto_generated/icon_plus"},{"predicate":{"custom_model_data":10188},"model":"mcicons:auto_generated/icon_color_picker"},{"predicate":{"custom_model_data":10189},"model":"mcicons:auto_generated/icon_comment"},{"predicate":{"custom_model_data":10190},"model":"mcicons:auto_generated/icon_search"},{"predicate":{"custom_model_data":35000},"model":"christmas:christmas_skill_model/evergreen"},{"predicate":{"custom_model_data":35001},"model":"christmas:christmas_skill_model/gift_box_1"},{"predicate":{"custom_model_data":35002},"model":"christmas:christmas_skill_model/gift_box_2"},{"predicate":{"custom_model_data":35003},"model":"christmas:christmas_skill_model/gift_box_3"},{"predicate":{"custom_model_data":35004},"model":"christmas:christmas_skill_model/head_elf"},{"predicate":{"custom_model_data":35005},"model":"christmas:christmas_skill_model/head_reindeer"},{"predicate":{"custom_model_data":35006},"model":"christmas:christmas_skill_model/head_snow_owl"},{"predicate":{"custom_model_data":35007},"model":"christmas:christmas_skill_model/head_snowman"},{"predicate":{"custom_model_data":35008},"model":"christmas:christmas_skill_model/head_yeti"},{"predicate":{"custom_model_data":35009},"model":"minecraft:item/paper"}]}