{"textures":{"0":"modelengine:entity/lime_crewmate_texture"},"elements":[{"from":[5.142857,7.142857,6.0],"to":[10.857143,11.142858,10.0],"rotation":{"angle":0.0,"axis":"y","origin":[8.0,9.142858,8.0]},"faces":{"east":{"uv":[2.25,6.0,4.0,7.75],"rotation":0,"texture":"#0","tintindex":0},"south":{"uv":[0.0,2.0,2.5,3.75],"rotation":0,"texture":"#0","tintindex":0},"north":{"uv":[0.0,0.0,2.5,1.75],"rotation":0,"texture":"#0","tintindex":0},"west":{"uv":[4.25,6.25,6.0,8.0],"rotation":0,"texture":"#0","tintindex":0},"up":{"uv":[5.25,1.75,2.75,0.0],"rotation":0,"texture":"#0","tintindex":0},"down":{"uv":[5.25,2.0,2.75,3.75],"rotation":0,"texture":"#0","tintindex":0}}},{"from":[6.285714,11.142858,8.0],"to":[9.714286,14.0,8.0],"rotation":{"angle":0.0,"axis":"y","origin":[8.0,11.142858,8.0]},"faces":{"east":{"uv":[0.0,0.0,0.0,1.25],"rotation":0,"texture":"#missing","tintindex":0},"south":{"uv":[3.75,8.0,2.25,9.25],"rotation":0,"texture":"#0","tintindex":0},"north":{"uv":[2.25,8.0,3.75,9.25],"rotation":0,"texture":"#0","tintindex":0},"west":{"uv":[0.0,0.0,0.0,1.25],"rotation":0,"texture":"#missing","tintindex":0},"up":{"uv":[0.0,0.0,1.5,0.0],"rotation":0,"texture":"#missing","tintindex":0},"down":{"uv":[0.0,0.0,1.5,0.0],"rotation":0,"texture":"#missing","tintindex":0}}}],"display":{"head":{"translation":[0.0,-6.4,0.0],"scale":[4.0,4.0,4.0]}}}