{"textures":{"0":"modelengine:entity/shieldbreak"},"elements":[{"from":[6.690303,5.3298626,7.857143],"to":[9.090303,7.0441484,8.142858],"rotation":{"angle":22.5,"axis":"z","origin":[7.6045885,6.7584343,8.0]},"faces":{"east":{"uv":[9.0,7.5,9.5,9.0],"rotation":0,"texture":"#0","tintindex":0},"south":{"uv":[6.0,4.0,8.0,5.5],"rotation":0,"texture":"#0","tintindex":0},"north":{"uv":[2.0,0.0,4.0,1.5],"rotation":0,"texture":"#0","tintindex":0},"west":{"uv":[3.5,11.0,4.0,12.5],"rotation":0,"texture":"#0","tintindex":0},"up":{"uv":[12.5,1.0,10.5,0.5],"rotation":0,"texture":"#0","tintindex":0},"down":{"uv":[12.5,1.0,10.5,1.5],"rotation":0,"texture":"#0","tintindex":0}}},{"from":[6.5467315,6.6095486,7.857143],"to":[8.946732,9.466692,8.142858],"rotation":{"angle":0.0,"axis":"y","origin":[9.644052,-5.356333,7.714286]},"faces":{"east":{"uv":[10.0,10.0,10.5,12.5],"rotation":0,"texture":"#0","tintindex":0},"south":{"uv":[4.0,4.0,6.0,6.5],"rotation":0,"texture":"#0","tintindex":0},"north":{"uv":[0.0,2.5,2.0,5.0],"rotation":0,"texture":"#0","tintindex":0},"west":{"uv":[10.0,0.5,10.5,3.0],"rotation":0,"texture":"#0","tintindex":0},"up":{"uv":[12.0,10.0,10.0,9.5],"rotation":0,"texture":"#0","tintindex":0},"down":{"uv":[12.5,10.5,10.5,11.0],"rotation":0,"texture":"#0","tintindex":0}}},{"from":[8.246612,6.2612286,7.857143],"to":[9.960897,9.232657,8.142858],"rotation":{"angle":-22.5,"axis":"z","origin":[9.103754,7.232657,8.0]},"faces":{"east":{"uv":[9.5,9.5,10.0,12.0],"rotation":0,"texture":"#0","tintindex":0},"south":{"uv":[5.5,0.0,7.0,2.5],"rotation":0,"texture":"#0","tintindex":0},"north":{"uv":[0.0,5.0,1.5,7.5],"rotation":0,"texture":"#0","tintindex":0},"west":{"uv":[9.5,0.5,10.0,3.0],"rotation":0,"texture":"#0","tintindex":0},"up":{"uv":[12.0,5.0,10.5,4.5],"rotation":0,"texture":"#0","tintindex":0},"down":{"uv":[12.0,5.0,10.5,5.5],"rotation":0,"texture":"#0","tintindex":0}}},{"from":[6.5467315,8.752406,7.857143],"to":[10.661017,10.03812,8.142858],"rotation":{"angle":0.0,"axis":"y","origin":[9.644052,-5.356333,7.714286]},"faces":{"east":{"uv":[8.5,7.5,9.0,8.5],"rotation":0,"texture":"#0","tintindex":0},"south":{"uv":[6.0,6.0,9.5,7.0],"rotation":0,"texture":"#0","tintindex":0},"north":{"uv":[4.0,3.0,7.5,4.0],"rotation":0,"texture":"#0","tintindex":0},"west":{"uv":[4.0,11.0,4.5,12.0],"rotation":0,"texture":"#0","tintindex":0},"up":{"uv":[11.0,3.5,7.5,3.0],"rotation":0,"texture":"#0","tintindex":0},"down":{"uv":[11.0,3.5,7.5,4.0],"rotation":0,"texture":"#0","tintindex":0}}},{"from":[6.365183,9.808578,7.714286],"to":[10.679469,10.380006,8.285714],"rotation":{"angle":0.0,"axis":"y","origin":[9.644052,-5.356333,7.714286]},"faces":{"east":{"uv":[11.0,8.0,11.5,8.5],"rotation":0,"texture":"#0","tintindex":0},"south":{"uv":[6.0,5.5,10.0,6.0],"rotation":0,"texture":"#0","tintindex":0},"north":{"uv":[5.5,2.5,9.5,3.0],"rotation":0,"texture":"#0","tintindex":0},"west":{"uv":[11.0,8.5,11.5,9.0],"rotation":0,"texture":"#0","tintindex":0},"up":{"uv":[10.5,7.5,6.5,7.0],"rotation":0,"texture":"#0","tintindex":0},"down":{"uv":[11.0,0.0,7.0,0.5],"rotation":0,"texture":"#0","tintindex":0}}},{"from":[6.365183,6.922863,7.714286],"to":[6.936611,9.808578,8.285714],"rotation":{"angle":0.0,"axis":"y","origin":[9.644052,-5.356333,7.714286]},"faces":{"east":{"uv":[8.5,8.5,9.0,11.0],"rotation":0,"texture":"#0","tintindex":0},"south":{"uv":[5.0,9.0,5.5,11.5],"rotation":0,"texture":"#0","tintindex":0},"north":{"uv":[8.0,8.5,8.5,11.0],"rotation":0,"texture":"#0","tintindex":0},"west":{"uv":[5.5,9.0,6.0,11.5],"rotation":0,"texture":"#0","tintindex":0},"up":{"uv":[0.5,12.0,0.0,11.5],"rotation":0,"texture":"#0","tintindex":0},"down":{"uv":[1.0,11.5,0.5,12.0],"rotation":0,"texture":"#0","tintindex":0}}},{"from":[7.1963887,5.0298166,7.714286],"to":[7.767817,7.3155313,8.285714],"rotation":{"angle":22.5,"axis":"z","origin":[7.767817,5.0298166,8.857143]},"faces":{"east":{"uv":[2.0,10.5,2.5,12.5],"rotation":0,"texture":"#0","tintindex":0},"south":{"uv":[2.5,10.5,3.0,12.5],"rotation":0,"texture":"#0","tintindex":0},"north":{"uv":[10.0,7.5,10.5,9.5],"rotation":0,"texture":"#0","tintindex":0},"west":{"uv":[3.0,10.5,3.5,12.5],"rotation":0,"texture":"#0","tintindex":0},"up":{"uv":[6.0,12.0,5.5,11.5],"rotation":0,"texture":"#0","tintindex":0},"down":{"uv":[6.5,11.5,6.0,12.0],"rotation":0,"texture":"#0","tintindex":0}}}],"display":{"head":{"translation":[0.0,-6.4,0.0],"scale":[4.0,4.0,4.0]}}}