{"textures":{"0":"modelengine:entity/shieldbreak"},"elements":[{"from":[7.2151084,7.719994,7.857143],"to":[9.500823,8.977138,8.142858],"rotation":{"angle":-22.5,"axis":"z","origin":[8.64368,6.977137,8.0]},"faces":{"east":{"uv":[4.5,11.0,5.0,12.0],"rotation":0,"texture":"#0","tintindex":0},"south":{"uv":[7.0,1.5,9.0,2.5],"rotation":0,"texture":"#0","tintindex":0},"north":{"uv":[7.0,0.5,9.0,1.5],"rotation":0,"texture":"#0","tintindex":0},"west":{"uv":[8.0,11.0,8.5,12.0],"rotation":0,"texture":"#0","tintindex":0},"up":{"uv":[12.5,2.0,10.5,1.5],"rotation":0,"texture":"#0","tintindex":0},"down":{"uv":[12.5,2.0,10.5,2.5],"rotation":0,"texture":"#0","tintindex":0}}},{"from":[7.054503,6.539063,7.857143],"to":[8.883075,8.824778,8.142858],"rotation":{"angle":45.0,"axis":"z","origin":[7.9687886,7.967634,8.0]},"faces":{"east":{"uv":[10.5,7.0,11.0,9.0],"rotation":0,"texture":"#0","tintindex":0},"south":{"uv":[5.0,7.0,6.5,9.0],"rotation":0,"texture":"#0","tintindex":0},"north":{"uv":[3.5,6.5,5.0,8.5],"rotation":0,"texture":"#0","tintindex":0},"west":{"uv":[1.5,11.0,2.0,13.0],"rotation":0,"texture":"#0","tintindex":0},"up":{"uv":[12.0,10.5,10.5,10.0],"rotation":0,"texture":"#0","tintindex":0},"down":{"uv":[8.0,11.0,6.5,11.5],"rotation":0,"texture":"#0","tintindex":0}}},{"from":[6.19736,7.68192,7.857143],"to":[8.3116455,8.824778,8.142858],"rotation":{"angle":22.5,"axis":"z","origin":[6.8259315,8.5390625,8.0]},"faces":{"east":{"uv":[8.5,11.0,9.0,12.0],"rotation":0,"texture":"#0","tintindex":0},"south":{"uv":[6.5,7.5,8.5,8.5],"rotation":0,"texture":"#0","tintindex":0},"north":{"uv":[0.0,7.5,2.0,8.5],"rotation":0,"texture":"#0","tintindex":0},"west":{"uv":[10.5,11.0,11.0,12.0],"rotation":0,"texture":"#0","tintindex":0},"up":{"uv":[12.5,3.0,10.5,2.5],"rotation":0,"texture":"#0","tintindex":0},"down":{"uv":[12.5,4.0,10.5,4.5],"rotation":0,"texture":"#0","tintindex":0}}},{"from":[7.637937,6.0080914,7.714286],"to":[8.209366,9.408092,8.285714],"rotation":{"angle":45.0,"axis":"z","origin":[8.209366,6.5795197,8.857143]},"faces":{"east":{"uv":[2.5,7.5,3.0,10.5],"rotation":0,"texture":"#0","tintindex":0},"south":{"uv":[3.0,7.5,3.5,10.5],"rotation":0,"texture":"#0","tintindex":0},"north":{"uv":[2.0,7.5,2.5,10.5],"rotation":0,"texture":"#0","tintindex":0},"west":{"uv":[0.0,8.5,0.5,11.5],"rotation":0,"texture":"#0","tintindex":0},"up":{"uv":[1.5,12.0,1.0,11.5],"rotation":0,"texture":"#0","tintindex":0},"down":{"uv":[5.5,11.5,5.0,12.0],"rotation":0,"texture":"#0","tintindex":0}}},{"from":[8.209366,6.5795197,7.714286],"to":[8.780794,9.436663,8.285714],"rotation":{"angle":-45.0,"axis":"z","origin":[8.209366,6.5795197,8.857143]},"faces":{"east":{"uv":[1.5,8.5,2.0,11.0],"rotation":0,"texture":"#0","tintindex":0},"south":{"uv":[3.5,8.5,4.0,11.0],"rotation":0,"texture":"#0","tintindex":0},"north":{"uv":[1.5,5.0,2.0,7.5],"rotation":0,"texture":"#0","tintindex":0},"west":{"uv":[4.0,8.5,4.5,11.0],"rotation":0,"texture":"#0","tintindex":0},"up":{"uv":[5.5,7.0,5.0,6.5],"rotation":0,"texture":"#0","tintindex":0},"down":{"uv":[6.0,6.5,5.5,7.0],"rotation":0,"texture":"#0","tintindex":0}}}],"display":{"head":{"translation":[0.0,-6.4,0.0],"scale":[4.0,4.0,4.0]}}}