{"textures":{"0":"modelengine:entity/elf3"},"elements":[{"from":[7.0983243,3.371428,7.258672],"to":[8.469753,8.0,8.630101],"rotation":{"angle":0.0,"axis":"y","origin":[8.61261,7.8285713,7.9443865]},"faces":{"east":{"uv":[5.0,5.0,5.5,6.75],"rotation":0,"texture":"#0","tintindex":0},"south":{"uv":[0.0,5.25,0.5,7.0],"rotation":0,"texture":"#0","tintindex":0},"north":{"uv":[4.5,5.0,5.0,6.75],"rotation":0,"texture":"#0","tintindex":0},"west":{"uv":[5.25,0.0,5.75,1.75],"rotation":0,"texture":"#0","tintindex":0},"up":{"uv":[8.5,3.0,8.0,2.5],"rotation":0,"texture":"#0","tintindex":0},"down":{"uv":[3.5,8.0,3.0,8.5],"rotation":0,"texture":"#0","tintindex":0}}}],"display":{"head":{"translation":[0.0,-6.4,0.0],"scale":[4.0,4.0,4.0]}}}