{"textures":{"0":"modelengine:entity/elf3"},"elements":[{"from":[6.1142855,8.0,6.342857],"to":[9.885715,11.428572,9.771429],"rotation":{"angle":0.0,"axis":"y","origin":[8.0,8.0,7.885714]},"faces":{"east":{"uv":[4.0,2.5,5.25,3.75],"rotation":0,"texture":"#0","tintindex":0},"south":{"uv":[3.75,0.0,5.25,1.25],"rotation":0,"texture":"#0","tintindex":0},"north":{"uv":[2.5,3.0,4.0,4.25],"rotation":0,"texture":"#0","tintindex":0},"west":{"uv":[4.0,3.75,5.25,5.0],"rotation":0,"texture":"#0","tintindex":0},"up":{"uv":[5.25,2.5,3.75,1.25],"rotation":0,"texture":"#0","tintindex":0},"down":{"uv":[1.5,4.0,0.0,5.25],"rotation":0,"texture":"#0","tintindex":0}}},{"from":[4.5714283,9.3714285,7.542857],"to":[6.1142855,10.057143,7.885714],"rotation":{"angle":0.0,"axis":"y","origin":[8.0,8.0,7.885714]},"faces":{"east":{"uv":[6.0,9.0,6.25,9.25],"rotation":0,"texture":"#0","tintindex":0},"south":{"uv":[8.5,2.75,9.25,3.0],"rotation":0,"texture":"#0","tintindex":0},"north":{"uv":[8.5,2.5,9.25,2.75],"rotation":0,"texture":"#0","tintindex":0},"west":{"uv":[6.25,9.0,6.5,9.25],"rotation":0,"texture":"#0","tintindex":0},"up":{"uv":[9.25,3.25,8.5,3.0],"rotation":0,"texture":"#0","tintindex":0},"down":{"uv":[9.25,3.25,8.5,3.5],"rotation":0,"texture":"#0","tintindex":0}}},{"from":[9.885715,9.3714285,7.542857],"to":[11.428572,10.057143,7.885714],"rotation":{"angle":0.0,"axis":"y","origin":[8.0,8.0,7.885714]},"faces":{"east":{"uv":[6.5,9.0,6.75,9.25],"rotation":0,"texture":"#0","tintindex":0},"south":{"uv":[4.75,8.5,5.5,8.75],"rotation":0,"texture":"#0","tintindex":0},"north":{"uv":[4.0,8.5,4.75,8.75],"rotation":0,"texture":"#0","tintindex":0},"west":{"uv":[6.75,9.0,7.0,9.25],"rotation":0,"texture":"#0","tintindex":0},"up":{"uv":[6.25,8.75,5.5,8.5],"rotation":0,"texture":"#0","tintindex":0},"down":{"uv":[7.0,8.5,6.25,8.75],"rotation":0,"texture":"#0","tintindex":0}}},{"from":[5.0857143,9.028571,7.542857],"to":[6.1142855,9.3714285,7.885714],"rotation":{"angle":0.0,"axis":"y","origin":[8.0,8.0,7.885714]},"faces":{"east":{"uv":[9.5,0.0,9.75,0.25],"rotation":0,"texture":"#0","tintindex":0},"south":{"uv":[9.25,7.5,9.75,7.75],"rotation":0,"texture":"#0","tintindex":0},"north":{"uv":[7.5,9.25,8.0,9.5],"rotation":0,"texture":"#0","tintindex":0},"west":{"uv":[0.25,9.5,0.5,9.75],"rotation":0,"texture":"#0","tintindex":0},"up":{"uv":[9.25,6.25,8.75,6.0],"rotation":0,"texture":"#0","tintindex":0},"down":{"uv":[9.25,6.25,8.75,6.5],"rotation":0,"texture":"#0","tintindex":0}}},{"from":[9.885715,9.028571,7.542857],"to":[10.914286,9.3714285,7.885714],"rotation":{"angle":0.0,"axis":"y","origin":[8.0,8.0,7.885714]},"faces":{"east":{"uv":[9.5,0.25,9.75,0.5],"rotation":0,"texture":"#0","tintindex":0},"south":{"uv":[8.0,9.25,8.5,9.5],"rotation":0,"texture":"#0","tintindex":0},"north":{"uv":[9.25,7.75,9.75,8.0],"rotation":0,"texture":"#0","tintindex":0},"west":{"uv":[0.5,9.5,0.75,9.75],"rotation":0,"texture":"#0","tintindex":0},"up":{"uv":[7.0,9.0,6.5,8.75],"rotation":0,"texture":"#0","tintindex":0},"down":{"uv":[9.25,6.5,8.75,6.75],"rotation":0,"texture":"#0","tintindex":0}}},{"from":[5.771428,10.228572,5.8285713],"to":[6.457143,10.914286,6.342857],"rotation":{"angle":0.0,"axis":"y","origin":[8.0,8.0,7.885714]},"faces":{"east":{"uv":[5.25,4.5,5.5,5.0],"rotation":0,"texture":"#0","tintindex":0},"south":{"uv":[4.25,6.25,4.5,6.75],"rotation":0,"texture":"#0","tintindex":0},"north":{"uv":[3.75,2.5,4.0,3.0],"rotation":0,"texture":"#0","tintindex":0},"west":{"uv":[0.5,8.75,0.75,9.25],"rotation":0,"texture":"#0","tintindex":0},"up":{"uv":[9.25,7.0,9.0,6.75],"rotation":0,"texture":"#0","tintindex":0},"down":{"uv":[7.25,9.0,7.0,9.25],"rotation":0,"texture":"#0","tintindex":0}}},{"from":[5.942857,9.714286,5.8285713],"to":[6.6285715,10.228572,6.342857],"rotation":{"angle":0.0,"axis":"y","origin":[8.0,8.0,7.885714]},"faces":{"east":{"uv":[7.25,9.0,7.5,9.25],"rotation":0,"texture":"#0","tintindex":0},"south":{"uv":[9.0,7.25,9.25,7.5],"rotation":0,"texture":"#0","tintindex":0},"north":{"uv":[9.0,7.0,9.25,7.25],"rotation":0,"texture":"#0","tintindex":0},"west":{"uv":[7.5,9.0,7.75,9.25],"rotation":0,"texture":"#0","tintindex":0},"up":{"uv":[9.25,7.75,9.0,7.5],"rotation":0,"texture":"#0","tintindex":0},"down":{"uv":[8.0,9.0,7.75,9.25],"rotation":0,"texture":"#0","tintindex":0}}},{"from":[6.6285715,9.714286,5.8285713],"to":[7.3142858,10.228572,6.342857],"rotation":{"angle":0.0,"axis":"y","origin":[8.0,8.0,7.885714]},"faces":{"east":{"uv":[8.0,9.0,8.25,9.25],"rotation":0,"texture":"#0","tintindex":0},"south":{"uv":[9.0,8.0,9.25,8.25],"rotation":0,"texture":"#0","tintindex":0},"north":{"uv":[9.0,7.75,9.25,8.0],"rotation":0,"texture":"#0","tintindex":0},"west":{"uv":[8.25,9.0,8.5,9.25],"rotation":0,"texture":"#0","tintindex":0},"up":{"uv":[9.25,8.5,9.0,8.25],"rotation":0,"texture":"#0","tintindex":0},"down":{"uv":[8.75,9.0,8.5,9.25],"rotation":0,"texture":"#0","tintindex":0}}},{"from":[7.3142858,9.714286,5.8285713],"to":[8.0,10.228572,6.342857],"rotation":{"angle":0.0,"axis":"y","origin":[8.0,8.0,7.885714]},"faces":{"east":{"uv":[8.0,9.0,8.25,9.25],"rotation":0,"texture":"#0","tintindex":0},"south":{"uv":[9.0,8.0,9.25,8.25],"rotation":0,"texture":"#0","tintindex":0},"north":{"uv":[9.0,7.75,9.25,8.0],"rotation":0,"texture":"#0","tintindex":0},"west":{"uv":[8.25,9.0,8.5,9.25],"rotation":0,"texture":"#0","tintindex":0},"up":{"uv":[9.25,8.5,9.0,8.25],"rotation":0,"texture":"#0","tintindex":0},"down":{"uv":[8.75,9.0,8.5,9.25],"rotation":0,"texture":"#0","tintindex":0}}},{"from":[6.457143,10.228572,5.8285713],"to":[7.142857,10.914286,6.342857],"rotation":{"angle":0.0,"axis":"y","origin":[8.0,8.0,7.885714]},"faces":{"east":{"uv":[8.75,7.25,9.0,7.75],"rotation":0,"texture":"#0","tintindex":0},"south":{"uv":[8.75,7.75,9.0,8.25],"rotation":0,"texture":"#0","tintindex":0},"north":{"uv":[8.75,6.75,9.0,7.25],"rotation":0,"texture":"#0","tintindex":0},"west":{"uv":[9.0,0.0,9.25,0.5],"rotation":0,"texture":"#0","tintindex":0},"up":{"uv":[9.25,8.75,9.0,8.5],"rotation":0,"texture":"#0","tintindex":0},"down":{"uv":[9.0,9.0,8.75,9.25],"rotation":0,"texture":"#0","tintindex":0}}},{"from":[7.142857,10.228572,5.8285713],"to":[7.8285713,10.914286,6.342857],"rotation":{"angle":0.0,"axis":"y","origin":[8.0,8.0,7.885714]},"faces":{"east":{"uv":[9.0,1.25,9.25,1.75],"rotation":0,"texture":"#0","tintindex":0},"south":{"uv":[1.5,9.0,1.75,9.5],"rotation":0,"texture":"#0","tintindex":0},"north":{"uv":[0.75,9.0,1.0,9.5],"rotation":0,"texture":"#0","tintindex":0},"west":{"uv":[1.75,9.0,2.0,9.5],"rotation":0,"texture":"#0","tintindex":0},"up":{"uv":[9.25,9.0,9.0,8.75],"rotation":0,"texture":"#0","tintindex":0},"down":{"uv":[9.25,9.0,9.0,9.25],"rotation":0,"texture":"#0","tintindex":0}}},{"from":[7.8285713,10.228572,5.8285713],"to":[8.514286,10.914286,6.342857],"rotation":{"angle":0.0,"axis":"y","origin":[8.0,8.0,7.885714]},"faces":{"east":{"uv":[9.0,1.25,9.25,1.75],"rotation":0,"texture":"#0","tintindex":0},"south":{"uv":[1.5,9.0,1.75,9.5],"rotation":0,"texture":"#0","tintindex":0},"north":{"uv":[0.75,9.0,1.0,9.5],"rotation":0,"texture":"#0","tintindex":0},"west":{"uv":[1.75,9.0,2.0,9.5],"rotation":0,"texture":"#0","tintindex":0},"up":{"uv":[9.25,9.0,9.0,8.75],"rotation":0,"texture":"#0","tintindex":0},"down":{"uv":[9.25,9.0,9.0,9.25],"rotation":0,"texture":"#0","tintindex":0}}},{"from":[5.771428,10.228572,6.342857],"to":[6.1142855,10.914286,7.028571],"rotation":{"angle":0.0,"axis":"y","origin":[8.0,8.0,7.885714]},"faces":{"east":{"uv":[2.0,9.0,2.25,9.5],"rotation":0,"texture":"#0","tintindex":0},"south":{"uv":[8.5,9.25,8.75,9.75],"rotation":0,"texture":"#0","tintindex":0},"north":{"uv":[9.25,8.0,9.5,8.5],"rotation":0,"texture":"#0","tintindex":0},"west":{"uv":[2.25,9.0,2.5,9.5],"rotation":0,"texture":"#0","tintindex":0},"up":{"uv":[9.75,0.75,9.5,0.5],"rotation":0,"texture":"#0","tintindex":0},"down":{"uv":[1.0,9.5,0.75,9.75],"rotation":0,"texture":"#0","tintindex":0}}},{"from":[5.771428,10.228572,7.028571],"to":[6.1142855,10.914286,8.057143],"rotation":{"angle":0.0,"axis":"y","origin":[8.0,8.0,7.885714]},"faces":{"east":{"uv":[3.0,8.5,3.5,9.0],"rotation":0,"texture":"#0","tintindex":0},"south":{"uv":[8.75,9.25,9.0,9.75],"rotation":0,"texture":"#0","tintindex":0},"north":{"uv":[9.25,8.5,9.5,9.0],"rotation":0,"texture":"#0","tintindex":0},"west":{"uv":[7.0,8.5,7.5,9.0],"rotation":0,"texture":"#0","tintindex":0},"up":{"uv":[9.25,9.75,9.0,9.25],"rotation":0,"texture":"#0","tintindex":0},"down":{"uv":[9.5,9.0,9.25,9.5],"rotation":0,"texture":"#0","tintindex":0}}},{"from":[5.771428,10.228572,8.057143],"to":[6.1142855,10.914286,9.085714],"rotation":{"angle":0.0,"axis":"y","origin":[8.0,8.0,7.885714]},"faces":{"east":{"uv":[3.0,8.5,3.5,9.0],"rotation":0,"texture":"#0","tintindex":0},"south":{"uv":[8.75,9.25,9.0,9.75],"rotation":0,"texture":"#0","tintindex":0},"north":{"uv":[9.25,8.5,9.5,9.0],"rotation":0,"texture":"#0","tintindex":0},"west":{"uv":[7.0,8.5,7.5,9.0],"rotation":0,"texture":"#0","tintindex":0},"up":{"uv":[9.25,9.75,9.0,9.25],"rotation":0,"texture":"#0","tintindex":0},"down":{"uv":[9.5,9.0,9.25,9.5],"rotation":0,"texture":"#0","tintindex":0}}},{"from":[5.771428,9.714286,6.342857],"to":[6.1142855,10.228572,7.542857],"rotation":{"angle":0.0,"axis":"y","origin":[8.0,8.0,7.885714]},"faces":{"east":{"uv":[4.0,8.75,4.5,9.0],"rotation":0,"texture":"#0","tintindex":0},"south":{"uv":[1.0,9.5,1.25,9.75],"rotation":0,"texture":"#0","tintindex":0},"north":{"uv":[9.5,0.75,9.75,1.0],"rotation":0,"texture":"#0","tintindex":0},"west":{"uv":[8.75,4.0,9.25,4.25],"rotation":0,"texture":"#0","tintindex":0},"up":{"uv":[0.25,9.75,0.0,9.25],"rotation":0,"texture":"#0","tintindex":0},"down":{"uv":[9.5,0.0,9.25,0.5],"rotation":0,"texture":"#0","tintindex":0}}},{"from":[5.771428,9.714286,7.542857],"to":[6.1142855,10.228572,8.742857],"rotation":{"angle":0.0,"axis":"y","origin":[8.0,8.0,7.885714]},"faces":{"east":{"uv":[4.0,8.75,4.5,9.0],"rotation":0,"texture":"#0","tintindex":0},"south":{"uv":[1.0,9.5,1.25,9.75],"rotation":0,"texture":"#0","tintindex":0},"north":{"uv":[9.5,0.75,9.75,1.0],"rotation":0,"texture":"#0","tintindex":0},"west":{"uv":[8.75,4.0,9.25,4.25],"rotation":0,"texture":"#0","tintindex":0},"up":{"uv":[0.25,9.75,0.0,9.25],"rotation":0,"texture":"#0","tintindex":0},"down":{"uv":[9.5,0.0,9.25,0.5],"rotation":0,"texture":"#0","tintindex":0}}}],"display":{"head":{"translation":[0.0,-6.4,0.0],"scale":[4.0,4.0,4.0]}}}