{"textures":{"0":"modelengine:entity/presentred"},"elements":[{"from":[4.0,8.0,11.428572],"to":[11.428572,14.285715,12.0],"rotation":{"angle":0.0,"axis":"y","origin":[8.0,8.0,8.0]},"faces":{"east":{"uv":[0.875,7.0,1.0,8.375],"rotation":0,"texture":"#0","tintindex":0},"south":{"uv":[3.25,0.0,4.875,1.375],"rotation":0,"texture":"#0","tintindex":0},"north":{"uv":[1.75,3.25,3.375,4.625],"rotation":0,"texture":"#0","tintindex":0},"west":{"uv":[1.0,7.0,1.125,8.375],"rotation":0,"texture":"#0","tintindex":0},"up":{"uv":[4.875,2.875,3.25,2.75],"rotation":0,"texture":"#0","tintindex":0},"down":{"uv":[4.875,2.875,3.25,3.0],"rotation":0,"texture":"#0","tintindex":0}}},{"from":[7.429714,8.0011425,11.572572],"to":[8.570286,14.284572,12.141714],"rotation":{"angle":0.0,"axis":"y","origin":[8.0,8.0,8.0]},"faces":{"east":{"uv":[1.125,7.0,1.25,8.375],"rotation":0,"texture":"#0","tintindex":0},"south":{"uv":[2.25,6.75,2.5,8.125],"rotation":0,"texture":"#0","tintindex":0},"north":{"uv":[2.0,6.75,2.25,8.125],"rotation":0,"texture":"#0","tintindex":0},"west":{"uv":[1.25,7.0,1.375,8.375],"rotation":0,"texture":"#0","tintindex":0},"up":{"uv":[8.125,7.625,7.875,7.5],"rotation":0,"texture":"#0","tintindex":0},"down":{"uv":[8.125,7.625,7.875,7.75],"rotation":0,"texture":"#0","tintindex":0}}},{"from":[4.0,8.0,4.0],"to":[4.5714283,14.285715,11.428572],"rotation":{"angle":0.0,"axis":"y","origin":[8.0,8.0,8.0]},"faces":{"east":{"uv":[3.25,1.375,4.875,2.75],"rotation":0,"texture":"#0","tintindex":0},"south":{"uv":[6.125,7.125,6.25,8.5],"rotation":0,"texture":"#0","tintindex":0},"north":{"uv":[1.375,7.0,1.5,8.375],"rotation":0,"texture":"#0","tintindex":0},"west":{"uv":[3.375,3.375,5.0,4.75],"rotation":0,"texture":"#0","tintindex":0},"up":{"uv":[0.5,8.625,0.375,7.0],"rotation":0,"texture":"#0","tintindex":0},"down":{"uv":[0.625,7.0,0.5,8.625],"rotation":0,"texture":"#0","tintindex":0}}},{"from":[3.8582854,8.0011425,7.429714],"to":[4.4274282,14.284572,8.570286],"rotation":{"angle":0.0,"axis":"y","origin":[8.0,8.0,8.0]},"faces":{"east":{"uv":[2.5,6.75,2.75,8.125],"rotation":0,"texture":"#0","tintindex":0},"south":{"uv":[6.375,7.125,6.5,8.5],"rotation":0,"texture":"#0","tintindex":0},"north":{"uv":[6.25,7.125,6.375,8.5],"rotation":0,"texture":"#0","tintindex":0},"west":{"uv":[2.75,6.75,3.0,8.125],"rotation":0,"texture":"#0","tintindex":0},"up":{"uv":[5.25,8.25,5.125,8.0],"rotation":0,"texture":"#0","tintindex":0},"down":{"uv":[5.375,8.0,5.25,8.25],"rotation":0,"texture":"#0","tintindex":0}}},{"from":[4.5714283,8.0,4.0],"to":[12.0,14.285715,4.5714283],"rotation":{"angle":0.0,"axis":"y","origin":[8.0,8.0,8.0]},"faces":{"east":{"uv":[6.75,7.125,6.875,8.5],"rotation":0,"texture":"#0","tintindex":0},"south":{"uv":[1.625,4.625,3.25,6.0],"rotation":0,"texture":"#0","tintindex":0},"north":{"uv":[0.0,3.5,1.625,4.875],"rotation":0,"texture":"#0","tintindex":0},"west":{"uv":[6.875,7.125,7.0,8.5],"rotation":0,"texture":"#0","tintindex":0},"up":{"uv":[5.0,3.375,3.375,3.25],"rotation":0,"texture":"#0","tintindex":0},"down":{"uv":[8.5,4.75,6.875,4.875],"rotation":0,"texture":"#0","tintindex":0}}},{"from":[7.429714,8.0011425,3.8582854],"to":[8.570286,14.284572,4.4274282],"rotation":{"angle":0.0,"axis":"y","origin":[8.0,8.0,8.0]},"faces":{"east":{"uv":[7.0,7.125,7.125,8.5],"rotation":0,"texture":"#0","tintindex":0},"south":{"uv":[3.75,6.875,4.0,8.25],"rotation":0,"texture":"#0","tintindex":0},"north":{"uv":[3.5,6.875,3.75,8.25],"rotation":0,"texture":"#0","tintindex":0},"west":{"uv":[7.125,7.125,7.25,8.5],"rotation":0,"texture":"#0","tintindex":0},"up":{"uv":[8.125,7.875,7.875,7.75],"rotation":0,"texture":"#0","tintindex":0},"down":{"uv":[5.875,8.0,5.625,8.125],"rotation":0,"texture":"#0","tintindex":0}}},{"from":[4.5714283,8.0,4.5714283],"to":[11.428572,12.0,11.428572],"rotation":{"angle":0.0,"axis":"y","origin":[8.0,8.0,8.0]},"faces":{"east":{"uv":[1.75,1.625,3.25,1.75],"rotation":0,"texture":"#0","tintindex":0},"south":{"uv":[6.125,7.0,7.625,7.125],"rotation":0,"texture":"#0","tintindex":0},"north":{"uv":[1.75,1.5,3.25,1.625],"rotation":0,"texture":"#0","tintindex":0},"west":{"uv":[4.625,7.125,6.125,7.25],"rotation":0,"texture":"#0","tintindex":0},"up":{"uv":[3.25,3.25,1.75,1.75],"rotation":0,"texture":"#0","tintindex":0},"down":{"uv":[3.25,0.0,1.75,1.5],"rotation":0,"texture":"#0","tintindex":0}}},{"from":[11.428572,8.0,4.5714283],"to":[12.0,14.285715,12.0],"rotation":{"angle":0.0,"axis":"y","origin":[8.0,8.0,8.0]},"faces":{"east":{"uv":[3.25,4.75,4.875,6.125],"rotation":0,"texture":"#0","tintindex":0},"south":{"uv":[4.75,7.25,4.875,8.625],"rotation":0,"texture":"#0","tintindex":0},"north":{"uv":[4.625,7.25,4.75,8.625],"rotation":0,"texture":"#0","tintindex":0},"west":{"uv":[0.0,4.875,1.625,6.25],"rotation":0,"texture":"#0","tintindex":0},"up":{"uv":[0.75,8.625,0.625,7.0],"rotation":0,"texture":"#0","tintindex":0},"down":{"uv":[0.875,7.0,0.75,8.625],"rotation":0,"texture":"#0","tintindex":0}}},{"from":[11.572572,8.0011425,7.429714],"to":[12.141714,14.284572,8.570286],"rotation":{"angle":0.0,"axis":"y","origin":[8.0,8.0,8.0]},"faces":{"east":{"uv":[4.0,6.875,4.25,8.25],"rotation":0,"texture":"#0","tintindex":0},"south":{"uv":[5.0,7.25,5.125,8.625],"rotation":0,"texture":"#0","tintindex":0},"north":{"uv":[4.875,7.25,5.0,8.625],"rotation":0,"texture":"#0","tintindex":0},"west":{"uv":[4.25,6.875,4.5,8.25],"rotation":0,"texture":"#0","tintindex":0},"up":{"uv":[6.0,8.25,5.875,8.0],"rotation":0,"texture":"#0","tintindex":0},"down":{"uv":[6.125,8.0,6.0,8.25],"rotation":0,"texture":"#0","tintindex":0}}}],"display":{"head":{"translation":[0.0,-6.4,0.0],"scale":[4.0,4.0,4.0]}}}