{"textures":{"0":"modelengine:entity/presentred"},"elements":[{"from":[8.0,7.285714,4.6285715],"to":[8.0,10.714286,11.342857],"rotation":{"angle":22.5,"axis":"z","origin":[8.0,2.2857141,8.0]},"faces":{"east":{"uv":[4.875,4.875,6.375,5.625],"rotation":0,"texture":"#0","tintindex":0},"south":{"uv":[0.0,0.0,0.0,0.75],"rotation":0,"texture":"#0","tintindex":0},"north":{"uv":[0.0,0.0,0.0,0.75],"rotation":0,"texture":"#0","tintindex":0},"west":{"uv":[6.375,4.875,4.875,5.625],"rotation":0,"texture":"#0","tintindex":0},"up":{"uv":[0.0,1.5,0.0,0.0],"rotation":0,"texture":"#0","tintindex":0},"down":{"uv":[0.0,0.0,0.0,1.5],"rotation":0,"texture":"#0","tintindex":0}}},{"from":[8.0,7.428571,4.6285715],"to":[8.0,10.857143,11.485714],"rotation":{"angle":-22.5,"axis":"z","origin":[8.0,2.2857141,8.0]},"faces":{"east":{"uv":[6.5,3.0,5.0,3.75],"rotation":0,"texture":"#0","tintindex":0},"south":{"uv":[0.0,0.0,0.0,0.75],"rotation":0,"texture":"#0","tintindex":0},"north":{"uv":[0.0,0.0,0.0,0.75],"rotation":0,"texture":"#0","tintindex":0},"west":{"uv":[5.0,3.0,6.5,3.75],"rotation":0,"texture":"#0","tintindex":0},"up":{"uv":[0.0,1.5,0.0,0.0],"rotation":0,"texture":"#0","tintindex":0},"down":{"uv":[0.0,0.0,0.0,1.5],"rotation":0,"texture":"#0","tintindex":0}}}],"display":{"head":{"translation":[0.0,-6.4,0.0],"scale":[4.0,4.0,4.0]}}}