{"textures":{"1":"modelengine:entity/discord2"},"elements":[{"from":[6.284571,10.856,9.098857],"to":[9.715428,16.57257,11.458286],"rotation":{"angle":0.0,"axis":"y","origin":[8.0,8.0,-0.57142925]},"faces":{"east":{"uv":[2.25,4.625,2.75,5.875],"rotation":0,"texture":"#1","tintindex":0},"south":{"uv":[0.0,3.375,0.75,4.625],"rotation":0,"texture":"#1","tintindex":0},"north":{"uv":[3.0,2.75,3.75,4.0],"rotation":0,"texture":"#1","tintindex":0},"west":{"uv":[2.25,4.625,2.75,5.875],"rotation":0,"texture":"#1","tintindex":0},"up":{"uv":[5.25,5.875,4.5,5.375],"rotation":0,"texture":"#1","tintindex":0},"down":{"uv":[7.0,3.875,6.25,4.375],"rotation":0,"texture":"#1","tintindex":0}}},{"from":[6.285143,12.528,7.428],"to":[9.714857,14.857715,13.143429],"rotation":{"angle":0.0,"axis":"y","origin":[8.0,8.0,-0.57142925]},"faces":{"east":{"uv":[4.0,4.875,5.25,5.375],"rotation":0,"texture":"#1","tintindex":0},"south":{"uv":[6.25,6.125,7.0,6.625],"rotation":0,"texture":"#1","tintindex":0},"north":{"uv":[6.25,5.625,7.0,6.125],"rotation":0,"texture":"#1","tintindex":0},"west":{"uv":[4.0,4.875,5.25,5.375],"rotation":0,"texture":"#1","tintindex":0},"up":{"uv":[1.5,4.625,0.75,3.375],"rotation":0,"texture":"#1","tintindex":0},"down":{"uv":[2.25,3.375,1.5,4.625],"rotation":0,"texture":"#1","tintindex":0}}},{"from":[6.285714,12.542857,7.428571],"to":[9.714286,14.885715,13.142858],"rotation":{"angle":-45.0,"axis":"x","origin":[8.0,13.714286,10.285714]},"faces":{"east":{"uv":[5.125,1.25,6.375,1.75],"rotation":0,"texture":"#1","tintindex":0},"south":{"uv":[6.375,1.25,7.125,1.75],"rotation":0,"texture":"#1","tintindex":0},"north":{"uv":[6.375,2.25,7.125,2.75],"rotation":0,"texture":"#1","tintindex":0},"west":{"uv":[5.125,1.25,6.375,1.75],"rotation":0,"texture":"#1","tintindex":0},"up":{"uv":[3.0,4.625,2.25,3.375],"rotation":0,"texture":"#1","tintindex":0},"down":{"uv":[4.5,2.75,3.75,4.0],"rotation":0,"texture":"#1","tintindex":0}}},{"from":[6.285714,12.528572,7.428571],"to":[9.714286,14.9,13.142858],"rotation":{"angle":45.0,"axis":"x","origin":[8.0,13.714286,10.285714]},"faces":{"east":{"uv":[1.0,5.25,2.25,5.75],"rotation":0,"texture":"#1","tintindex":0},"south":{"uv":[6.375,2.25,7.125,2.75],"rotation":0,"texture":"#1","tintindex":0},"north":{"uv":[6.375,1.75,7.125,2.25],"rotation":0,"texture":"#1","tintindex":0},"west":{"uv":[1.0,5.25,2.25,5.75],"rotation":0,"texture":"#1","tintindex":0},"up":{"uv":[4.625,1.25,3.875,0.0],"rotation":0,"texture":"#1","tintindex":0},"down":{"uv":[4.625,1.25,3.875,2.5],"rotation":0,"texture":"#1","tintindex":0}}},{"from":[6.113714,13.985144,8.980857],"to":[9.886286,17.429142,11.589143],"rotation":{"angle":0.0,"axis":"y","origin":[8.0,14.278433,10.282361]},"faces":{"east":{"uv":[6.125,4.875,6.6875,5.625],"rotation":0,"texture":"#1","tintindex":0},"south":{"uv":[5.25,5.25,6.0625,6.0],"rotation":0,"texture":"#1","tintindex":0},"north":{"uv":[5.25,4.5,6.0625,5.25],"rotation":0,"texture":"#1","tintindex":0},"west":{"uv":[6.125,4.875,6.6875,5.625],"rotation":0,"texture":"#1","tintindex":0},"up":{"uv":[0.8125,6.0625,0.0,5.5],"rotation":0,"texture":"#1","tintindex":0},"down":{"uv":[6.3125,2.25,5.5,2.8125],"rotation":0,"texture":"#1","tintindex":0}}},{"from":[6.0571427,12.357143,8.21],"to":[9.942857,15.042858,10.895715],"rotation":{"angle":45.0,"axis":"x","origin":[8.0,12.985715,10.267143]},"faces":{"east":{"uv":[2.0,6.5,2.5625,7.0625],"rotation":0,"texture":"#1","tintindex":0},"south":{"uv":[5.75,2.875,6.5625,3.4375],"rotation":0,"texture":"#1","tintindex":0},"north":{"uv":[5.75,2.875,6.5625,3.4375],"rotation":0,"texture":"#1","tintindex":0},"west":{"uv":[2.0,6.5,2.5625,7.0625],"rotation":0,"texture":"#1","tintindex":0},"up":{"uv":[5.75,2.875,6.5625,3.4375],"rotation":0,"texture":"#1","tintindex":0},"down":{"uv":[5.75,2.875,6.5625,3.4375],"rotation":0,"texture":"#1","tintindex":0}}},{"from":[6.1142855,12.9783535,11.718452],"to":[9.885715,15.584068,13.432738],"rotation":{"angle":-45.0,"axis":"x","origin":[8.0,14.278433,10.282361]},"faces":{"east":{"uv":[6.5,7.0,6.875,7.5625],"rotation":0,"texture":"#1","tintindex":0},"south":{"uv":[3.5,6.0,4.3125,6.5625],"rotation":0,"texture":"#1","tintindex":0},"north":{"uv":[1.75,5.875,2.5625,6.4375],"rotation":0,"texture":"#1","tintindex":0},"west":{"uv":[6.5,7.0,6.875,7.5625],"rotation":0,"texture":"#1","tintindex":0},"up":{"uv":[3.4375,7.0,2.625,6.625],"rotation":0,"texture":"#1","tintindex":0},"down":{"uv":[7.4375,2.75,6.625,3.125],"rotation":0,"texture":"#1","tintindex":0}}},{"from":[6.113143,13.980286,7.141714],"to":[9.886857,15.586857,13.429714],"rotation":{"angle":0.0,"axis":"y","origin":[8.0,14.278433,10.282361]},"faces":{"east":{"uv":[6.125,4.5,7.5,4.8125],"rotation":0,"texture":"#1","tintindex":0},"south":{"uv":[4.375,6.625,5.1875,6.9375],"rotation":0,"texture":"#1","tintindex":0},"north":{"uv":[4.375,6.625,5.1875,6.9375],"rotation":0,"texture":"#1","tintindex":0},"west":{"uv":[6.125,4.5,7.5,4.8125],"rotation":0,"texture":"#1","tintindex":0},"up":{"uv":[3.8125,1.375,3.0,0.0],"rotation":0,"texture":"#1","tintindex":0},"down":{"uv":[3.8125,1.375,3.0,2.75],"rotation":0,"texture":"#1","tintindex":0}}},{"from":[6.1142855,12.9816675,7.136726],"to":[9.885715,15.58881,8.851011],"rotation":{"angle":45.0,"axis":"x","origin":[8.0,14.278433,10.282361]},"faces":{"east":{"uv":[7.125,1.25,7.5,1.8125],"rotation":0,"texture":"#1","tintindex":0},"south":{"uv":[4.375,6.0,5.1875,6.5625],"rotation":0,"texture":"#1","tintindex":0},"north":{"uv":[3.5,6.0,4.3125,6.5625],"rotation":0,"texture":"#1","tintindex":0},"west":{"uv":[7.125,1.25,7.5,1.8125],"rotation":0,"texture":"#1","tintindex":0},"up":{"uv":[7.4375,3.5,6.625,3.125],"rotation":0,"texture":"#1","tintindex":0},"down":{"uv":[4.3125,6.625,3.5,7.0],"rotation":0,"texture":"#1","tintindex":0}}}],"display":{"head":{"translation":[0.0,-6.4,0.0],"scale":[4.0,4.0,4.0]}}}