{"textures":{"1":"modelengine:entity/discord2"},"elements":[{"from":[4.5714283,8.0,5.5714283],"to":[11.428572,8.571428,10.428572],"rotation":{"angle":0.0,"axis":"y","origin":[8.0,8.0,8.0]},"faces":{"east":{"uv":[7.875,6.375,8.9375,6.5],"rotation":0,"texture":"#1","tintindex":0},"south":{"uv":[7.375,2.625,8.875,2.75],"rotation":0,"texture":"#1","tintindex":0},"north":{"uv":[7.125,3.75,8.625,3.875],"rotation":0,"texture":"#1","tintindex":0},"west":{"uv":[7.875,6.375,8.9375,6.5],"rotation":0,"texture":"#1","tintindex":0},"up":{"uv":[1.5,1.0625,0.0,0.0],"rotation":0,"texture":"#1","tintindex":0},"down":{"uv":[1.5,2.25,0.0,3.3125],"rotation":0,"texture":"#1","tintindex":0}}},{"from":[4.5714283,8.571428,10.142858],"to":[11.428572,13.285715,10.714286],"rotation":{"angle":0.0,"axis":"y","origin":[8.0,8.0,8.0]},"faces":{"east":{"uv":[7.0,8.125,7.125,9.1875],"rotation":0,"texture":"#1","tintindex":0},"south":{"uv":[1.5,1.125,3.0,2.1875],"rotation":0,"texture":"#1","tintindex":0},"north":{"uv":[1.5,0.0,3.0,1.0625],"rotation":0,"texture":"#1","tintindex":0},"west":{"uv":[7.0,8.125,7.125,9.1875],"rotation":0,"texture":"#1","tintindex":0},"up":{"uv":[9.0,1.375,7.5,1.25],"rotation":0,"texture":"#1","tintindex":0},"down":{"uv":[9.0,1.375,7.5,1.5],"rotation":0,"texture":"#1","tintindex":0}}},{"from":[4.5714283,13.285715,5.5714283],"to":[11.428572,13.857143,10.428572],"rotation":{"angle":0.0,"axis":"y","origin":[8.0,8.0,8.0]},"faces":{"east":{"uv":[8.0,5.0,9.0625,5.125],"rotation":0,"texture":"#1","tintindex":0},"south":{"uv":[7.5,1.5,9.0,1.625],"rotation":0,"texture":"#1","tintindex":0},"north":{"uv":[7.5,1.5,9.0,1.625],"rotation":0,"texture":"#1","tintindex":0},"west":{"uv":[8.0,5.0,9.0625,5.125],"rotation":0,"texture":"#1","tintindex":0},"up":{"uv":[1.5,3.3125,0.0,2.25],"rotation":0,"texture":"#1","tintindex":0},"down":{"uv":[3.0,2.25,1.5,3.3125],"rotation":0,"texture":"#1","tintindex":0}}},{"from":[5.714286,13.057143,5.3857145],"to":[10.285714,13.628572,5.957143],"rotation":{"angle":22.5,"axis":"x","origin":[8.0,13.285715,6.042857]},"faces":{"east":{"uv":[0.875,9.625,1.0,9.75],"rotation":0,"texture":"#1","tintindex":0},"south":{"uv":[8.375,1.0,9.375,1.125],"rotation":0,"texture":"#1","tintindex":0},"north":{"uv":[8.375,1.0,9.375,1.125],"rotation":0,"texture":"#1","tintindex":0},"west":{"uv":[0.875,9.625,1.0,9.75],"rotation":0,"texture":"#1","tintindex":0},"up":{"uv":[9.375,2.125,8.375,2.0],"rotation":0,"texture":"#1","tintindex":0},"down":{"uv":[9.375,2.125,8.375,2.25],"rotation":0,"texture":"#1","tintindex":0}}},{"from":[6.857143,12.628572,5.3857145],"to":[9.142858,13.057143,5.957143],"rotation":{"angle":22.5,"axis":"x","origin":[8.0,13.285715,6.042857]},"faces":{"east":{"uv":[9.625,1.0,9.75,1.125],"rotation":0,"texture":"#1","tintindex":0},"south":{"uv":[1.75,5.75,2.25,5.875],"rotation":0,"texture":"#1","tintindex":0},"north":{"uv":[1.75,5.75,2.25,5.875],"rotation":0,"texture":"#1","tintindex":0},"west":{"uv":[9.625,1.0,9.75,1.125],"rotation":0,"texture":"#1","tintindex":0},"up":{"uv":[9.5,1.0,9.0,0.875],"rotation":0,"texture":"#1","tintindex":0},"down":{"uv":[9.5,6.125,9.0,6.25],"rotation":0,"texture":"#1","tintindex":0}}},{"from":[7.714286,12.200001,5.3857145],"to":[8.285714,12.628572,5.957143],"rotation":{"angle":22.5,"axis":"x","origin":[8.0,13.285715,6.042857]},"faces":{"east":{"uv":[9.625,1.25,9.75,1.375],"rotation":0,"texture":"#1","tintindex":0},"south":{"uv":[1.125,9.625,1.25,9.75],"rotation":0,"texture":"#1","tintindex":0},"north":{"uv":[1.125,9.625,1.25,9.75],"rotation":0,"texture":"#1","tintindex":0},"west":{"uv":[9.625,1.25,9.75,1.375],"rotation":0,"texture":"#1","tintindex":0},"up":{"uv":[1.5,9.75,1.375,9.625],"rotation":0,"texture":"#1","tintindex":0},"down":{"uv":[9.75,1.375,9.625,1.5],"rotation":0,"texture":"#1","tintindex":0}}},{"from":[10.857143,8.571428,5.8571424],"to":[11.714286,9.142858,10.428572],"rotation":{"angle":0.0,"axis":"y","origin":[8.0,8.0,8.0]},"faces":{"east":{"uv":[8.375,4.75,9.375,4.875],"rotation":0,"texture":"#1","tintindex":0},"south":{"uv":[8.25,9.5,8.4375,9.625],"rotation":0,"texture":"#1","tintindex":0},"north":{"uv":[9.5,8.125,9.6875,8.25],"rotation":0,"texture":"#1","tintindex":0},"west":{"uv":[8.375,4.75,9.375,4.875],"rotation":0,"texture":"#1","tintindex":0},"up":{"uv":[7.4375,8.5,7.25,7.5],"rotation":0,"texture":"#1","tintindex":0},"down":{"uv":[8.375,4.75,9.375,4.875],"rotation":0,"texture":"#1","tintindex":0}}},{"from":[4.285714,12.714286,5.8571424],"to":[5.142857,13.285715,10.428572],"rotation":{"angle":0.0,"axis":"y","origin":[8.0,8.0,8.0]},"faces":{"east":{"uv":[8.375,4.5,9.375,4.625],"rotation":0,"texture":"#1","tintindex":0},"south":{"uv":[9.5,8.0,9.6875,8.125],"rotation":0,"texture":"#1","tintindex":0},"north":{"uv":[8.0,9.5,8.1875,9.625],"rotation":0,"texture":"#1","tintindex":0},"west":{"uv":[8.375,4.5,9.375,4.625],"rotation":0,"texture":"#1","tintindex":0},"up":{"uv":[1.8125,8.375,1.625,7.375],"rotation":0,"texture":"#1","tintindex":0},"down":{"uv":[2.0625,7.375,1.875,8.375],"rotation":0,"texture":"#1","tintindex":0}}},{"from":[4.142857,9.142858,6.142857],"to":[5.0,12.714286,10.428572],"rotation":{"angle":0.0,"axis":"y","origin":[8.0,8.0,8.0]},"faces":{"east":{"uv":[4.0,4.0,4.9375,4.8125],"rotation":0,"texture":"#1","tintindex":0},"south":{"uv":[5.0,8.125,5.1875,8.9375],"rotation":0,"texture":"#1","tintindex":0},"north":{"uv":[4.75,8.125,4.9375,8.9375],"rotation":0,"texture":"#1","tintindex":0},"west":{"uv":[4.0,4.0,4.9375,4.8125],"rotation":0,"texture":"#1","tintindex":0},"up":{"uv":[3.1875,8.5625,3.0,7.625],"rotation":0,"texture":"#1","tintindex":0},"down":{"uv":[3.4375,7.625,3.25,8.5625],"rotation":0,"texture":"#1","tintindex":0}}},{"from":[4.285714,8.571428,5.8571424],"to":[5.142857,9.142858,10.428572],"rotation":{"angle":0.0,"axis":"y","origin":[8.0,8.0,8.0]},"faces":{"east":{"uv":[8.375,4.75,9.375,4.875],"rotation":0,"texture":"#1","tintindex":0},"south":{"uv":[8.25,9.5,8.4375,9.625],"rotation":0,"texture":"#1","tintindex":0},"north":{"uv":[9.5,8.125,9.6875,8.25],"rotation":0,"texture":"#1","tintindex":0},"west":{"uv":[8.375,4.75,9.375,4.875],"rotation":0,"texture":"#1","tintindex":0},"up":{"uv":[7.4375,8.5,7.25,7.5],"rotation":0,"texture":"#1","tintindex":0},"down":{"uv":[7.6875,7.5,7.5,8.5],"rotation":0,"texture":"#1","tintindex":0}}},{"from":[10.857143,12.714286,5.8571424],"to":[11.714286,13.285715,10.428572],"rotation":{"angle":0.0,"axis":"y","origin":[8.0,8.0,8.0]},"faces":{"east":{"uv":[8.375,4.5,9.375,4.625],"rotation":0,"texture":"#1","tintindex":0},"south":{"uv":[9.5,8.0,9.6875,8.125],"rotation":0,"texture":"#1","tintindex":0},"north":{"uv":[8.0,9.5,8.1875,9.625],"rotation":0,"texture":"#1","tintindex":0},"west":{"uv":[8.375,4.5,9.375,4.625],"rotation":0,"texture":"#1","tintindex":0},"up":{"uv":[1.8125,8.375,1.625,7.375],"rotation":0,"texture":"#1","tintindex":0},"down":{"uv":[2.0625,7.375,1.875,8.375],"rotation":0,"texture":"#1","tintindex":0}}},{"from":[11.0,9.142858,6.142857],"to":[11.857143,12.714286,10.428572],"rotation":{"angle":0.0,"axis":"y","origin":[8.0,8.0,8.0]},"faces":{"east":{"uv":[4.0,4.0,4.9375,4.8125],"rotation":0,"texture":"#1","tintindex":0},"south":{"uv":[5.0,8.125,5.1875,8.9375],"rotation":0,"texture":"#1","tintindex":0},"north":{"uv":[4.75,8.125,4.9375,8.9375],"rotation":0,"texture":"#1","tintindex":0},"west":{"uv":[4.0,4.0,4.9375,4.8125],"rotation":0,"texture":"#1","tintindex":0},"up":{"uv":[3.1875,8.5625,3.0,7.625],"rotation":0,"texture":"#1","tintindex":0},"down":{"uv":[3.4375,7.625,3.25,8.5625],"rotation":0,"texture":"#1","tintindex":0}}},{"from":[7.3428574,13.314286,6.285714],"to":[8.485714,14.457144,10.0],"rotation":{"angle":45.0,"axis":"z","origin":[8.0,14.0,8.285714]},"faces":{"east":{"uv":[7.125,1.875,7.375,2.6875],"rotation":90,"texture":"#1","tintindex":0},"south":{"uv":[9.0,6.25,9.25,6.5],"rotation":0,"texture":"#1","tintindex":0},"north":{"uv":[9.0,6.25,9.25,6.5],"rotation":270,"texture":"#1","tintindex":0},"west":{"uv":[1.375,7.125,2.1875,7.375],"rotation":0,"texture":"#1","tintindex":0},"up":{"uv":[7.375,2.6875,7.125,1.875],"rotation":0,"texture":"#1","tintindex":0},"down":{"uv":[2.5,7.125,2.25,7.9375],"rotation":0,"texture":"#1","tintindex":0}}}],"display":{"head":{"translation":[0.0,-6.4,0.0],"scale":[4.0,4.0,4.0]}}}