{"textures":{"0":"modelengine:entity/crate5"},"elements":[{"from":[-2.1763763,16.307465,8.857143],"to":[2.395052,18.593178,11.714286],"rotation":{"angle":-22.5,"axis":"z","origin":[0.85714245,17.714287,10.285714]},"faces":{"east":{"uv":[13.875,3.0,14.5,3.5],"rotation":0,"texture":"#0","tintindex":0},"south":{"uv":[0.0,11.375,1.0,11.875],"rotation":0,"texture":"#0","tintindex":0},"north":{"uv":[3.625,11.375,4.625,11.875],"rotation":0,"texture":"#0","tintindex":0},"west":{"uv":[7.75,13.75,8.375,14.25],"rotation":0,"texture":"#0","tintindex":0},"up":{"uv":[2.125,10.125,1.125,10.75],"rotation":0,"texture":"#0","tintindex":0},"down":{"uv":[11.125,4.75,10.125,4.125],"rotation":0,"texture":"#0","tintindex":0}}},{"from":[-4.1799526,19.682373,9.428572],"to":[-1.3228102,21.396658,11.142858],"rotation":{"angle":-45.0,"axis":"z","origin":[-3.8942385,19.396658,10.285714]},"faces":{"east":{"uv":[10.75,15.125,11.125,15.5],"rotation":0,"texture":"#0","tintindex":0},"south":{"uv":[12.5,14.75,11.875,15.125],"rotation":0,"texture":"#0","tintindex":0},"north":{"uv":[11.875,14.75,12.5,15.125],"rotation":0,"texture":"#0","tintindex":0},"west":{"uv":[10.375,15.125,10.75,15.5],"rotation":0,"texture":"#0","tintindex":0},"up":{"uv":[14.5,15.125,13.875,14.75],"rotation":0,"texture":"#0","tintindex":0},"down":{"uv":[1.625,14.875,1.0,15.25],"rotation":0,"texture":"#0","tintindex":0}}}],"display":{"head":{"translation":[0.0,-6.4,0.0],"scale":[4.0,4.0,4.0]}}}