{"textures":{"0":"modelengine:entity/reindeer"},"elements":[{"from":[6.0,1.1428566,8.571428],"to":[8.0,6.285714,11.142858],"rotation":{"angle":-22.5,"axis":"x","origin":[7.428571,0.5714283,2.2857141]},"faces":{"east":{"uv":[1.5,10.0,2.625,12.25],"rotation":0,"texture":"#0","tintindex":0},"south":{"uv":[7.25,10.75,8.125,13.0],"rotation":0,"texture":"#0","tintindex":0},"north":{"uv":[4.25,10.75,5.125,13.0],"rotation":0,"texture":"#0","tintindex":0},"west":{"uv":[10.0,1.5,11.125,3.75],"rotation":0,"texture":"#0","tintindex":0},"up":{"uv":[8.875,7.875,8.0,6.75],"rotation":0,"texture":"#0","tintindex":0},"down":{"uv":[12.875,10.75,12.0,11.875],"rotation":0,"texture":"#0","tintindex":0}}},{"from":[6.285714,0.5714283,8.571428],"to":[7.428571,5.142857,9.714286],"rotation":{"angle":0.0,"axis":"y","origin":[7.428571,0.5714283,2.2857141]},"faces":{"east":{"uv":[3.0,12.25,3.5,14.25],"rotation":0,"texture":"#0","tintindex":0},"south":{"uv":[3.5,12.25,4.0,14.25],"rotation":0,"texture":"#0","tintindex":0},"north":{"uv":[2.5,12.25,3.0,14.25],"rotation":0,"texture":"#0","tintindex":0},"west":{"uv":[12.25,2.25,12.75,4.25],"rotation":0,"texture":"#0","tintindex":0},"up":{"uv":[14.0,4.75,13.5,4.25],"rotation":0,"texture":"#0","tintindex":0},"down":{"uv":[14.0,4.75,13.5,5.25],"rotation":0,"texture":"#0","tintindex":0}}}],"display":{"head":{"translation":[0.0,-6.4,0.0],"scale":[4.0,4.0,4.0]}}}