{"textures":{"0":"modelengine:entity/reindeer"},"elements":[{"from":[6.5714283,9.142858,15.428572],"to":[7.142857,10.285714,17.142857],"rotation":{"angle":-22.5,"axis":"x","origin":[5.714286,12.571428,8.571428]},"faces":{"east":{"uv":[7.25,2.0,8.0,2.5],"rotation":0,"texture":"#0","tintindex":0},"south":{"uv":[9.25,10.75,9.5,11.25],"rotation":0,"texture":"#0","tintindex":0},"north":{"uv":[5.25,10.75,5.5,11.25],"rotation":0,"texture":"#0","tintindex":0},"west":{"uv":[9.25,1.5,10.0,2.0],"rotation":0,"texture":"#0","tintindex":0},"up":{"uv":[4.25,13.0,4.0,12.25],"rotation":0,"texture":"#0","tintindex":0},"down":{"uv":[13.75,6.25,13.5,7.0],"rotation":0,"texture":"#0","tintindex":0}}},{"from":[4.5714283,8.0,10.285714],"to":[9.142858,13.142858,16.0],"rotation":{"angle":0.0,"axis":"y","origin":[5.714286,12.571428,8.571428]},"faces":{"east":{"uv":[0.0,0.0,2.5,2.25],"rotation":0,"texture":"#0","tintindex":0},"south":{"uv":[0.0,7.25,2.0,9.5],"rotation":0,"texture":"#0","tintindex":0},"north":{"uv":[4.0,7.0,6.0,9.25],"rotation":0,"texture":"#0","tintindex":0},"west":{"uv":[0.0,2.25,2.5,4.5],"rotation":0,"texture":"#0","tintindex":0},"up":{"uv":[8.0,8.5,6.0,6.0],"rotation":0,"texture":"#0","tintindex":0},"down":{"uv":[8.0,2.5,6.0,5.0],"rotation":0,"texture":"#0","tintindex":0}}},{"from":[4.5714283,9.142858,4.0],"to":[9.142858,13.714286,10.285714],"rotation":{"angle":0.0,"axis":"y","origin":[5.714286,12.571428,8.571428]},"faces":{"east":{"uv":[2.5,2.5,5.25,4.5],"rotation":0,"texture":"#0","tintindex":0},"south":{"uv":[8.0,2.0,10.0,4.0],"rotation":0,"texture":"#0","tintindex":0},"north":{"uv":[7.25,0.0,9.25,2.0],"rotation":0,"texture":"#0","tintindex":0},"west":{"uv":[2.5,0.0,5.25,2.0],"rotation":0,"texture":"#0","tintindex":0},"up":{"uv":[2.0,7.25,0.0,4.5],"rotation":0,"texture":"#0","tintindex":0},"down":{"uv":[4.0,4.5,2.0,7.25],"rotation":0,"texture":"#0","tintindex":0}}},{"from":[4.5725713,10.0011425,3.0011425],"to":[9.141714,11.141714,3.5702858],"rotation":{"angle":-22.5,"axis":"x","origin":[5.714286,12.571428,8.571428]},"faces":{"east":{"uv":[5.0,2.0,5.25,2.5],"rotation":0,"texture":"#0","tintindex":0},"south":{"uv":[12.0,0.5,14.0,1.0],"rotation":0,"texture":"#0","tintindex":0},"north":{"uv":[12.0,0.0,14.0,0.5],"rotation":0,"texture":"#0","tintindex":0},"west":{"uv":[7.75,10.25,8.0,10.75],"rotation":0,"texture":"#0","tintindex":0},"up":{"uv":[14.5,10.5,12.5,10.25],"rotation":0,"texture":"#0","tintindex":0},"down":{"uv":[14.5,10.5,12.5,10.75],"rotation":0,"texture":"#0","tintindex":0}}},{"from":[4.5714283,8.0,4.5714283],"to":[9.142858,9.142858,10.285714],"rotation":{"angle":0.0,"axis":"y","origin":[5.714286,12.571428,8.571428]},"faces":{"east":{"uv":[2.5,2.0,5.0,2.5],"rotation":0,"texture":"#0","tintindex":0},"south":{"uv":[6.0,5.5,8.0,6.0],"rotation":0,"texture":"#0","tintindex":0},"north":{"uv":[6.0,5.0,8.0,5.5],"rotation":0,"texture":"#0","tintindex":0},"west":{"uv":[11.25,1.75,13.75,2.25],"rotation":0,"texture":"#0","tintindex":0},"up":{"uv":[6.0,7.0,4.0,4.5],"rotation":0,"texture":"#0","tintindex":0},"down":{"uv":[7.25,0.0,5.25,2.5],"rotation":0,"texture":"#0","tintindex":0}}}],"display":{"head":{"translation":[0.0,-6.4,0.0],"scale":[4.0,4.0,4.0]}}}