{"textures":{"0":"modelengine:entity/reindeer"},"elements":[{"from":[6.285714,1.1428566,7.5714283],"to":[7.428571,5.714286,8.714286],"rotation":{"angle":0.0,"axis":"y","origin":[4.0,1.1428566,12.571428]},"faces":{"east":{"uv":[5.5,9.25,6.0,11.25],"rotation":0,"texture":"#0","tintindex":0},"south":{"uv":[1.5,12.25,2.0,14.25],"rotation":0,"texture":"#0","tintindex":0},"north":{"uv":[3.5,7.25,4.0,9.25],"rotation":0,"texture":"#0","tintindex":0},"west":{"uv":[2.0,12.25,2.5,14.25],"rotation":0,"texture":"#0","tintindex":0},"up":{"uv":[2.0,10.0,1.5,9.5],"rotation":0,"texture":"#0","tintindex":0},"down":{"uv":[7.75,10.25,7.25,10.75],"rotation":0,"texture":"#0","tintindex":0}}},{"from":[5.714286,5.142857,7.285714],"to":[7.714286,9.142858,9.0],"rotation":{"angle":0.0,"axis":"y","origin":[4.0,1.1428566,12.571428]},"faces":{"east":{"uv":[5.25,2.5,6.0,4.25],"rotation":0,"texture":"#0","tintindex":0},"south":{"uv":[5.25,11.25,6.125,13.0],"rotation":0,"texture":"#0","tintindex":0},"north":{"uv":[0.0,11.25,0.875,13.0],"rotation":0,"texture":"#0","tintindex":0},"west":{"uv":[7.25,8.5,8.0,10.25],"rotation":0,"texture":"#0","tintindex":0},"up":{"uv":[6.875,13.75,6.0,13.0],"rotation":0,"texture":"#0","tintindex":0},"down":{"uv":[7.875,13.0,7.0,13.75],"rotation":0,"texture":"#0","tintindex":0}}}],"display":{"head":{"translation":[0.0,-6.4,0.0],"scale":[4.0,4.0,4.0]}}}