{"textures":{"0":"modelengine:entity/reindeer"},"elements":[{"from":[5.1434283,8.5720005,10.5720005],"to":[8.570857,12.570858,11.142286],"rotation":{"angle":-45.0,"axis":"x","origin":[5.714286,3.4285712,10.857143]},"faces":{"east":{"uv":[10.75,6.0,11.0,7.75],"rotation":0,"texture":"#0","tintindex":0},"south":{"uv":[9.5,9.5,11.0,11.25],"rotation":0,"texture":"#0","tintindex":0},"north":{"uv":[0.0,9.5,1.5,11.25],"rotation":0,"texture":"#0","tintindex":0},"west":{"uv":[10.75,13.0,11.0,14.75],"rotation":0,"texture":"#0","tintindex":0},"up":{"uv":[14.0,12.5,12.5,12.25],"rotation":0,"texture":"#0","tintindex":0},"down":{"uv":[14.5,1.0,13.0,1.25],"rotation":0,"texture":"#0","tintindex":0}}},{"from":[5.714857,12.5720005,10.5720005],"to":[7.9994287,13.142286,11.142286],"rotation":{"angle":-45.0,"axis":"x","origin":[5.714286,3.4285712,10.857143]},"faces":{"east":{"uv":[9.75,13.75,10.0,14.0],"rotation":0,"texture":"#0","tintindex":0},"south":{"uv":[13.25,9.5,14.25,9.75],"rotation":0,"texture":"#0","tintindex":0},"north":{"uv":[11.0,10.75,12.0,11.0],"rotation":0,"texture":"#0","tintindex":0},"west":{"uv":[10.0,13.75,10.25,14.0],"rotation":0,"texture":"#0","tintindex":0},"up":{"uv":[14.25,12.25,13.25,12.0],"rotation":0,"texture":"#0","tintindex":0},"down":{"uv":[14.5,13.5,13.5,13.75],"rotation":0,"texture":"#0","tintindex":0}}},{"from":[5.144,8.572572,10.858286],"to":[8.570286,14.856001,13.713143],"rotation":{"angle":-45.0,"axis":"x","origin":[5.714286,3.4285712,10.857143]},"faces":{"east":{"uv":[8.0,4.0,9.25,6.75],"rotation":0,"texture":"#0","tintindex":0},"south":{"uv":[8.0,8.0,9.5,10.75],"rotation":0,"texture":"#0","tintindex":0},"north":{"uv":[2.0,7.25,3.5,10.0],"rotation":0,"texture":"#0","tintindex":0},"west":{"uv":[6.0,8.5,7.25,11.25],"rotation":0,"texture":"#0","tintindex":0},"up":{"uv":[12.5,9.5,11.0,8.25],"rotation":0,"texture":"#0","tintindex":0},"down":{"uv":[12.5,9.5,11.0,10.75],"rotation":0,"texture":"#0","tintindex":0}}}],"display":{"head":{"translation":[0.0,-6.4,0.0],"scale":[4.0,4.0,4.0]}}}