{"credit":"MadewithBlockbench","texture_size":[128,128],"textures":{"1":"christmaspack:item/christmascouch"},"elements":[{"from":[24.24793,13.35934,1],"to":[27.24793,19.85934,15],"rotation":{"angle":-22.5,"axis":"z","origin":[7.51694,10.21339,7.5]},"faces":{"north":{"uv":[2.5,8,2.875,8.8125],"texture":"#1"},"east":{"uv":[7,0.375,8.75,1.1875],"texture":"#1"},"south":{"uv":[2.875,8,3.25,8.8125],"texture":"#1"},"west":{"uv":[7,1.25,8.75,2.0625],"texture":"#1"},"up":{"uv":[4,9.375,3.625,7.625],"texture":"#1"},"down":{"uv":[4.375,7.625,4,9.375],"texture":"#1"}}},{"from":[-0.75,9.15,11],"to":[16,20.65,15],"rotation":{"angle":0,"axis":"y","origin":[7.51694,11.21339,8]},"faces":{"north":{"uv":[4.875,0,7,1.4375],"texture":"#1"},"east":{"uv":[6,7.125,6.5,8.5625],"texture":"#1"},"south":{"uv":[4.875,1.5,7,2.9375],"texture":"#1"},"west":{"uv":[6.5,7.125,7,8.5625],"texture":"#1"},"up":{"uv":[3.875,7.625,1.75,7.125],"texture":"#1"},"down":{"uv":[6,7.125,3.875,7.625],"texture":"#1"}}},{"from":[11.75227,12.67651,11.5],"to":[26.50227,23.17651,14.5],"rotation":{"angle":-22.5,"axis":"z","origin":[7.51694,11.21339,8]},"faces":{"north":{"uv":[3.75,5.375,5.5625,6.6875],"texture":"#1"},"east":{"uv":[5.125,7.625,5.5,8.9375],"texture":"#1"},"south":{"uv":[5.625,5.375,7.4375,6.6875],"texture":"#1"},"west":{"uv":[5.5,7.625,5.875,8.9375],"texture":"#1"},"up":{"uv":[8.8125,7.875,7,7.5],"texture":"#1"},"down":{"uv":[3.5625,7.625,1.75,8],"texture":"#1"}}},{"from":[-11,-0.5,2],"to":[-9,3.5,4],"rotation":{"angle":-22.5,"axis":"z","origin":[-9,1.75,2]},"faces":{"north":{"uv":[7.375,8.25,7.625,8.75],"texture":"#1"},"east":{"uv":[7.625,8.25,7.875,8.75],"texture":"#1"},"south":{"uv":[7.875,8.25,8.125,8.75],"texture":"#1"},"west":{"uv":[8.125,8.25,8.375,8.75],"texture":"#1"},"up":{"uv":[7.75,6.75,7.5,6.5],"texture":"#1"},"down":{"uv":[8,6.5,7.75,6.75],"texture":"#1"}}},{"from":[-11,-0.5,12],"to":[-9,3.5,14],"rotation":{"angle":-22.5,"axis":"z","origin":[-9,1.75,2]},"faces":{"north":{"uv":[0,8.375,0.25,8.875],"texture":"#1"},"east":{"uv":[0.25,8.375,0.5,8.875],"texture":"#1"},"south":{"uv":[0.5,8.375,0.75,8.875],"texture":"#1"},"west":{"uv":[0.75,8.375,1,8.875],"texture":"#1"},"up":{"uv":[8.25,6.75,8,6.5],"texture":"#1"},"down":{"uv":[8.5,6.5,8.25,6.75],"texture":"#1"}}},{"from":[24,-0.5,2],"to":[26,3.5,4],"rotation":{"angle":22.5,"axis":"z","origin":[24,1.25,2]},"faces":{"north":{"uv":[1,8.375,1.25,8.875],"texture":"#1"},"east":{"uv":[1.25,8.375,1.5,8.875],"texture":"#1"},"south":{"uv":[1.5,8.375,1.75,8.875],"texture":"#1"},"west":{"uv":[8.375,8.25,8.625,8.75],"texture":"#1"},"up":{"uv":[8.75,6.75,8.5,6.5],"texture":"#1"},"down":{"uv":[8.875,8.25,8.625,8.5],"texture":"#1"}}},{"from":[24,-0.5,12],"to":[26,3.5,14],"rotation":{"angle":22.5,"axis":"z","origin":[24,1.25,2]},"faces":{"north":{"uv":[5.875,8.625,6.125,9.125],"texture":"#1"},"east":{"uv":[6.125,8.625,6.375,9.125],"texture":"#1"},"south":{"uv":[6.375,8.625,6.625,9.125],"texture":"#1"},"west":{"uv":[6.625,8.625,6.875,9.125],"texture":"#1"},"up":{"uv":[8.875,8.75,8.625,8.5],"texture":"#1"},"down":{"uv":[9,0.375,8.75,0.625],"texture":"#1"}}},{"from":[-12.23885,13.36917,1],"to":[-9.23885,19.86917,15],"rotation":{"angle":22.5,"axis":"z","origin":[7.51694,10.21339,7.5]},"faces":{"north":{"uv":[3.25,8,3.625,8.8125],"texture":"#1"},"east":{"uv":[7,2.125,8.75,2.9375],"texture":"#1"},"south":{"uv":[7,8.25,7.375,9.0625],"texture":"#1"},"west":{"uv":[0,7.125,1.75,7.9375],"texture":"#1"},"up":{"uv":[4.75,9.375,4.375,7.625],"texture":"#1"},"down":{"uv":[5.125,7.625,4.75,9.375],"texture":"#1"}}},{"from":[-11.4857,12.59915,11.5],"to":[3.5143,23.09915,14.5],"rotation":{"angle":22.5,"axis":"z","origin":[7.51694,11.21339,8]},"faces":{"north":{"uv":[0,5.375,1.875,6.6875],"texture":"#1"},"east":{"uv":[1.75,8,2.125,9.3125],"texture":"#1"},"south":{"uv":[1.875,5.375,3.75,6.6875],"texture":"#1"},"west":{"uv":[2.125,8,2.5,9.3125],"texture":"#1"},"up":{"uv":[8.875,7.5,7,7.125],"texture":"#1"},"down":{"uv":[9.375,5.375,7.5,5.75],"texture":"#1"}}},{"from":[-12,3.25,1],"to":[27,6.25,15],"rotation":{"angle":0,"axis":"y","origin":[7.51694,10.21339,7.5]},"faces":{"north":{"uv":[4.875,3,9.75,3.375],"texture":"#1"},"east":{"uv":[7,7.875,8.75,8.25],"texture":"#1"},"south":{"uv":[0,6.75,4.875,7.125],"texture":"#1"},"west":{"uv":[0,8,1.75,8.375],"texture":"#1"},"up":{"uv":[4.875,1.75,0,0],"texture":"#1"},"down":{"uv":[4.875,1.75,0,3.5],"texture":"#1"}}},{"from":[-10.25,6.25,0],"to":[25.25,9.25,15],"rotation":{"angle":0,"axis":"y","origin":[7.51694,10.21339,7.5]},"faces":{"north":{"uv":[4.875,6.75,9.3125,7.125],"texture":"#1"},"east":{"uv":[7.5,5.75,9.375,6.125],"texture":"#1"},"south":{"uv":[7,0,11.4375,0.375],"texture":"#1"},"west":{"uv":[7.5,6.125,9.375,6.5],"texture":"#1"},"up":{"uv":[4.4375,5.375,0,3.5],"texture":"#1"},"down":{"uv":[8.9375,3.5,4.5,5.375],"texture":"#1"}}}],"display":{"thirdperson_righthand":{"rotation":[70,0,0],"translation":[0,1.25,0],"scale":[0.4,0.4,0.4]},"thirdperson_lefthand":{"rotation":[70,0,0],"translation":[0,1.25,0],"scale":[0.4,0.4,0.4]},"firstperson_righthand":{"scale":[0.5,0.5,0.5]},"firstperson_lefthand":{"scale":[0.5,0.5,0.5]},"ground":{"translation":[0,3.75,0],"scale":[0.7,0.7,0.7]},"gui":{"rotation":[-160,40,-180],"scale":[0.4,0.4,0.4]},"head":{"rotation":[-180,0,-180],"translation":[0,-9.5,0],"scale":[2.7,2.7,2.7]},"fixed":{"translation":[0,-1.5,-1.5],"scale":[0.4,0.4,0.4]}},"groups":[{"name":"christmascouch","origin":[6.75,19.25,12],"color":0,"children":[0,1,2,3,4,5,6,7,8,9,10]}]}