{"textures":{"0":"modelengine:entity/jackpot_mc"},"elements":[{"from":[3.4285712,8.0,3.4285712],"to":[12.571428,9.142858,12.571428],"rotation":{"angle":0.0,"axis":"y","origin":[8.0,8.0,8.0]},"faces":{"east":{"uv":[8.75,3.75,10.75,4.0],"rotation":0,"texture":"#0","tintindex":0},"south":{"uv":[8.75,4.0,10.75,4.25],"rotation":0,"texture":"#0","tintindex":0},"north":{"uv":[2.25,8.75,4.25,9.0],"rotation":0,"texture":"#0","tintindex":0},"west":{"uv":[4.25,8.75,6.25,9.0],"rotation":0,"texture":"#0","tintindex":0},"up":{"uv":[6.75,6.0,4.75,4.0],"rotation":0,"texture":"#0","tintindex":0},"down":{"uv":[7.0,0.0,5.0,2.0],"rotation":0,"texture":"#0","tintindex":0}}},{"from":[2.2857141,9.142858,2.8571424],"to":[13.714286,18.285715,13.142858],"rotation":{"angle":0.0,"axis":"y","origin":[8.0,8.0,8.0]},"faces":{"east":{"uv":[2.5,4.0,4.75,6.0],"rotation":0,"texture":"#0","tintindex":0},"south":{"uv":[2.5,2.0,5.0,4.0],"rotation":0,"texture":"#0","tintindex":0},"north":{"uv":[2.5,0.0,5.0,2.0],"rotation":0,"texture":"#0","tintindex":0},"west":{"uv":[0.0,4.5,2.25,6.5],"rotation":0,"texture":"#0","tintindex":0},"up":{"uv":[2.5,2.25,0.0,0.0],"rotation":0,"texture":"#0","tintindex":0},"down":{"uv":[2.5,2.25,0.0,4.5],"rotation":0,"texture":"#0","tintindex":0}}},{"from":[2.8571424,9.714286,13.142858],"to":[13.142858,17.714287,13.714286],"rotation":{"angle":0.0,"axis":"y","origin":[8.0,8.0,8.0]},"faces":{"east":{"uv":[5.0,9.0,5.125,10.75],"rotation":0,"texture":"#0","tintindex":0},"south":{"uv":[2.25,6.0,4.5,7.75],"rotation":0,"texture":"#0","tintindex":0},"north":{"uv":[5.0,2.0,7.25,3.75],"rotation":0,"texture":"#0","tintindex":0},"west":{"uv":[5.125,9.0,5.25,10.75],"rotation":0,"texture":"#0","tintindex":0},"up":{"uv":[11.25,5.875,9.0,5.75],"rotation":0,"texture":"#0","tintindex":0},"down":{"uv":[11.25,5.875,9.0,6.0],"rotation":0,"texture":"#0","tintindex":0}}},{"from":[2.8577142,9.714857,2.2862859],"to":[13.142286,17.713715,2.8565712],"rotation":{"angle":0.0,"axis":"y","origin":[8.0,8.0,8.0]},"faces":{"east":{"uv":[5.25,9.0,5.375,10.75],"rotation":0,"texture":"#0","tintindex":0},"south":{"uv":[0.0,6.5,2.25,8.25],"rotation":0,"texture":"#0","tintindex":0},"north":{"uv":[4.5,6.0,6.75,7.75],"rotation":0,"texture":"#0","tintindex":0},"west":{"uv":[5.375,9.0,5.5,10.75],"rotation":0,"texture":"#0","tintindex":0},"up":{"uv":[11.25,6.125,9.0,6.0],"rotation":0,"texture":"#0","tintindex":0},"down":{"uv":[11.25,6.125,9.0,6.25],"rotation":0,"texture":"#0","tintindex":0}}},{"from":[13.714286,9.714286,3.4285712],"to":[14.857143,16.57143,12.571428],"rotation":{"angle":0.0,"axis":"y","origin":[8.0,8.0,8.0]},"faces":{"east":{"uv":[6.75,3.75,8.75,5.25],"rotation":0,"texture":"#0","tintindex":0},"south":{"uv":[4.0,9.0,4.25,10.5],"rotation":0,"texture":"#0","tintindex":0},"north":{"uv":[2.25,4.5,2.5,6.0],"rotation":0,"texture":"#0","tintindex":0},"west":{"uv":[6.75,5.25,8.75,6.75],"rotation":0,"texture":"#0","tintindex":0},"up":{"uv":[9.0,6.25,8.75,4.25],"rotation":0,"texture":"#0","tintindex":0},"down":{"uv":[6.5,8.75,6.25,10.75],"rotation":0,"texture":"#0","tintindex":0}}},{"from":[1.1428566,9.714286,3.4285712],"to":[2.2857141,16.57143,12.571428],"rotation":{"angle":0.0,"axis":"y","origin":[8.0,8.0,8.0]},"faces":{"east":{"uv":[6.75,6.75,8.75,8.25],"rotation":0,"texture":"#0","tintindex":0},"south":{"uv":[9.0,4.25,9.25,5.75],"rotation":0,"texture":"#0","tintindex":0},"north":{"uv":[4.25,9.0,4.5,10.5],"rotation":0,"texture":"#0","tintindex":0},"west":{"uv":[7.0,0.0,9.0,1.5],"rotation":0,"texture":"#0","tintindex":0},"up":{"uv":[9.0,8.25,8.75,6.25],"rotation":0,"texture":"#0","tintindex":0},"down":{"uv":[6.75,8.75,6.5,10.75],"rotation":0,"texture":"#0","tintindex":0}}},{"from":[1.7142854,16.57143,3.4285712],"to":[2.2857141,17.714287,12.571428],"rotation":{"angle":0.0,"axis":"y","origin":[8.0,8.0,8.0]},"faces":{"east":{"uv":[6.75,8.75,8.75,9.0],"rotation":0,"texture":"#0","tintindex":0},"south":{"uv":[9.625,13.5,9.75,13.75],"rotation":0,"texture":"#0","tintindex":0},"north":{"uv":[9.5,13.5,9.625,13.75],"rotation":0,"texture":"#0","tintindex":0},"west":{"uv":[8.75,8.75,10.75,9.0],"rotation":0,"texture":"#0","tintindex":0},"up":{"uv":[4.625,11.0,4.5,9.0],"rotation":0,"texture":"#0","tintindex":0},"down":{"uv":[4.75,9.0,4.625,11.0],"rotation":0,"texture":"#0","tintindex":0}}},{"from":[1.3186388,17.161617,6.285714],"to":[2.1757817,18.304474,9.714286],"rotation":{"angle":-22.5,"axis":"z","origin":[0.17578125,17.733046,8.0]},"faces":{"east":{"uv":[5.75,7.75,6.5,8.0],"rotation":0,"texture":"#0","tintindex":0},"south":{"uv":[13.375,5.25,13.625,5.5],"rotation":0,"texture":"#0","tintindex":0},"north":{"uv":[5.125,13.375,5.375,13.625],"rotation":0,"texture":"#0","tintindex":0},"west":{"uv":[5.75,8.0,6.5,8.25],"rotation":0,"texture":"#0","tintindex":0},"up":{"uv":[10.5,7.0,10.25,6.25],"rotation":0,"texture":"#0","tintindex":0},"down":{"uv":[10.5,7.0,10.25,7.75],"rotation":0,"texture":"#0","tintindex":0}}},{"from":[0.17578125,17.161617,6.285714],"to":[1.3186388,18.304474,7.285714],"rotation":{"angle":-22.5,"axis":"z","origin":[0.17578125,17.733046,8.0]},"faces":{"east":{"uv":[5.75,13.375,6.0,13.625],"rotation":0,"texture":"#0","tintindex":0},"south":{"uv":[6.0,13.375,6.25,13.625],"rotation":0,"texture":"#0","tintindex":0},"north":{"uv":[13.375,5.5,13.625,5.75],"rotation":0,"texture":"#0","tintindex":0},"west":{"uv":[6.25,13.375,6.5,13.625],"rotation":0,"texture":"#0","tintindex":0},"up":{"uv":[6.75,13.625,6.5,13.375],"rotation":0,"texture":"#0","tintindex":0},"down":{"uv":[13.625,6.5,13.375,6.75],"rotation":0,"texture":"#0","tintindex":0}}},{"from":[0.17578125,17.161617,8.714286],"to":[1.3186388,18.304474,9.714286],"rotation":{"angle":-22.5,"axis":"z","origin":[0.17578125,17.733046,8.0]},"faces":{"east":{"uv":[13.375,6.75,13.625,7.0],"rotation":0,"texture":"#0","tintindex":0},"south":{"uv":[7.0,13.375,7.25,13.625],"rotation":0,"texture":"#0","tintindex":0},"north":{"uv":[6.75,13.375,7.0,13.625],"rotation":0,"texture":"#0","tintindex":0},"west":{"uv":[13.375,7.0,13.625,7.25],"rotation":0,"texture":"#0","tintindex":0},"up":{"uv":[13.625,7.5,13.375,7.25],"rotation":0,"texture":"#0","tintindex":0},"down":{"uv":[13.625,7.5,13.375,7.75],"rotation":0,"texture":"#0","tintindex":0}}},{"from":[-0.6813612,17.161617,6.285714],"to":[0.17578125,18.304474,9.714286],"rotation":{"angle":-22.5,"axis":"z","origin":[0.17578125,17.733046,8.0]},"faces":{"east":{"uv":[9.0,7.75,9.75,8.0],"rotation":0,"texture":"#0","tintindex":0},"south":{"uv":[13.375,7.75,13.625,8.0],"rotation":0,"texture":"#0","tintindex":0},"north":{"uv":[7.625,13.375,7.875,13.625],"rotation":0,"texture":"#0","tintindex":0},"west":{"uv":[9.0,8.0,9.75,8.25],"rotation":0,"texture":"#0","tintindex":0},"up":{"uv":[10.5,8.5,10.25,7.75],"rotation":0,"texture":"#0","tintindex":0},"down":{"uv":[10.5,9.0,10.25,9.75],"rotation":0,"texture":"#0","tintindex":0}}},{"from":[14.681361,17.161617,8.714286],"to":[15.824219,18.304474,9.714286],"rotation":{"angle":22.5,"axis":"z","origin":[15.824219,17.733046,8.0]},"faces":{"east":{"uv":[8.125,13.375,8.375,13.625],"rotation":0,"texture":"#0","tintindex":0},"south":{"uv":[13.375,8.25,13.625,8.5],"rotation":0,"texture":"#0","tintindex":0},"north":{"uv":[7.875,13.375,8.125,13.625],"rotation":0,"texture":"#0","tintindex":0},"west":{"uv":[13.375,8.5,13.625,8.75],"rotation":0,"texture":"#0","tintindex":0},"up":{"uv":[13.625,9.0,13.375,8.75],"rotation":0,"texture":"#0","tintindex":0},"down":{"uv":[13.625,9.0,13.375,9.25],"rotation":0,"texture":"#0","tintindex":0}}},{"from":[15.824219,17.161617,6.285714],"to":[16.681362,18.304474,9.714286],"rotation":{"angle":22.5,"axis":"z","origin":[15.824219,17.733046,8.0]},"faces":{"east":{"uv":[9.5,3.5,10.25,3.75],"rotation":0,"texture":"#0","tintindex":0},"south":{"uv":[13.375,9.5,13.625,9.75],"rotation":0,"texture":"#0","tintindex":0},"north":{"uv":[13.375,9.25,13.625,9.5],"rotation":0,"texture":"#0","tintindex":0},"west":{"uv":[10.25,3.5,11.0,3.75],"rotation":0,"texture":"#0","tintindex":0},"up":{"uv":[10.5,10.5,10.25,9.75],"rotation":0,"texture":"#0","tintindex":0},"down":{"uv":[10.75,2.0,10.5,2.75],"rotation":0,"texture":"#0","tintindex":0}}},{"from":[14.681361,17.161617,6.285714],"to":[15.824219,18.304474,7.285714],"rotation":{"angle":22.5,"axis":"z","origin":[15.824219,17.733046,8.0]},"faces":{"east":{"uv":[13.375,10.0,13.625,10.25],"rotation":0,"texture":"#0","tintindex":0},"south":{"uv":[13.375,10.25,13.625,10.5],"rotation":0,"texture":"#0","tintindex":0},"north":{"uv":[13.375,9.75,13.625,10.0],"rotation":0,"texture":"#0","tintindex":0},"west":{"uv":[13.375,10.5,13.625,10.75],"rotation":0,"texture":"#0","tintindex":0},"up":{"uv":[13.625,11.0,13.375,10.75],"rotation":0,"texture":"#0","tintindex":0},"down":{"uv":[13.625,11.0,13.375,11.25],"rotation":0,"texture":"#0","tintindex":0}}},{"from":[13.824219,17.161617,6.285714],"to":[14.681361,18.304474,9.714286],"rotation":{"angle":22.5,"axis":"z","origin":[15.824219,17.733046,8.0]},"faces":{"east":{"uv":[10.25,8.5,11.0,8.75],"rotation":0,"texture":"#0","tintindex":0},"south":{"uv":[13.375,11.75,13.625,12.0],"rotation":0,"texture":"#0","tintindex":0},"north":{"uv":[13.375,11.25,13.625,11.5],"rotation":0,"texture":"#0","tintindex":0},"west":{"uv":[10.5,2.75,11.25,3.0],"rotation":0,"texture":"#0","tintindex":0},"up":{"uv":[4.25,11.25,4.0,10.5],"rotation":0,"texture":"#0","tintindex":0},"down":{"uv":[4.5,10.5,4.25,11.25],"rotation":0,"texture":"#0","tintindex":0}}},{"from":[13.714286,16.57143,3.4285712],"to":[14.285715,17.714287,12.571428],"rotation":{"angle":0.0,"axis":"y","origin":[8.0,8.0,8.0]},"faces":{"east":{"uv":[0.0,9.0,2.0,9.25],"rotation":0,"texture":"#0","tintindex":0},"south":{"uv":[9.875,13.5,10.0,13.75],"rotation":0,"texture":"#0","tintindex":0},"north":{"uv":[9.75,13.5,9.875,13.75],"rotation":0,"texture":"#0","tintindex":0},"west":{"uv":[9.0,0.0,11.0,0.25],"rotation":0,"texture":"#0","tintindex":0},"up":{"uv":[4.875,11.0,4.75,9.0],"rotation":0,"texture":"#0","tintindex":0},"down":{"uv":[5.0,9.0,4.875,11.0],"rotation":0,"texture":"#0","tintindex":0}}},{"from":[2.8571424,18.285715,3.4285712],"to":[4.0,20.57143,12.571428],"rotation":{"angle":0.0,"axis":"y","origin":[8.0,8.0,8.0]},"faces":{"east":{"uv":[7.0,1.5,9.0,2.0],"rotation":0,"texture":"#0","tintindex":0},"south":{"uv":[11.625,6.625,11.875,7.125],"rotation":0,"texture":"#0","tintindex":0},"north":{"uv":[6.5,11.625,6.75,12.125],"rotation":0,"texture":"#0","tintindex":0},"west":{"uv":[7.25,2.0,9.25,2.5],"rotation":0,"texture":"#0","tintindex":0},"up":{"uv":[2.25,11.0,2.0,9.0],"rotation":0,"texture":"#0","tintindex":0},"down":{"uv":[2.5,9.0,2.25,11.0],"rotation":0,"texture":"#0","tintindex":0}}},{"from":[4.0,18.285715,3.4285712],"to":[12.0,20.57143,4.5714283],"rotation":{"angle":0.0,"axis":"y","origin":[8.0,8.0,8.0]},"faces":{"east":{"uv":[6.75,11.625,7.0,12.125],"rotation":0,"texture":"#0","tintindex":0},"south":{"uv":[4.0,7.75,5.75,8.25],"rotation":0,"texture":"#0","tintindex":0},"north":{"uv":[2.25,7.75,4.0,8.25],"rotation":0,"texture":"#0","tintindex":0},"west":{"uv":[7.0,11.625,7.25,12.125],"rotation":0,"texture":"#0","tintindex":0},"up":{"uv":[6.75,4.0,5.0,3.75],"rotation":0,"texture":"#0","tintindex":0},"down":{"uv":[10.75,1.25,9.0,1.5],"rotation":0,"texture":"#0","tintindex":0}}},{"from":[4.0,18.285715,11.428572],"to":[12.0,20.57143,12.571428],"rotation":{"angle":0.0,"axis":"y","origin":[8.0,8.0,8.0]},"faces":{"east":{"uv":[11.625,7.125,11.875,7.625],"rotation":0,"texture":"#0","tintindex":0},"south":{"uv":[1.75,8.25,3.5,8.75],"rotation":0,"texture":"#0","tintindex":0},"north":{"uv":[0.0,8.25,1.75,8.75],"rotation":0,"texture":"#0","tintindex":0},"west":{"uv":[7.25,11.625,7.5,12.125],"rotation":0,"texture":"#0","tintindex":0},"up":{"uv":[10.75,1.75,9.0,1.5],"rotation":0,"texture":"#0","tintindex":0},"down":{"uv":[10.75,1.75,9.0,2.0],"rotation":0,"texture":"#0","tintindex":0}}},{"from":[12.0,18.285715,3.4285712],"to":[13.142858,20.57143,12.571428],"rotation":{"angle":0.0,"axis":"y","origin":[9.714286,8.0,8.0]},"faces":{"east":{"uv":[7.25,2.5,9.25,3.0],"rotation":0,"texture":"#0","tintindex":0},"south":{"uv":[11.625,7.625,11.875,8.125],"rotation":0,"texture":"#0","tintindex":0},"north":{"uv":[7.5,11.625,7.75,12.125],"rotation":0,"texture":"#0","tintindex":0},"west":{"uv":[7.25,3.0,9.25,3.5],"rotation":0,"texture":"#0","tintindex":0},"up":{"uv":[2.75,11.0,2.5,9.0],"rotation":0,"texture":"#0","tintindex":0},"down":{"uv":[3.0,9.0,2.75,11.0],"rotation":0,"texture":"#0","tintindex":0}}},{"from":[1.7142854,19.428572,3.4285712],"to":[2.8571424,20.57143,12.571428],"rotation":{"angle":0.0,"axis":"y","origin":[8.0,8.0,8.0]},"faces":{"east":{"uv":[9.0,0.25,11.0,0.5],"rotation":0,"texture":"#0","tintindex":0},"south":{"uv":[12.5,13.375,12.75,13.625],"rotation":0,"texture":"#0","tintindex":0},"north":{"uv":[13.375,12.375,13.625,12.625],"rotation":0,"texture":"#0","tintindex":0},"west":{"uv":[9.0,0.5,11.0,0.75],"rotation":0,"texture":"#0","tintindex":0},"up":{"uv":[3.25,11.0,3.0,9.0],"rotation":0,"texture":"#0","tintindex":0},"down":{"uv":[3.5,9.0,3.25,11.0],"rotation":0,"texture":"#0","tintindex":0}}},{"from":[13.142858,19.428572,3.4285712],"to":[14.285715,20.57143,12.571428],"rotation":{"angle":0.0,"axis":"y","origin":[8.0,8.0,8.0]},"faces":{"east":{"uv":[9.0,0.75,11.0,1.0],"rotation":0,"texture":"#0","tintindex":0},"south":{"uv":[12.75,13.375,13.0,13.625],"rotation":0,"texture":"#0","tintindex":0},"north":{"uv":[13.375,12.625,13.625,12.875],"rotation":0,"texture":"#0","tintindex":0},"west":{"uv":[9.0,1.0,11.0,1.25],"rotation":0,"texture":"#0","tintindex":0},"up":{"uv":[3.75,11.0,3.5,9.0],"rotation":0,"texture":"#0","tintindex":0},"down":{"uv":[4.0,9.0,3.75,11.0],"rotation":0,"texture":"#0","tintindex":0}}},{"from":[2.8571424,19.428572,2.2857141],"to":[13.142858,20.57143,3.4285712],"rotation":{"angle":0.0,"axis":"y","origin":[8.0,8.0,8.0]},"faces":{"east":{"uv":[13.0,13.375,13.25,13.625],"rotation":0,"texture":"#0","tintindex":0},"south":{"uv":[3.5,8.25,5.75,8.5],"rotation":0,"texture":"#0","tintindex":0},"north":{"uv":[7.25,3.5,9.5,3.75],"rotation":0,"texture":"#0","tintindex":0},"west":{"uv":[13.375,13.125,13.625,13.375],"rotation":0,"texture":"#0","tintindex":0},"up":{"uv":[8.0,8.5,5.75,8.25],"rotation":0,"texture":"#0","tintindex":0},"down":{"uv":[10.25,8.25,8.0,8.5],"rotation":0,"texture":"#0","tintindex":0}}},{"from":[2.8571424,19.428572,12.571428],"to":[13.142858,20.57143,13.714286],"rotation":{"angle":0.0,"axis":"y","origin":[8.0,8.0,8.0]},"faces":{"east":{"uv":[13.25,13.375,13.5,13.625],"rotation":0,"texture":"#0","tintindex":0},"south":{"uv":[5.75,8.5,8.0,8.75],"rotation":0,"texture":"#0","tintindex":0},"north":{"uv":[3.5,8.5,5.75,8.75],"rotation":0,"texture":"#0","tintindex":0},"west":{"uv":[13.5,0.0,13.75,0.25],"rotation":0,"texture":"#0","tintindex":0},"up":{"uv":[10.25,8.75,8.0,8.5],"rotation":0,"texture":"#0","tintindex":0},"down":{"uv":[2.25,8.75,0.0,9.0],"rotation":0,"texture":"#0","tintindex":0}}}],"display":{"head":{"translation":[0.0,-6.4,0.0],"scale":[4.0,4.0,4.0]}}}