{"textures":{"0":"modelengine:entity/jackpot_mc"},"elements":[{"from":[7.142857,7.428571,7.142857],"to":[8.857143,8.571428,8.857143],"rotation":{"angle":0.0,"axis":"y","origin":[9.714286,6.285714,6.142857]},"faces":{"east":{"uv":[9.625,11.625,10.0,11.875],"rotation":0,"texture":"#0","tintindex":0},"south":{"uv":[11.625,9.625,12.0,9.875],"rotation":0,"texture":"#0","tintindex":0},"north":{"uv":[11.625,9.375,12.0,9.625],"rotation":0,"texture":"#0","tintindex":0},"west":{"uv":[11.625,9.875,12.0,10.125],"rotation":0,"texture":"#0","tintindex":0},"up":{"uv":[10.875,7.75,10.5,7.375],"rotation":0,"texture":"#0","tintindex":0},"down":{"uv":[7.875,10.5,7.5,10.875],"rotation":0,"texture":"#0","tintindex":0}}}],"display":{"head":{"translation":[0.0,-6.4,0.0],"scale":[4.0,4.0,4.0]}}}