{"textures":{"0":"modelengine:entity/jackpot_mc"},"elements":[{"from":[7.142857,7.428571,7.142857],"to":[8.857143,8.571428,8.857143],"rotation":{"angle":0.0,"axis":"y","origin":[9.714286,6.285714,6.142857]},"faces":{"east":{"uv":[10.75,11.75,11.125,12.0],"rotation":0,"texture":"#0","tintindex":0},"south":{"uv":[11.75,10.875,12.125,11.125],"rotation":0,"texture":"#0","tintindex":0},"north":{"uv":[11.75,10.625,12.125,10.875],"rotation":0,"texture":"#0","tintindex":0},"west":{"uv":[11.125,11.75,11.5,12.0],"rotation":0,"texture":"#0","tintindex":0},"up":{"uv":[10.875,9.75,10.5,9.375],"rotation":0,"texture":"#0","tintindex":0},"down":{"uv":[10.125,10.5,9.75,10.875],"rotation":0,"texture":"#0","tintindex":0}}}],"display":{"head":{"translation":[0.0,-6.4,0.0],"scale":[4.0,4.0,4.0]}}}