{"textures":{"0":"modelengine:entity/jackpot_mc"},"elements":[{"from":[7.142857,7.428571,7.142857],"to":[8.857143,8.571428,8.857143],"rotation":{"angle":0.0,"axis":"y","origin":[9.714286,6.285714,6.142857]},"faces":{"east":{"uv":[11.625,2.625,12.0,2.875],"rotation":0,"texture":"#0","tintindex":0},"south":{"uv":[7.75,11.625,8.125,11.875],"rotation":0,"texture":"#0","tintindex":0},"north":{"uv":[10.5,5.5,10.875,5.75],"rotation":0,"texture":"#0","tintindex":0},"west":{"uv":[8.125,11.625,8.5,11.875],"rotation":0,"texture":"#0","tintindex":0},"up":{"uv":[10.125,8.125,9.75,7.75],"rotation":0,"texture":"#0","tintindex":0},"down":{"uv":[10.875,6.25,10.5,6.625],"rotation":0,"texture":"#0","tintindex":0}}}],"display":{"head":{"translation":[0.0,-6.4,0.0],"scale":[4.0,4.0,4.0]}}}