{"textures":{"0":"modelengine:entity/santaplushie"},"elements":[{"from":[7.0571427,2.6514287,6.297143],"to":[7.8114285,3.405714,7.428571],"rotation":{"angle":0.0,"axis":"y","origin":[4.9828568,4.9828568,4.4114285]},"faces":{"east":{"uv":[6.5,1.0,7.25,1.5],"rotation":0,"texture":"#0","tintindex":0},"south":{"uv":[0.0,7.5,0.5,8.0],"rotation":0,"texture":"#0","tintindex":0},"north":{"uv":[4.25,7.25,4.75,7.75],"rotation":0,"texture":"#0","tintindex":0},"west":{"uv":[6.5,1.5,7.25,2.0],"rotation":0,"texture":"#0","tintindex":0},"up":{"uv":[4.25,5.25,3.75,4.5],"rotation":0,"texture":"#0","tintindex":0},"down":{"uv":[3.25,6.5,2.75,7.25],"rotation":0,"texture":"#0","tintindex":0}}},{"from":[8.188571,2.6514287,6.297143],"to":[8.942857,3.405714,7.428571],"rotation":{"angle":0.0,"axis":"y","origin":[4.9828568,4.9828568,4.4114285]},"faces":{"east":{"uv":[3.25,6.5,4.0,7.0],"rotation":0,"texture":"#0","tintindex":0},"south":{"uv":[1.0,7.5,1.5,8.0],"rotation":0,"texture":"#0","tintindex":0},"north":{"uv":[0.5,7.5,1.0,8.0],"rotation":0,"texture":"#0","tintindex":0},"west":{"uv":[4.0,6.5,4.75,7.0],"rotation":0,"texture":"#0","tintindex":0},"up":{"uv":[6.25,7.5,5.75,6.75],"rotation":0,"texture":"#0","tintindex":0},"down":{"uv":[6.75,6.75,6.25,7.5],"rotation":0,"texture":"#0","tintindex":0}}},{"from":[7.0571427,2.6514287,7.428571],"to":[8.942857,4.9142857,8.937143],"rotation":{"angle":0.0,"axis":"y","origin":[4.9828568,4.9828568,4.4114285]},"faces":{"east":{"uv":[4.5,1.25,5.5,2.75],"rotation":0,"texture":"#0","tintindex":0},"south":{"uv":[0.0,3.5,1.25,5.0],"rotation":0,"texture":"#0","tintindex":0},"north":{"uv":[3.0,3.0,4.25,4.5],"rotation":0,"texture":"#0","tintindex":0},"west":{"uv":[2.75,4.5,3.75,6.0],"rotation":0,"texture":"#0","tintindex":0},"up":{"uv":[2.5,5.75,1.25,4.75],"rotation":0,"texture":"#0","tintindex":0},"down":{"uv":[1.25,5.0,0.0,6.0],"rotation":0,"texture":"#0","tintindex":0}}},{"from":[6.9628572,4.9142857,7.1457143],"to":[9.037143,6.6114283,9.314285],"rotation":{"angle":0.0,"axis":"y","origin":[4.9828568,4.9828568,4.4114285]},"faces":{"east":{"uv":[1.25,3.5,2.75,4.75],"rotation":0,"texture":"#0","tintindex":0},"south":{"uv":[4.5,0.0,6.0,1.25],"rotation":0,"texture":"#0","tintindex":0},"north":{"uv":[4.25,4.25,5.75,5.5],"rotation":0,"texture":"#0","tintindex":0},"west":{"uv":[4.25,3.0,5.75,4.25],"rotation":0,"texture":"#0","tintindex":0},"up":{"uv":[1.5,3.5,0.0,2.0],"rotation":0,"texture":"#0","tintindex":0},"down":{"uv":[3.0,2.0,1.5,3.5],"rotation":0,"texture":"#0","tintindex":0}}},{"from":[8.942857,2.7457142,7.805714],"to":[9.697143,4.9142857,8.56],"rotation":{"angle":0.0,"axis":"y","origin":[4.9828568,4.9828568,4.4114285]},"faces":{"east":{"uv":[5.25,5.5,5.75,7.0],"rotation":0,"texture":"#0","tintindex":0},"south":{"uv":[1.25,5.75,1.75,7.25],"rotation":0,"texture":"#0","tintindex":0},"north":{"uv":[4.75,5.5,5.25,7.0],"rotation":0,"texture":"#0","tintindex":0},"west":{"uv":[1.75,5.75,2.25,7.25],"rotation":0,"texture":"#0","tintindex":0},"up":{"uv":[2.0,8.0,1.5,7.5],"rotation":0,"texture":"#0","tintindex":0},"down":{"uv":[2.5,7.5,2.0,8.0],"rotation":0,"texture":"#0","tintindex":0}}},{"from":[6.302857,2.7457142,7.805714],"to":[7.0571427,4.9142857,8.56],"rotation":{"angle":0.0,"axis":"y","origin":[4.9828568,4.9828568,4.4114285]},"faces":{"east":{"uv":[5.75,2.25,6.25,3.75],"rotation":0,"texture":"#0","tintindex":0},"south":{"uv":[5.75,3.75,6.25,5.25],"rotation":0,"texture":"#0","tintindex":0},"north":{"uv":[2.25,5.75,2.75,7.25],"rotation":0,"texture":"#0","tintindex":0},"west":{"uv":[5.75,5.25,6.25,6.75],"rotation":0,"texture":"#0","tintindex":0},"up":{"uv":[3.0,8.0,2.5,7.5],"rotation":0,"texture":"#0","tintindex":0},"down":{"uv":[3.5,7.5,3.0,8.0],"rotation":0,"texture":"#0","tintindex":0}}},{"from":[7.717143,5.48,6.957143],"to":[8.282857,5.762857,7.1457143],"rotation":{"angle":0.0,"axis":"y","origin":[4.9828568,4.9828568,4.4114285]},"faces":{"east":{"uv":[2.25,8.25,2.5,8.5],"rotation":0,"texture":"#0","tintindex":0},"south":{"uv":[6.0,1.0,6.5,1.25],"rotation":0,"texture":"#0","tintindex":0},"north":{"uv":[3.75,5.25,4.25,5.5],"rotation":0,"texture":"#0","tintindex":0},"west":{"uv":[2.5,8.25,2.75,8.5],"rotation":0,"texture":"#0","tintindex":0},"up":{"uv":[2.5,8.25,2.0,8.0],"rotation":0,"texture":"#0","tintindex":0},"down":{"uv":[8.5,2.0,8.0,2.25],"rotation":0,"texture":"#0","tintindex":0}}},{"from":[6.9628572,6.6114283,6.957143],"to":[9.037143,7.1771426,9.502857],"rotation":{"angle":0.0,"axis":"y","origin":[4.9828568,4.9828568,4.4114285]},"faces":{"east":{"uv":[6.0,0.0,8.0,0.5],"rotation":0,"texture":"#0","tintindex":0},"south":{"uv":[6.25,5.25,7.75,5.75],"rotation":0,"texture":"#0","tintindex":0},"north":{"uv":[6.25,4.75,7.75,5.25],"rotation":0,"texture":"#0","tintindex":0},"west":{"uv":[6.0,0.5,8.0,1.0],"rotation":0,"texture":"#0","tintindex":0},"up":{"uv":[1.5,2.0,0.0,0.0],"rotation":0,"texture":"#0","tintindex":0},"down":{"uv":[3.0,0.0,1.5,2.0],"rotation":0,"texture":"#0","tintindex":0}}},{"from":[9.037143,6.6114283,7.1457143],"to":[9.225715,7.1771426,9.314285],"rotation":{"angle":0.0,"axis":"y","origin":[4.9828568,4.9828568,4.4114285]},"faces":{"east":{"uv":[6.25,2.25,7.75,2.75],"rotation":0,"texture":"#0","tintindex":0},"south":{"uv":[8.25,0.25,8.5,0.75],"rotation":0,"texture":"#0","tintindex":0},"north":{"uv":[0.25,8.25,0.5,8.75],"rotation":0,"texture":"#0","tintindex":0},"west":{"uv":[6.25,2.75,7.75,3.25],"rotation":0,"texture":"#0","tintindex":0},"up":{"uv":[4.25,9.0,4.0,7.5],"rotation":0,"texture":"#0","tintindex":0},"down":{"uv":[4.5,7.75,4.25,9.25],"rotation":0,"texture":"#0","tintindex":0}}},{"from":[6.774286,6.6114283,7.1457143],"to":[6.9628572,7.1771426,9.314285],"rotation":{"angle":0.0,"axis":"y","origin":[4.9828568,4.9828568,4.4114285]},"faces":{"east":{"uv":[6.25,3.25,7.75,3.75],"rotation":0,"texture":"#0","tintindex":0},"south":{"uv":[0.75,8.25,1.0,8.75],"rotation":0,"texture":"#0","tintindex":0},"north":{"uv":[0.5,8.25,0.75,8.75],"rotation":0,"texture":"#0","tintindex":0},"west":{"uv":[6.25,3.75,7.75,4.25],"rotation":0,"texture":"#0","tintindex":0},"up":{"uv":[4.75,9.25,4.5,7.75],"rotation":0,"texture":"#0","tintindex":0},"down":{"uv":[5.0,7.75,4.75,9.25],"rotation":0,"texture":"#0","tintindex":0}}},{"from":[6.9628572,7.1771426,7.1457143],"to":[9.037143,7.5542855,9.408571],"rotation":{"angle":0.0,"axis":"y","origin":[4.9828568,4.9828568,4.4114285]},"faces":{"east":{"uv":[6.5,2.0,8.0,2.25],"rotation":0,"texture":"#0","tintindex":0},"south":{"uv":[6.75,7.0,8.25,7.25],"rotation":0,"texture":"#0","tintindex":0},"north":{"uv":[3.25,7.0,4.75,7.25],"rotation":0,"texture":"#0","tintindex":0},"west":{"uv":[6.75,6.75,8.25,7.0],"rotation":0,"texture":"#0","tintindex":0},"up":{"uv":[4.5,1.5,3.0,0.0],"rotation":0,"texture":"#0","tintindex":0},"down":{"uv":[4.5,1.5,3.0,3.0],"rotation":0,"texture":"#0","tintindex":0}}},{"from":[6.9628572,7.5542855,7.522857],"to":[7.34,7.9314284,9.031428],"rotation":{"angle":0.0,"axis":"y","origin":[4.9828568,4.9828568,4.4114285]},"faces":{"east":{"uv":[7.5,4.25,8.5,4.5],"rotation":0,"texture":"#0","tintindex":0},"south":{"uv":[2.75,8.0,3.0,8.25],"rotation":0,"texture":"#0","tintindex":0},"north":{"uv":[2.5,8.0,2.75,8.25],"rotation":0,"texture":"#0","tintindex":0},"west":{"uv":[7.5,4.5,8.5,4.75],"rotation":0,"texture":"#0","tintindex":0},"up":{"uv":[3.0,4.5,2.75,3.5],"rotation":0,"texture":"#0","tintindex":0},"down":{"uv":[2.75,4.75,2.5,5.75],"rotation":0,"texture":"#0","tintindex":0}}},{"from":[8.66,7.5542855,7.522857],"to":[9.037143,7.9314284,9.031428],"rotation":{"angle":0.0,"axis":"y","origin":[4.9828568,4.9828568,4.4114285]},"faces":{"east":{"uv":[4.75,7.5,5.75,7.75],"rotation":0,"texture":"#0","tintindex":0},"south":{"uv":[3.25,8.0,3.5,8.25],"rotation":0,"texture":"#0","tintindex":0},"north":{"uv":[3.0,8.0,3.25,8.25],"rotation":0,"texture":"#0","tintindex":0},"west":{"uv":[5.75,7.5,6.75,7.75],"rotation":0,"texture":"#0","tintindex":0},"up":{"uv":[3.75,8.5,3.5,7.5],"rotation":0,"texture":"#0","tintindex":0},"down":{"uv":[4.0,7.5,3.75,8.5],"rotation":0,"texture":"#0","tintindex":0}}},{"from":[7.34,7.9314284,7.522857],"to":[8.66,8.308572,9.031428],"rotation":{"angle":0.0,"axis":"y","origin":[4.9828568,4.9828568,4.4114285]},"faces":{"east":{"uv":[7.5,6.25,8.5,6.5],"rotation":0,"texture":"#0","tintindex":0},"south":{"uv":[7.75,2.25,8.75,2.5],"rotation":0,"texture":"#0","tintindex":0},"north":{"uv":[6.75,7.5,7.75,7.75],"rotation":0,"texture":"#0","tintindex":0},"west":{"uv":[7.5,6.5,8.5,6.75],"rotation":0,"texture":"#0","tintindex":0},"up":{"uv":[6.5,2.25,5.5,1.25],"rotation":0,"texture":"#0","tintindex":0},"down":{"uv":[4.75,5.5,3.75,6.5],"rotation":0,"texture":"#0","tintindex":0}}},{"from":[6.5857143,8.308572,7.805714],"to":[8.282857,8.685715,8.56],"rotation":{"angle":0.0,"axis":"y","origin":[4.9828568,4.9828568,4.4114285]},"faces":{"east":{"uv":[7.75,4.0,8.25,4.25],"rotation":0,"texture":"#0","tintindex":0},"south":{"uv":[0.0,7.0,1.25,7.25],"rotation":0,"texture":"#0","tintindex":0},"north":{"uv":[4.5,2.75,5.75,3.0],"rotation":0,"texture":"#0","tintindex":0},"west":{"uv":[7.0,7.75,7.5,8.0],"rotation":0,"texture":"#0","tintindex":0},"up":{"uv":[1.25,6.5,0.0,6.0],"rotation":0,"texture":"#0","tintindex":0},"down":{"uv":[7.5,4.25,6.25,4.75],"rotation":0,"texture":"#0","tintindex":0}}},{"from":[6.5857143,8.685715,7.9],"to":[8.282857,8.78,8.465714],"rotation":{"angle":0.0,"axis":"y","origin":[4.9828568,4.9828568,4.4114285]},"faces":{"east":{"uv":[1.0,8.25,1.5,8.5],"rotation":0,"texture":"#0","tintindex":0},"south":{"uv":[7.75,3.75,9.0,4.0],"rotation":0,"texture":"#0","tintindex":0},"north":{"uv":[7.75,3.5,9.0,3.75],"rotation":0,"texture":"#0","tintindex":0},"west":{"uv":[1.5,8.25,2.0,8.5],"rotation":0,"texture":"#0","tintindex":0},"up":{"uv":[7.5,6.75,6.25,6.25],"rotation":0,"texture":"#0","tintindex":0},"down":{"uv":[1.25,6.5,0.0,7.0],"rotation":0,"texture":"#0","tintindex":0}}},{"from":[6.397143,7.9314284,7.9],"to":[6.774286,8.308572,8.465714],"rotation":{"angle":0.0,"axis":"y","origin":[4.9828568,4.9828568,4.4114285]},"faces":{"east":{"uv":[0.0,8.0,0.5,8.25],"rotation":0,"texture":"#0","tintindex":0},"south":{"uv":[7.25,8.0,7.5,8.25],"rotation":0,"texture":"#0","tintindex":0},"north":{"uv":[7.0,8.0,7.25,8.25],"rotation":0,"texture":"#0","tintindex":0},"west":{"uv":[8.0,0.0,8.5,0.25],"rotation":0,"texture":"#0","tintindex":0},"up":{"uv":[5.75,2.75,5.5,2.25],"rotation":0,"texture":"#0","tintindex":0},"down":{"uv":[8.25,0.25,8.0,0.75],"rotation":0,"texture":"#0","tintindex":0}}},{"from":[6.302857,7.9314284,7.9942856],"to":[6.397143,8.308572,8.3714285],"rotation":{"angle":0.0,"axis":"y","origin":[4.9828568,4.9828568,4.4114285]},"faces":{"east":{"uv":[8.0,7.25,8.25,7.5],"rotation":0,"texture":"#0","tintindex":0},"south":{"uv":[3.0,8.25,3.25,8.5],"rotation":0,"texture":"#0","tintindex":0},"north":{"uv":[2.75,8.25,3.0,8.5],"rotation":0,"texture":"#0","tintindex":0},"west":{"uv":[7.5,8.0,7.75,8.25],"rotation":0,"texture":"#0","tintindex":0},"up":{"uv":[3.5,8.5,3.25,8.25],"rotation":0,"texture":"#0","tintindex":0},"down":{"uv":[8.5,4.0,8.25,4.25],"rotation":0,"texture":"#0","tintindex":0}}},{"from":[6.4914284,8.308572,7.9],"to":[6.5857143,8.685715,8.465714],"rotation":{"angle":0.0,"axis":"y","origin":[4.9828568,4.9828568,4.4114285]},"faces":{"east":{"uv":[0.5,8.0,1.0,8.25],"rotation":0,"texture":"#0","tintindex":0},"south":{"uv":[5.0,8.25,5.25,8.5],"rotation":0,"texture":"#0","tintindex":0},"north":{"uv":[8.25,4.75,8.5,5.0],"rotation":0,"texture":"#0","tintindex":0},"west":{"uv":[8.0,0.75,8.5,1.0],"rotation":0,"texture":"#0","tintindex":0},"up":{"uv":[8.5,2.0,8.25,1.5],"rotation":0,"texture":"#0","tintindex":0},"down":{"uv":[2.25,8.25,2.0,8.75],"rotation":0,"texture":"#0","tintindex":0}}},{"from":[5.925714,7.365714,7.9],"to":[6.4914284,7.9314284,8.465714],"rotation":{"angle":0.0,"axis":"y","origin":[4.9828568,4.9828568,4.4114285]},"faces":{"east":{"uv":[5.0,7.75,5.5,8.25],"rotation":0,"texture":"#0","tintindex":0},"south":{"uv":[7.75,5.25,8.25,5.75],"rotation":0,"texture":"#0","tintindex":0},"north":{"uv":[7.75,4.75,8.25,5.25],"rotation":0,"texture":"#0","tintindex":0},"west":{"uv":[5.5,7.75,6.0,8.25],"rotation":0,"texture":"#0","tintindex":0},"up":{"uv":[6.5,8.25,6.0,7.75],"rotation":0,"texture":"#0","tintindex":0},"down":{"uv":[7.0,7.75,6.5,8.25],"rotation":0,"texture":"#0","tintindex":0}}},{"from":[7.34,7.5542855,8.654285],"to":[8.66,7.9314284,9.408571],"rotation":{"angle":0.0,"axis":"y","origin":[4.9828568,4.9828568,4.4114285]},"faces":{"east":{"uv":[7.5,7.75,8.0,8.0],"rotation":0,"texture":"#0","tintindex":0},"south":{"uv":[7.75,2.75,8.75,3.0],"rotation":0,"texture":"#0","tintindex":0},"north":{"uv":[7.75,2.5,8.75,2.75],"rotation":0,"texture":"#0","tintindex":0},"west":{"uv":[7.75,7.5,8.25,7.75],"rotation":0,"texture":"#0","tintindex":0},"up":{"uv":[3.75,6.5,2.75,6.0],"rotation":0,"texture":"#0","tintindex":0},"down":{"uv":[7.25,5.75,6.25,6.25],"rotation":0,"texture":"#0","tintindex":0}}},{"from":[7.34,7.5542855,7.1457143],"to":[8.66,7.9314284,7.7114286],"rotation":{"angle":0.0,"axis":"y","origin":[4.9828568,4.9828568,4.4114285]},"faces":{"east":{"uv":[1.0,8.0,1.5,8.25],"rotation":0,"texture":"#0","tintindex":0},"south":{"uv":[7.75,3.25,8.75,3.5],"rotation":0,"texture":"#0","tintindex":0},"north":{"uv":[7.75,3.0,8.75,3.25],"rotation":0,"texture":"#0","tintindex":0},"west":{"uv":[1.5,8.0,2.0,8.25],"rotation":0,"texture":"#0","tintindex":0},"up":{"uv":[5.75,7.5,4.75,7.0],"rotation":0,"texture":"#0","tintindex":0},"down":{"uv":[8.25,1.5,7.25,2.0],"rotation":0,"texture":"#0","tintindex":0}}},{"from":[7.0571427,4.5371428,7.1457143],"to":[8.942857,4.9142857,7.428571],"rotation":{"angle":0.0,"axis":"y","origin":[4.9828568,4.9828568,4.4114285]},"faces":{"east":{"uv":[7.75,8.0,8.0,8.25],"rotation":0,"texture":"#0","tintindex":0},"south":{"uv":[7.25,1.0,8.75,1.25],"rotation":0,"texture":"#0","tintindex":0},"north":{"uv":[0.0,7.25,1.5,7.5],"rotation":0,"texture":"#0","tintindex":0},"west":{"uv":[8.0,7.75,8.25,8.0],"rotation":0,"texture":"#0","tintindex":0},"up":{"uv":[8.75,1.5,7.25,1.25],"rotation":0,"texture":"#0","tintindex":0},"down":{"uv":[3.0,7.25,1.5,7.5],"rotation":0,"texture":"#0","tintindex":0}}},{"from":[7.245714,4.16,7.1457143],"to":[8.754286,4.5371428,7.428571],"rotation":{"angle":0.0,"axis":"y","origin":[4.9828568,4.9828568,4.4114285]},"faces":{"east":{"uv":[8.0,8.0,8.25,8.25],"rotation":0,"texture":"#0","tintindex":0},"south":{"uv":[7.25,5.75,8.5,6.0],"rotation":0,"texture":"#0","tintindex":0},"north":{"uv":[3.0,7.25,4.25,7.5],"rotation":0,"texture":"#0","tintindex":0},"west":{"uv":[0.0,8.25,0.25,8.5],"rotation":0,"texture":"#0","tintindex":0},"up":{"uv":[8.5,6.25,7.25,6.0],"rotation":0,"texture":"#0","tintindex":0},"down":{"uv":[8.0,7.25,6.75,7.5],"rotation":0,"texture":"#0","tintindex":0}}}],"display":{"head":{"translation":[0.0,-6.4,0.0],"scale":[4.0,4.0,4.0]}}}