{"textures":{"0":"modelengine:entity/yeti"},"elements":[{"from":[5.428571,6.5714283,1.9999995],"to":[10.571428,8.285714,10.571428],"rotation":{"angle":0.0,"axis":"y","origin":[8.0,21.770668,1.0206442]},"faces":{"east":{"uv":[5.375,12.375,7.25,12.75],"rotation":0,"texture":"#0","tintindex":0},"south":{"uv":[13.625,4.5,12.5,4.875],"rotation":0,"texture":"#0","tintindex":0},"north":{"uv":[13.625,4.0,12.5,4.375],"rotation":0,"texture":"#0","tintindex":0},"west":{"uv":[7.25,12.375,5.375,12.75],"rotation":0,"texture":"#0","tintindex":0},"up":{"uv":[8.75,9.5,9.875,7.625],"rotation":0,"texture":"#0","tintindex":0},"down":{"uv":[9.0,5.25,10.125,7.125],"rotation":0,"texture":"#0","tintindex":0}}}],"display":{"head":{"translation":[0.0,-6.4,0.0],"scale":[4.0,4.0,4.0]}}}