{"textures":{"0":"modelengine:entity/yeti"},"elements":[{"from":[2.5714283,4.993369,1.0465379],"to":[13.428572,12.993369,9.617967],"rotation":{"angle":-22.5,"axis":"x","origin":[4.8571424,13.096497,0.41371918]},"faces":{"east":{"uv":[0.0,6.0,1.875,7.75],"rotation":0,"texture":"#0","tintindex":0},"south":{"uv":[5.5,0.0,7.875,1.75],"rotation":0,"texture":"#0","tintindex":0},"north":{"uv":[5.0,4.0,7.375,5.75],"rotation":0,"texture":"#0","tintindex":0},"west":{"uv":[2.0,6.0,3.875,7.75],"rotation":0,"texture":"#0","tintindex":0},"up":{"uv":[2.375,5.875,0.0,4.0],"rotation":0,"texture":"#0","tintindex":0},"down":{"uv":[4.875,4.0,2.5,5.875],"rotation":0,"texture":"#0","tintindex":0}}}],"display":{"head":{"translation":[0.0,-6.4,0.0],"scale":[4.0,4.0,4.0]}}}