{"textures":{"0":"modelengine:entity/yellow_crewmate_texture"},"elements":[{"from":[6.8714285,5.442857,6.8714285],"to":[9.1285715,8.271429,9.1285715],"rotation":{"angle":0.0,"axis":"y","origin":[8.0,6.857143,8.0]},"faces":{"east":{"uv":[8.75,8.75,9.75,10.0],"rotation":0,"texture":"#0","tintindex":0},"south":{"uv":[9.25,0.0,10.25,1.25],"rotation":0,"texture":"#0","tintindex":0},"north":{"uv":[8.75,7.25,9.75,8.5],"rotation":0,"texture":"#0","tintindex":0},"west":{"uv":[5.0,9.25,6.0,10.5],"rotation":0,"texture":"#0","tintindex":0},"up":{"uv":[1.0,10.5,0.0,9.5],"rotation":0,"texture":"#0","tintindex":0},"down":{"uv":[2.25,9.5,1.25,10.5],"rotation":0,"texture":"#0","tintindex":0}}}],"display":{"head":{"translation":[0.0,-6.4,0.0],"scale":[4.0,4.0,4.0]}}}