{"textures":{"0":"modelengine:entity/invader","1":"modelengine:entity/invaderweapons"},"elements":[{"from":[8.852354,13.236693,10.000584],"to":[11.7094965,14.379551,10.572013],"rotation":{"angle":22.5,"axis":"z","origin":[10.280925,13.808123,9.7148695]},"faces":{"east":{"uv":[9.5,6.5,10.0,7.5],"rotation":0,"texture":"#1","tintindex":0},"south":{"uv":[5.0,3.5,7.5,4.5],"rotation":0,"texture":"#1","tintindex":0},"north":{"uv":[5.0,2.5,7.5,3.5],"rotation":0,"texture":"#1","tintindex":0},"west":{"uv":[3.5,9.5,4.0,10.5],"rotation":0,"texture":"#1","tintindex":0},"up":{"uv":[4.5,10.5,4.0,8.0],"rotation":270,"texture":"#1","tintindex":0},"down":{"uv":[5.0,8.0,4.5,10.5],"rotation":90,"texture":"#1","tintindex":0}}},{"from":[9.138068,14.379551,9.7148695],"to":[10.280925,15.522408,10.857727],"rotation":{"angle":0.0,"axis":"y","origin":[10.280925,13.808123,9.7148695]},"faces":{"east":{"uv":[8.5,7.0,9.5,8.0],"rotation":0,"texture":"#1","tintindex":0},"south":{"uv":[8.0,8.5,9.0,9.5],"rotation":0,"texture":"#1","tintindex":0},"north":{"uv":[7.0,8.5,8.0,9.5],"rotation":0,"texture":"#1","tintindex":0},"west":{"uv":[8.5,6.0,9.5,7.0],"rotation":0,"texture":"#1","tintindex":0},"up":{"uv":[10.0,2.5,9.0,1.5],"rotation":270,"texture":"#1","tintindex":0},"down":{"uv":[10.0,2.5,9.0,3.5],"rotation":90,"texture":"#1","tintindex":0}}},{"from":[7.9952106,15.522408,10.000584],"to":[9.7094965,17.236694,10.572013],"rotation":{"angle":0.0,"axis":"y","origin":[10.280925,13.808123,9.7148695]},"faces":{"east":{"uv":[5.5,9.0,6.0,10.5],"rotation":0,"texture":"#1","tintindex":0},"south":{"uv":[7.5,4.5,9.0,6.0],"rotation":0,"texture":"#1","tintindex":0},"north":{"uv":[7.5,3.0,9.0,4.5],"rotation":0,"texture":"#1","tintindex":0},"west":{"uv":[5.0,9.0,5.5,10.5],"rotation":0,"texture":"#1","tintindex":0},"up":{"uv":[9.5,10.0,9.0,8.5],"rotation":270,"texture":"#1","tintindex":0},"down":{"uv":[2.5,9.5,2.0,11.0],"rotation":90,"texture":"#1","tintindex":0}}},{"from":[7.9952106,17.236694,9.7148695],"to":[10.852354,17.808123,10.857727],"rotation":{"angle":0.0,"axis":"y","origin":[10.280925,13.808123,9.7148695]},"faces":{"east":{"uv":[9.5,6.0,10.5,6.5],"rotation":0,"texture":"#1","tintindex":0},"south":{"uv":[8.5,0.0,11.0,0.5],"rotation":0,"texture":"#1","tintindex":0},"north":{"uv":[7.0,8.0,9.5,8.5],"rotation":0,"texture":"#1","tintindex":0},"west":{"uv":[6.0,9.5,7.0,10.0],"rotation":0,"texture":"#1","tintindex":0},"up":{"uv":[6.0,2.5,5.0,0.0],"rotation":270,"texture":"#1","tintindex":0},"down":{"uv":[7.0,0.0,6.0,2.5],"rotation":90,"texture":"#1","tintindex":0}}},{"from":[7.4237823,13.236693,9.429155],"to":[9.138068,15.522408,11.143441],"rotation":{"angle":0.0,"axis":"y","origin":[10.280925,13.808123,9.7148695]},"faces":{"east":{"uv":[3.0,4.5,4.5,6.5],"rotation":0,"texture":"#1","tintindex":0},"south":{"uv":[4.5,4.5,6.0,6.5],"rotation":0,"texture":"#1","tintindex":0},"north":{"uv":[1.5,4.5,3.0,6.5],"rotation":0,"texture":"#1","tintindex":0},"west":{"uv":[0.0,4.5,1.5,6.5],"rotation":0,"texture":"#1","tintindex":0},"up":{"uv":[8.5,1.5,7.0,0.0],"rotation":270,"texture":"#1","tintindex":0},"down":{"uv":[9.0,1.5,7.5,3.0],"rotation":90,"texture":"#1","tintindex":0}}},{"from":[7.9952106,9.236693,9.7148695],"to":[9.7094965,14.379551,10.857727],"rotation":{"angle":0.0,"axis":"y","origin":[10.280925,13.808123,9.7148695]},"faces":{"east":{"uv":[4.0,0.0,5.0,4.5],"rotation":0,"texture":"#1","tintindex":0},"south":{"uv":[1.5,0.0,3.0,4.5],"rotation":0,"texture":"#1","tintindex":0},"north":{"uv":[0.0,0.0,1.5,4.5],"rotation":0,"texture":"#1","tintindex":0},"west":{"uv":[3.0,0.0,4.0,4.5],"rotation":0,"texture":"#1","tintindex":0},"up":{"uv":[3.0,9.5,2.0,8.0],"rotation":270,"texture":"#1","tintindex":0},"down":{"uv":[4.0,8.0,3.0,9.5],"rotation":90,"texture":"#1","tintindex":0}}},{"from":[7.4237823,9.236693,9.7148695],"to":[7.9952106,9.808123,10.857727],"rotation":{"angle":0.0,"axis":"y","origin":[10.280925,13.808123,9.7148695]},"faces":{"east":{"uv":[9.5,7.5,10.5,8.0],"rotation":0,"texture":"#1","tintindex":0},"south":{"uv":[9.5,8.5,10.0,9.0],"rotation":0,"texture":"#1","tintindex":0},"north":{"uv":[7.0,7.5,7.5,8.0],"rotation":0,"texture":"#1","tintindex":0},"west":{"uv":[7.0,9.5,8.0,10.0],"rotation":0,"texture":"#1","tintindex":0},"up":{"uv":[9.0,10.0,8.0,9.5],"rotation":270,"texture":"#1","tintindex":0},"down":{"uv":[10.5,8.0,9.5,8.5],"rotation":90,"texture":"#1","tintindex":0}}},{"from":[8.566639,8.665265,10.000584],"to":[9.138068,9.236693,10.572013],"rotation":{"angle":45.0,"axis":"y","origin":[8.852354,8.950979,10.286299]},"faces":{"east":{"uv":[0.0,10.0,0.5,10.5],"rotation":0,"texture":"#1","tintindex":0},"south":{"uv":[0.5,10.0,1.0,10.5],"rotation":0,"texture":"#1","tintindex":0},"north":{"uv":[9.5,9.5,10.0,10.0],"rotation":0,"texture":"#1","tintindex":0},"west":{"uv":[9.5,9.0,10.0,9.5],"rotation":0,"texture":"#1","tintindex":0},"up":{"uv":[10.5,1.0,10.0,0.5],"rotation":270,"texture":"#1","tintindex":0},"down":{"uv":[1.5,10.0,1.0,10.5],"rotation":90,"texture":"#1","tintindex":0}}},{"from":[9.7094965,9.808123,9.7148695],"to":[10.852354,12.093837,10.857727],"rotation":{"angle":0.0,"axis":"y","origin":[10.280925,13.808123,9.7148695]},"faces":{"east":{"uv":[0.0,8.0,1.0,10.0],"rotation":0,"texture":"#1","tintindex":0},"south":{"uv":[1.0,8.0,2.0,10.0],"rotation":0,"texture":"#1","tintindex":0},"north":{"uv":[7.5,6.0,8.5,8.0],"rotation":0,"texture":"#1","tintindex":0},"west":{"uv":[6.0,7.5,7.0,9.5],"rotation":0,"texture":"#1","tintindex":0},"up":{"uv":[10.0,4.5,9.0,3.5],"rotation":270,"texture":"#1","tintindex":0},"down":{"uv":[10.0,4.5,9.0,5.5],"rotation":90,"texture":"#1","tintindex":0}}},{"from":[5.428571,10.236693,6.71008],"to":[10.0,12.522408,10.138652],"rotation":{"angle":-45.0,"axis":"x","origin":[7.428571,11.379551,7.8529377]},"faces":{"east":{"uv":[1.5,4.25,3.0,5.25],"rotation":0,"texture":"#0","tintindex":0},"south":{"uv":[3.5,1.0,5.5,2.0],"rotation":0,"texture":"#0","tintindex":0},"north":{"uv":[3.5,0.0,5.5,1.0],"rotation":0,"texture":"#0","tintindex":0},"west":{"uv":[5.0,2.0,6.5,3.0],"rotation":0,"texture":"#0","tintindex":0},"up":{"uv":[2.0,1.5,0.0,0.0],"rotation":0,"texture":"#0","tintindex":0},"down":{"uv":[2.0,1.5,0.0,3.0],"rotation":0,"texture":"#0","tintindex":0}}},{"from":[6.857143,11.74646,6.3844604],"to":[8.571428,14.032175,8.098746],"rotation":{"angle":-22.5,"axis":"x","origin":[8.571428,13.317888,5.813032]},"faces":{"east":{"uv":[3.5,6.5,4.25,7.5],"rotation":0,"texture":"#0","tintindex":0},"south":{"uv":[0.0,6.75,0.75,7.75],"rotation":0,"texture":"#0","tintindex":0},"north":{"uv":[6.5,1.5,7.25,2.5],"rotation":0,"texture":"#0","tintindex":0},"west":{"uv":[0.75,6.75,1.5,7.75],"rotation":0,"texture":"#0","tintindex":0},"up":{"uv":[4.25,8.25,3.5,7.5],"rotation":0,"texture":"#0","tintindex":0},"down":{"uv":[5.0,7.5,4.25,8.25],"rotation":0,"texture":"#0","tintindex":0}}},{"from":[4.8571424,10.379551,7.281509],"to":[5.428571,12.665265,9.567224],"rotation":{"angle":-22.5,"axis":"x","origin":[5.142857,11.522408,8.424366]},"faces":{"east":{"uv":[5.5,1.0,6.5,2.0],"rotation":0,"texture":"#0","tintindex":0},"south":{"uv":[6.0,7.75,6.25,8.75],"rotation":0,"texture":"#0","tintindex":0},"north":{"uv":[7.25,1.5,7.5,2.5],"rotation":0,"texture":"#0","tintindex":0},"west":{"uv":[2.5,5.75,3.5,6.75],"rotation":0,"texture":"#0","tintindex":0},"up":{"uv":[1.25,9.25,1.0,8.25],"rotation":0,"texture":"#0","tintindex":0},"down":{"uv":[1.5,8.25,1.25,9.25],"rotation":0,"texture":"#0","tintindex":0}}},{"from":[10.0,10.379551,7.281509],"to":[10.571428,12.665265,9.567224],"rotation":{"angle":-22.5,"axis":"x","origin":[10.285714,11.522408,8.424366]},"faces":{"east":{"uv":[3.5,5.75,2.5,6.75],"rotation":0,"texture":"#0","tintindex":0},"south":{"uv":[6.25,7.75,6.0,8.75],"rotation":0,"texture":"#0","tintindex":0},"north":{"uv":[7.5,1.5,7.25,2.5],"rotation":0,"texture":"#0","tintindex":0},"west":{"uv":[6.5,1.0,5.5,2.0],"rotation":0,"texture":"#0","tintindex":0},"up":{"uv":[1.0,9.25,1.25,8.25],"rotation":0,"texture":"#0","tintindex":0},"down":{"uv":[1.25,8.25,1.5,9.25],"rotation":0,"texture":"#0","tintindex":0}}},{"from":[5.714286,9.714286,6.5714283],"to":[9.714286,11.428572,9.428572],"rotation":{"angle":0.0,"axis":"y","origin":[7.714286,12.0,7.714286]},"faces":{"east":{"uv":[3.5,5.75,4.75,6.5],"rotation":0,"texture":"#0","tintindex":0},"south":{"uv":[5.0,3.0,6.75,3.75],"rotation":0,"texture":"#0","tintindex":0},"north":{"uv":[3.0,5.0,4.75,5.75],"rotation":0,"texture":"#0","tintindex":0},"west":{"uv":[4.75,6.0,6.0,6.75],"rotation":0,"texture":"#0","tintindex":0},"up":{"uv":[1.75,4.25,0.0,3.0],"rotation":0,"texture":"#0","tintindex":0},"down":{"uv":[3.5,3.0,1.75,4.25],"rotation":0,"texture":"#0","tintindex":0}}},{"from":[6.5714283,8.571428,7.142857],"to":[8.857143,9.714286,8.857143],"rotation":{"angle":0.0,"axis":"y","origin":[8.0,12.571428,7.714286]},"faces":{"east":{"uv":[7.75,4.0,8.5,4.5],"rotation":0,"texture":"#0","tintindex":0},"south":{"uv":[1.0,7.75,2.0,8.25],"rotation":0,"texture":"#0","tintindex":0},"north":{"uv":[0.0,7.75,1.0,8.25],"rotation":0,"texture":"#0","tintindex":0},"west":{"uv":[7.75,4.5,8.5,5.0],"rotation":0,"texture":"#0","tintindex":0},"up":{"uv":[3.5,7.5,2.5,6.75],"rotation":0,"texture":"#0","tintindex":0},"down":{"uv":[7.75,2.5,6.75,3.25],"rotation":0,"texture":"#0","tintindex":0}}},{"from":[6.285714,6.857143,6.857143],"to":[9.142858,8.571428,9.142858],"rotation":{"angle":0.0,"axis":"y","origin":[8.0,7.714286,8.0]},"faces":{"east":{"uv":[4.25,6.75,5.25,7.5],"rotation":0,"texture":"#0","tintindex":0},"south":{"uv":[6.0,5.5,7.25,6.25],"rotation":0,"texture":"#0","tintindex":0},"north":{"uv":[6.0,4.75,7.25,5.5],"rotation":0,"texture":"#0","tintindex":0},"west":{"uv":[5.25,7.0,6.25,7.75],"rotation":0,"texture":"#0","tintindex":0},"up":{"uv":[6.25,4.75,5.0,3.75],"rotation":0,"texture":"#0","tintindex":0},"down":{"uv":[6.0,5.0,4.75,6.0],"rotation":0,"texture":"#0","tintindex":0}}}],"display":{"head":{"translation":[0.0,-6.4,0.0],"scale":[4.0,4.0,4.0]}}}