{"textures":{"0":"modelengine:entity/techno"},"elements":[{"from":[6.9439244,7.2826366,6.741071],"to":[9.229639,9.568351,9.026786],"rotation":{"angle":0.0,"axis":"y","origin":[8.1099,6.562191,7.669643]},"faces":{"east":{"uv":[0.0,2.0,2.0,4.0],"rotation":0,"texture":"#0","tintindex":0},"south":{"uv":[2.0,0.0,4.0,2.0],"rotation":0,"texture":"#0","tintindex":0},"north":{"uv":[0.0,0.0,2.0,2.0],"rotation":0,"texture":"#0","tintindex":0},"west":{"uv":[2.0,2.0,4.0,4.0],"rotation":0,"texture":"#0","tintindex":0},"up":{"uv":[2.0,6.0,0.0,4.0],"rotation":0,"texture":"#0","tintindex":0},"down":{"uv":[6.0,0.0,4.0,2.0],"rotation":0,"texture":"#0","tintindex":0}}},{"from":[7.2296386,7.2826366,9.026786],"to":[8.943924,8.425494,9.3125],"rotation":{"angle":0.0,"axis":"y","origin":[8.1099,6.562191,7.669643]},"faces":{"east":{"uv":[5.5,6.0,6.0,7.0],"rotation":0,"texture":"#0","tintindex":0},"south":{"uv":[11.0,9.0,12.5,10.0],"rotation":0,"texture":"#0","tintindex":0},"north":{"uv":[11.0,8.0,12.5,9.0],"rotation":0,"texture":"#0","tintindex":0},"west":{"uv":[3.5,11.5,4.0,12.5],"rotation":0,"texture":"#0","tintindex":0},"up":{"uv":[14.5,1.5,13.0,1.0],"rotation":0,"texture":"#0","tintindex":0},"down":{"uv":[14.5,1.5,13.0,2.0],"rotation":0,"texture":"#0","tintindex":0}}},{"from":[9.229639,6.711208,7.3125],"to":[9.515353,8.9969225,8.455358],"rotation":{"angle":0.0,"axis":"y","origin":[8.1099,6.562191,7.669643]},"faces":{"east":{"uv":[3.0,9.5,4.0,11.5],"rotation":0,"texture":"#0","tintindex":0},"south":{"uv":[8.0,11.0,8.5,13.0],"rotation":0,"texture":"#0","tintindex":0},"north":{"uv":[2.5,11.0,3.0,13.0],"rotation":0,"texture":"#0","tintindex":0},"west":{"uv":[10.5,0.0,11.5,2.0],"rotation":0,"texture":"#0","tintindex":0},"up":{"uv":[1.5,13.0,1.0,12.0],"rotation":0,"texture":"#0","tintindex":0},"down":{"uv":[2.5,13.0,2.0,14.0],"rotation":0,"texture":"#0","tintindex":0}}},{"from":[6.65821,6.711208,7.3125],"to":[6.9439244,8.9969225,8.455358],"rotation":{"angle":0.0,"axis":"y","origin":[8.1099,6.562191,7.669643]},"faces":{"east":{"uv":[10.5,2.0,11.5,4.0],"rotation":0,"texture":"#0","tintindex":0},"south":{"uv":[3.0,11.5,3.5,13.5],"rotation":0,"texture":"#0","tintindex":0},"north":{"uv":[11.5,2.0,12.0,4.0],"rotation":0,"texture":"#0","tintindex":0},"west":{"uv":[4.0,10.5,5.0,12.5],"rotation":0,"texture":"#0","tintindex":0},"up":{"uv":[3.0,14.0,2.5,13.0],"rotation":0,"texture":"#0","tintindex":0},"down":{"uv":[13.5,7.0,13.0,8.0],"rotation":0,"texture":"#0","tintindex":0}}},{"from":[6.339841,8.966622,6.8782144],"to":[8.35127,9.755194,8.889643],"rotation":{"angle":-22.5,"axis":"z","origin":[8.1099,6.562191,7.669643]},"faces":{"east":{"uv":[11.5,4.0,13.5,4.5],"rotation":0,"texture":"#0","tintindex":0},"south":{"uv":[11.5,4.5,13.5,5.0],"rotation":0,"texture":"#0","tintindex":0},"north":{"uv":[9.0,6.5,11.0,7.0],"rotation":0,"texture":"#0","tintindex":0},"west":{"uv":[11.5,5.0,13.5,5.5],"rotation":0,"texture":"#0","tintindex":0},"up":{"uv":[4.0,6.0,2.0,4.0],"rotation":0,"texture":"#0","tintindex":0},"down":{"uv":[6.0,2.0,4.0,4.0],"rotation":0,"texture":"#0","tintindex":0}}},{"from":[6.339841,9.755194,6.8782144],"to":[6.842698,10.258051,7.3810716],"rotation":{"angle":-22.5,"axis":"z","origin":[8.1099,6.562191,7.669643]},"faces":{"east":{"uv":[10.5,6.0,11.0,6.5],"rotation":0,"texture":"#0","tintindex":0},"south":{"uv":[4.5,12.5,5.0,13.0],"rotation":0,"texture":"#0","tintindex":0},"north":{"uv":[5.0,10.5,5.5,11.0],"rotation":0,"texture":"#0","tintindex":0},"west":{"uv":[13.5,4.0,14.0,4.5],"rotation":0,"texture":"#0","tintindex":0},"up":{"uv":[14.0,5.0,13.5,4.5],"rotation":0,"texture":"#0","tintindex":0},"down":{"uv":[5.5,13.5,5.0,14.0],"rotation":0,"texture":"#0","tintindex":0}}},{"from":[6.339841,9.755194,8.3867855],"to":[6.842698,10.258051,8.889643],"rotation":{"angle":-22.5,"axis":"z","origin":[8.1099,6.562191,7.669643]},"faces":{"east":{"uv":[5.5,13.5,6.0,14.0],"rotation":0,"texture":"#0","tintindex":0},"south":{"uv":[13.5,5.5,14.0,6.0],"rotation":0,"texture":"#0","tintindex":0},"north":{"uv":[13.5,5.0,14.0,5.5],"rotation":0,"texture":"#0","tintindex":0},"west":{"uv":[6.0,13.5,6.5,14.0],"rotation":0,"texture":"#0","tintindex":0},"up":{"uv":[7.0,14.0,6.5,13.5],"rotation":0,"texture":"#0","tintindex":0},"down":{"uv":[7.5,13.5,7.0,14.0],"rotation":0,"texture":"#0","tintindex":0}}},{"from":[7.8484125,9.755194,8.3867855],"to":[8.35127,10.258051,8.889643],"rotation":{"angle":-22.5,"axis":"z","origin":[8.1099,6.562191,7.669643]},"faces":{"east":{"uv":[7.5,13.5,8.0,14.0],"rotation":0,"texture":"#0","tintindex":0},"south":{"uv":[13.5,7.5,14.0,8.0],"rotation":0,"texture":"#0","tintindex":0},"north":{"uv":[13.5,7.0,14.0,7.5],"rotation":0,"texture":"#0","tintindex":0},"west":{"uv":[8.0,13.5,8.5,14.0],"rotation":0,"texture":"#0","tintindex":0},"up":{"uv":[14.0,8.5,13.5,8.0],"rotation":0,"texture":"#0","tintindex":0},"down":{"uv":[9.0,13.5,8.5,14.0],"rotation":0,"texture":"#0","tintindex":0}}},{"from":[7.8484125,9.755194,6.8782144],"to":[8.35127,10.258051,7.3810716],"rotation":{"angle":-22.5,"axis":"z","origin":[8.1099,6.562191,7.669643]},"faces":{"east":{"uv":[9.0,13.5,9.5,14.0],"rotation":0,"texture":"#0","tintindex":0},"south":{"uv":[13.5,9.0,14.0,9.5],"rotation":0,"texture":"#0","tintindex":0},"north":{"uv":[13.5,8.5,14.0,9.0],"rotation":0,"texture":"#0","tintindex":0},"west":{"uv":[9.5,13.5,10.0,14.0],"rotation":0,"texture":"#0","tintindex":0},"up":{"uv":[14.0,10.0,13.5,9.5],"rotation":0,"texture":"#0","tintindex":0},"down":{"uv":[10.5,13.5,10.0,14.0],"rotation":0,"texture":"#0","tintindex":0}}},{"from":[7.0941267,9.755194,6.8782144],"to":[7.596984,10.258051,7.3810716],"rotation":{"angle":-22.5,"axis":"z","origin":[8.1099,6.562191,7.669643]},"faces":{"east":{"uv":[10.5,13.5,11.0,14.0],"rotation":0,"texture":"#0","tintindex":0},"south":{"uv":[13.5,10.5,14.0,11.0],"rotation":0,"texture":"#0","tintindex":0},"north":{"uv":[13.5,10.0,14.0,10.5],"rotation":0,"texture":"#0","tintindex":0},"west":{"uv":[11.0,13.5,11.5,14.0],"rotation":0,"texture":"#0","tintindex":0},"up":{"uv":[14.0,11.5,13.5,11.0],"rotation":0,"texture":"#0","tintindex":0},"down":{"uv":[12.0,13.5,11.5,14.0],"rotation":0,"texture":"#0","tintindex":0}}},{"from":[7.0941267,9.755194,8.3867855],"to":[7.596984,10.258051,8.889643],"rotation":{"angle":-22.5,"axis":"z","origin":[8.1099,6.562191,7.669643]},"faces":{"east":{"uv":[12.0,13.5,12.5,14.0],"rotation":0,"texture":"#0","tintindex":0},"south":{"uv":[13.5,12.0,14.0,12.5],"rotation":0,"texture":"#0","tintindex":0},"north":{"uv":[13.5,11.5,14.0,12.0],"rotation":0,"texture":"#0","tintindex":0},"west":{"uv":[12.5,13.5,13.0,14.0],"rotation":0,"texture":"#0","tintindex":0},"up":{"uv":[14.0,13.0,13.5,12.5],"rotation":0,"texture":"#0","tintindex":0},"down":{"uv":[13.5,13.5,13.0,14.0],"rotation":0,"texture":"#0","tintindex":0}}},{"from":[7.8484125,9.755194,7.6325],"to":[8.35127,10.258051,8.135357],"rotation":{"angle":-22.5,"axis":"z","origin":[8.1099,6.562191,7.669643]},"faces":{"east":{"uv":[13.5,13.5,14.0,14.0],"rotation":0,"texture":"#0","tintindex":0},"south":{"uv":[0.0,14.0,0.5,14.5],"rotation":0,"texture":"#0","tintindex":0},"north":{"uv":[13.5,13.0,14.0,13.5],"rotation":0,"texture":"#0","tintindex":0},"west":{"uv":[0.5,14.0,1.0,14.5],"rotation":0,"texture":"#0","tintindex":0},"up":{"uv":[1.5,14.5,1.0,14.0],"rotation":0,"texture":"#0","tintindex":0},"down":{"uv":[2.0,14.0,1.5,14.5],"rotation":0,"texture":"#0","tintindex":0}}},{"from":[6.339841,9.755194,7.6325],"to":[6.842698,10.258051,8.135357],"rotation":{"angle":-22.5,"axis":"z","origin":[8.1099,6.562191,7.669643]},"faces":{"east":{"uv":[14.0,2.0,14.5,2.5],"rotation":0,"texture":"#0","tintindex":0},"south":{"uv":[2.5,14.0,3.0,14.5],"rotation":0,"texture":"#0","tintindex":0},"north":{"uv":[2.0,14.0,2.5,14.5],"rotation":0,"texture":"#0","tintindex":0},"west":{"uv":[14.0,2.5,14.5,3.0],"rotation":0,"texture":"#0","tintindex":0},"up":{"uv":[3.5,14.5,3.0,14.0],"rotation":0,"texture":"#0","tintindex":0},"down":{"uv":[14.5,3.0,14.0,3.5],"rotation":0,"texture":"#0","tintindex":0}}},{"from":[7.5153527,6.9969225,7.3125],"to":[8.65821,7.2826366,8.455358],"rotation":{"angle":0.0,"axis":"y","origin":[8.1099,6.562191,7.669643]},"faces":{"east":{"uv":[7.5,13.0,8.5,13.5],"rotation":0,"texture":"#0","tintindex":0},"south":{"uv":[10.5,13.0,11.5,13.5],"rotation":0,"texture":"#0","tintindex":0},"north":{"uv":[8.0,1.5,9.0,2.0],"rotation":0,"texture":"#0","tintindex":0},"west":{"uv":[11.5,13.0,12.5,13.5],"rotation":0,"texture":"#0","tintindex":0},"up":{"uv":[9.5,12.5,8.5,11.5],"rotation":0,"texture":"#0","tintindex":0},"down":{"uv":[10.5,11.5,9.5,12.5],"rotation":0,"texture":"#0","tintindex":0}}},{"from":[6.65821,6.1397796,7.883929],"to":[6.9439244,6.711208,8.455358],"rotation":{"angle":0.0,"axis":"y","origin":[8.1099,6.562191,7.669643]},"faces":{"east":{"uv":[14.0,5.0,14.5,5.5],"rotation":0,"texture":"#0","tintindex":0},"south":{"uv":[5.5,14.0,6.0,14.5],"rotation":0,"texture":"#0","tintindex":0},"north":{"uv":[5.0,14.0,5.5,14.5],"rotation":0,"texture":"#0","tintindex":0},"west":{"uv":[14.0,5.5,14.5,6.0],"rotation":0,"texture":"#0","tintindex":0},"up":{"uv":[6.5,14.5,6.0,14.0],"rotation":0,"texture":"#0","tintindex":0},"down":{"uv":[7.0,14.0,6.5,14.5],"rotation":0,"texture":"#0","tintindex":0}}},{"from":[9.229639,6.1397796,7.883929],"to":[9.515353,6.711208,8.455358],"rotation":{"angle":0.0,"axis":"y","origin":[8.1099,6.562191,7.669643]},"faces":{"east":{"uv":[14.0,3.5,14.5,4.0],"rotation":0,"texture":"#0","tintindex":0},"south":{"uv":[4.0,14.0,4.5,14.5],"rotation":0,"texture":"#0","tintindex":0},"north":{"uv":[3.5,14.0,4.0,14.5],"rotation":0,"texture":"#0","tintindex":0},"west":{"uv":[14.0,4.0,14.5,4.5],"rotation":0,"texture":"#0","tintindex":0},"up":{"uv":[5.0,14.5,4.5,14.0],"rotation":0,"texture":"#0","tintindex":0},"down":{"uv":[14.5,4.5,14.0,5.0],"rotation":0,"texture":"#0","tintindex":0}}}],"display":{"head":{"translation":[0.0,-6.4,0.0],"scale":[4.0,4.0,4.0]}}}