{"textures":{"0":"modelengine:entity/techno"},"elements":[{"from":[7.5714283,5.714286,7.285714],"to":[8.428572,6.857143,8.428572],"rotation":{"angle":0.0,"axis":"y","origin":[7.297063,9.191965,7.642857]},"faces":{"east":{"uv":[8.5,12.5,9.5,13.5],"rotation":0,"texture":"#0","tintindex":0},"south":{"uv":[12.5,9.0,13.5,10.0],"rotation":0,"texture":"#0","tintindex":0},"north":{"uv":[12.5,8.0,13.5,9.0],"rotation":0,"texture":"#0","tintindex":0},"west":{"uv":[9.5,12.5,10.5,13.5],"rotation":0,"texture":"#0","tintindex":0},"up":{"uv":[13.5,12.5,12.5,11.5],"rotation":0,"texture":"#0","tintindex":0},"down":{"uv":[13.5,12.5,12.5,13.5],"rotation":0,"texture":"#0","tintindex":0}}},{"from":[7.428571,5.142857,7.142857],"to":[8.571428,5.714286,9.142858],"rotation":{"angle":0.0,"axis":"y","origin":[7.297063,9.191965,7.642857]},"faces":{"east":{"uv":[12.0,3.5,14.0,4.0],"rotation":0,"texture":"#0","tintindex":0},"south":{"uv":[1.0,13.5,2.0,14.0],"rotation":0,"texture":"#0","tintindex":0},"north":{"uv":[0.0,13.5,1.0,14.0],"rotation":0,"texture":"#0","tintindex":0},"west":{"uv":[0.0,13.0,2.0,13.5],"rotation":0,"texture":"#0","tintindex":0},"up":{"uv":[11.5,6.0,10.5,4.0],"rotation":0,"texture":"#0","tintindex":0},"down":{"uv":[2.5,11.0,1.5,13.0],"rotation":0,"texture":"#0","tintindex":0}}}],"display":{"head":{"translation":[0.0,-6.4,0.0],"scale":[4.0,4.0,4.0]}}}