{"textures":{"0":"modelengine:entity/techno"},"elements":[{"from":[7.5714283,5.714286,7.285714],"to":[8.428572,6.857143,8.428572],"rotation":{"angle":0.0,"axis":"y","origin":[8.725635,9.191965,7.642857]},"faces":{"east":{"uv":[12.0,6.0,13.0,7.0],"rotation":0,"texture":"#0","tintindex":0},"south":{"uv":[12.0,7.0,13.0,8.0],"rotation":0,"texture":"#0","tintindex":0},"north":{"uv":[0.0,12.0,1.0,13.0],"rotation":0,"texture":"#0","tintindex":0},"west":{"uv":[10.5,12.0,11.5,13.0],"rotation":0,"texture":"#0","tintindex":0},"up":{"uv":[12.5,13.0,11.5,12.0],"rotation":0,"texture":"#0","tintindex":0},"down":{"uv":[4.5,12.5,3.5,13.5],"rotation":0,"texture":"#0","tintindex":0}}},{"from":[7.428571,5.142857,7.142857],"to":[8.571428,5.714286,9.142858],"rotation":{"angle":0.0,"axis":"y","origin":[8.725635,9.191965,7.642857]},"faces":{"east":{"uv":[13.0,0.0,15.0,0.5],"rotation":0,"texture":"#0","tintindex":0},"south":{"uv":[4.0,13.5,5.0,14.0],"rotation":0,"texture":"#0","tintindex":0},"north":{"uv":[3.0,13.5,4.0,14.0],"rotation":0,"texture":"#0","tintindex":0},"west":{"uv":[13.0,0.5,15.0,1.0],"rotation":0,"texture":"#0","tintindex":0},"up":{"uv":[6.0,13.0,5.0,11.0],"rotation":0,"texture":"#0","tintindex":0},"down":{"uv":[7.0,11.0,6.0,13.0],"rotation":0,"texture":"#0","tintindex":0}}}],"display":{"head":{"translation":[0.0,-6.4,0.0],"scale":[4.0,4.0,4.0]}}}