{ "custom.emssanta.reload": { "category": "hostile", "sounds": [ { "name": "custom/mobs/emssanta/reloadrl" } ], "subtitle": "Rocket launcher reloaded" }, 
"custom.emssanta.deathfx": { "category": "hostile", "sounds": [ { "name": "custom/mobs/emssanta/deathfx" } ], "subtitle": "Something falls down" }, 
"custom.emssanta.putawayrl": { "category": "hostile", "sounds": [ { "name": "custom/mobs/emssanta/putawayrl" } ], "subtitle": "Rocket Launcher Unloaded" }, 
"custom.emssanta.pulloutrl": { "category": "hostile", "sounds": [ { "name": "custom/mobs/emssanta/pulloutrl" } ], "subtitle": "Rocket Launcher loaded" }, 
"custom.emssanta.shot": { "category": "hostile", "sounds": [ { "name": "custom/mobs/emssanta/shot1" }, { "name": "custom/mobs/emssanta/shot2" } ], "subtitle": "Rocket Launcher fires"  }, 
"custom.emssanta.reloadshot": { "category": "hostile", "sounds": [ { "name": "custom/mobs/emssanta/reloadshot2" } ], "subtitle": "Rocket Launcher reloading", "attenuation_distance": "16", "volume": "1" }, 
"custom.emssanta.box": { "category": "hostile", "sounds": [ { "name": "custom/mobs/emssanta/box1" }, { "name": "custom/mobs/emssanta/box2" }, { "name": "custom/mobs/emssanta/box3" } ], "subtitle": "Fist hit", "attenuation_distance": "16", "volume": "1" }, 
"custom.emssanta.effort": { "category": "hostile", "sounds": [ { "name": "custom/mobs/emssanta/effort1" }, { "name": "custom/mobs/emssanta/effort2" }, { "name": "custom/mobs/emssanta/effort3" } ], "subtitle": "Santa Attacks", "attenuation_distance": "16", "volume": "1" }, 
"custom.emssanta.hit": { "category": "hostile", "sounds": [ { "name": "custom/mobs/emssanta/hit1" }, { "name": "custom/mobs/emssanta/hit2" } ], "subtitle": "Strong fist hit", "attenuation_distance": "16", "volume": "1" }, 
"custom.emssanta.hitmetal": { "category": "hostile", "sounds": [ { "name": "custom/mobs/emssanta/hitmetal1" }, { "name": "custom/mobs/emssanta/hitmetal2" } ], "subtitle": "Metal hit", "attenuation_distance": "16", "volume": "1" }, 
"custom.emssanta.frag": { "category": "hostile", "sounds": [ { "name": "custom/mobs/emssanta/frag1" }, { "name": "custom/mobs/emssanta/frag2" } ], "subtitle": "Grenade thrown", "attenuation_distance": "16", "volume": "1" }, 
"custom.emssanta.rebound": { "category": "hostile", "sounds": [ { "name": "custom/mobs/emssanta/rebound1" }, { "name": "custom/mobs/emssanta/rebound2" } ], "subtitle": "Grenade falls", "attenuation_distance": "16", "volume": "1" }, 
"custom.emssanta.death": { "category": "hostile", "sounds": [ { "name": "custom/mobs/emssanta/death1" }, { "name": "custom/mobs/emssanta/death2" }, { "name": "custom/mobs/emssanta/death3" } ], "subtitle": "Santa Dies", "attenuation_distance": "16" }, 
"custom.emssanta.hoho": { "category": "hostile", "sounds": [ { "name": "custom/mobs/emssanta/hoho1" }, { "name": "custom/mobs/emssanta/hoho2" }, { "name": "custom/mobs/emssanta/hoho3" }, { "name": "custom/mobs/emssanta/hoho4" } ], "subtitle": "Santa Laughs", "attenuation_distance": "16" }, 
"custom.emssanta.mumble": { "category": "hostile", "sounds": [ { "name": "custom/mobs/emssanta/mumble1" }, { "name": "custom/mobs/emssanta/mumble2" }, { "name": "custom/mobs/emssanta/mumble3" }, { "name": "custom/mobs/emssanta/mumble4" } ], "subtitle": "Santa Mumbles", "attenuation_distance": "16" }, 
"custom.emssanta.hurt": { "category": "hostile", "sounds": [ { "name": "custom/mobs/emssanta/hurt1" }, { "name": "custom/mobs/emssanta/hurt2" }, { "name": "custom/mobs/emssanta/hurt3" }, { "name": "custom/mobs/emssanta/hurt4" }, { "name": "custom/mobs/emssanta/hurt5" } ], "subtitle": "Santa Hurt", "attenuation_distance": "16" }, 
"custom.emssanta.attack": { "category": "hostile", "sounds": [ { "name": "custom/mobs/emssanta/attack1" }, { "name": "custom/mobs/emssanta/attack2" }, { "name": "custom/mobs/emssanta/attack3" }, { "name": "custom/mobs/emssanta/attack4" } ], "subtitle": "Santa attacks", "attenuation_distance": "16" },
"custom.emssanta.attackb": { "category": "hostile", "sounds": [ { "name": "custom/mobs/emssanta/attackb1" }, { "name": "custom/mobs/emssanta/attackb2" } ], "subtitle": "Santa attacks" } 
}