{"textures":{"0":"modelengine:entity/snowman"},"elements":[{"from":[5.428571,5.214286,7.0714283],"to":[10.571428,9.785714,11.642858],"rotation":{"angle":0.0,"axis":"y","origin":[8.0,7.5,9.357143]},"faces":{"east":{"uv":[5.25,2.25,7.25,4.25],"rotation":0,"texture":"#0","tintindex":0},"south":{"uv":[2.75,2.25,5.0,4.25],"rotation":0,"texture":"#0","tintindex":0},"north":{"uv":[2.75,0.0,5.0,2.0],"rotation":0,"texture":"#0","tintindex":0},"west":{"uv":[5.25,4.5,7.25,6.5],"rotation":0,"texture":"#0","tintindex":0},"up":{"uv":[5.0,6.5,2.75,4.5],"rotation":0,"texture":"#0","tintindex":0},"down":{"uv":[7.5,0.0,5.25,2.0],"rotation":0,"texture":"#0","tintindex":0}}},{"from":[5.142857,9.214286,6.5],"to":[10.857143,10.928572,12.214286],"rotation":{"angle":0.0,"axis":"y","origin":[8.0,10.071428,9.357143]},"faces":{"east":{"uv":[4.5,9.0,7.0,9.75],"rotation":0,"texture":"#0","tintindex":0},"south":{"uv":[9.5,0.0,12.0,0.75],"rotation":0,"texture":"#0","tintindex":0},"north":{"uv":[1.75,9.0,4.25,9.75],"rotation":0,"texture":"#0","tintindex":0},"west":{"uv":[9.5,1.0,12.0,1.75],"rotation":0,"texture":"#0","tintindex":0},"up":{"uv":[2.5,2.5,0.0,0.0],"rotation":0,"texture":"#0","tintindex":0},"down":{"uv":[2.5,2.75,0.0,5.25],"rotation":0,"texture":"#0","tintindex":0}}},{"from":[6.0,6.928571,6.5],"to":[7.714286,9.214286,7.0714283],"rotation":{"angle":0.0,"axis":"y","origin":[6.857143,8.071428,6.785714]},"faces":{"east":{"uv":[3.75,10.0,4.0,11.0],"rotation":0,"texture":"#0","tintindex":0},"south":{"uv":[9.5,2.0,10.25,3.0],"rotation":0,"texture":"#0","tintindex":0},"north":{"uv":[0.0,9.5,0.75,10.5],"rotation":0,"texture":"#0","tintindex":0},"west":{"uv":[4.25,10.0,4.5,11.0],"rotation":0,"texture":"#0","tintindex":0},"up":{"uv":[10.5,10.5,9.75,10.25],"rotation":0,"texture":"#0","tintindex":0},"down":{"uv":[2.75,10.5,2.0,10.75],"rotation":0,"texture":"#0","tintindex":0}}},{"from":[6.0,5.785714,6.5],"to":[7.714286,6.928571,6.5],"rotation":{"angle":0.0,"axis":"y","origin":[6.857143,6.357143,6.5]},"faces":{"east":{"uv":[2.5,5.5,2.5,6.0],"rotation":0,"texture":"#0","tintindex":0},"south":{"uv":[10.5,9.5,9.75,10.0],"rotation":0,"texture":"#0","tintindex":0},"north":{"uv":[9.75,9.5,10.5,10.0],"rotation":0,"texture":"#0","tintindex":0},"west":{"uv":[1.75,7.75,1.75,8.25],"rotation":0,"texture":"#0","tintindex":0},"up":{"uv":[11.25,2.0,10.5,2.0],"rotation":0,"texture":"#0","tintindex":0},"down":{"uv":[11.25,2.25,10.5,2.25],"rotation":0,"texture":"#0","tintindex":0}}}],"display":{"head":{"translation":[0.0,-6.4,0.0],"scale":[4.0,4.0,4.0]}}}