{"textures":{"0":"modelengine:entity/snowman"},"elements":[{"from":[7.714286,6.857143,7.428571],"to":[10.571428,8.0,8.571428],"rotation":{"angle":-22.5,"axis":"z","origin":[9.142858,7.428571,8.0]},"faces":{"east":{"uv":[5.25,10.0,4.75,10.5],"rotation":0,"texture":"#0","tintindex":0},"south":{"uv":[10.75,4.0,9.5,4.5],"rotation":0,"texture":"#0","tintindex":0},"north":{"uv":[10.75,3.25,9.5,3.75],"rotation":0,"texture":"#0","tintindex":0},"west":{"uv":[7.75,9.0,7.25,9.5],"rotation":0,"texture":"#0","tintindex":0},"up":{"uv":[9.5,5.25,10.75,4.75],"rotation":0,"texture":"#0","tintindex":0},"down":{"uv":[9.5,5.5,10.75,6.0],"rotation":0,"texture":"#0","tintindex":0}}}],"display":{"head":{"translation":[0.0,-6.4,0.0],"scale":[4.0,4.0,4.0]}}}