{"textures":{"0":"modelengine:entity/mso_lavastone_golem"},"elements":[{"from":[6.285714,6.285714,6.285714],"to":[9.714286,9.714286,9.714286],"rotation":{"angle":0.0,"axis":"y","origin":[8.0,8.0,8.0]},"faces":{"east":{"uv":[12.75,7.0,13.5,7.75],"rotation":0,"texture":"#0","tintindex":0},"south":{"uv":[12.75,7.75,13.5,8.5],"rotation":0,"texture":"#0","tintindex":0},"north":{"uv":[12.75,6.25,13.5,7.0],"rotation":0,"texture":"#0","tintindex":0},"west":{"uv":[12.75,8.5,13.5,9.25],"rotation":0,"texture":"#0","tintindex":0},"up":{"uv":[13.0,13.5,12.25,12.75],"rotation":0,"texture":"#0","tintindex":0},"down":{"uv":[13.75,0.0,13.0,0.75],"rotation":0,"texture":"#0","tintindex":0}}},{"from":[2.8571424,7.142857,7.428571],"to":[4.0,8.285714,8.571428],"rotation":{"angle":-45.0,"axis":"z","origin":[3.4285712,7.714286,8.0]},"faces":{"east":{"uv":[10.25,2.25,10.5,2.5],"rotation":0,"texture":"#0","tintindex":0},"south":{"uv":[10.25,4.5,10.5,4.75],"rotation":0,"texture":"#0","tintindex":0},"north":{"uv":[8.75,10.0,9.0,10.25],"rotation":0,"texture":"#0","tintindex":0},"west":{"uv":[10.5,10.0,10.75,10.25],"rotation":0,"texture":"#0","tintindex":0},"up":{"uv":[11.75,8.5,11.5,8.25],"rotation":0,"texture":"#0","tintindex":0},"down":{"uv":[12.0,4.0,11.75,4.25],"rotation":0,"texture":"#0","tintindex":0}}},{"from":[2.8571424,14.0,7.428571],"to":[4.0,15.142858,8.571428],"rotation":{"angle":-45.0,"axis":"z","origin":[3.4285712,14.571428,8.0]},"faces":{"east":{"uv":[10.25,2.25,10.5,2.5],"rotation":0,"texture":"#0","tintindex":0},"south":{"uv":[10.25,4.5,10.5,4.75],"rotation":0,"texture":"#0","tintindex":0},"north":{"uv":[8.75,10.0,9.0,10.25],"rotation":0,"texture":"#0","tintindex":0},"west":{"uv":[10.5,10.0,10.75,10.25],"rotation":0,"texture":"#0","tintindex":0},"up":{"uv":[11.75,8.5,11.5,8.25],"rotation":0,"texture":"#0","tintindex":0},"down":{"uv":[12.0,4.0,11.75,4.25],"rotation":0,"texture":"#0","tintindex":0}}},{"from":[2.8571424,16.285715,7.428571],"to":[4.0,17.428572,8.571428],"rotation":{"angle":-45.0,"axis":"z","origin":[3.4285712,16.857143,8.0]},"faces":{"east":{"uv":[10.25,2.25,10.5,2.5],"rotation":0,"texture":"#0","tintindex":0},"south":{"uv":[10.25,4.5,10.5,4.75],"rotation":0,"texture":"#0","tintindex":0},"north":{"uv":[8.75,10.0,9.0,10.25],"rotation":0,"texture":"#0","tintindex":0},"west":{"uv":[10.5,10.0,10.75,10.25],"rotation":0,"texture":"#0","tintindex":0},"up":{"uv":[11.75,8.5,11.5,8.25],"rotation":0,"texture":"#0","tintindex":0},"down":{"uv":[12.0,4.0,11.75,4.25],"rotation":0,"texture":"#0","tintindex":0}}},{"from":[2.8571424,11.714286,7.428571],"to":[4.0,12.857143,8.571428],"rotation":{"angle":-45.0,"axis":"z","origin":[3.4285712,12.285715,8.0]},"faces":{"east":{"uv":[10.25,2.25,10.5,2.5],"rotation":0,"texture":"#0","tintindex":0},"south":{"uv":[10.25,4.5,10.5,4.75],"rotation":0,"texture":"#0","tintindex":0},"north":{"uv":[8.75,10.0,9.0,10.25],"rotation":0,"texture":"#0","tintindex":0},"west":{"uv":[10.5,10.0,10.75,10.25],"rotation":0,"texture":"#0","tintindex":0},"up":{"uv":[11.75,8.5,11.5,8.25],"rotation":0,"texture":"#0","tintindex":0},"down":{"uv":[12.0,4.0,11.75,4.25],"rotation":0,"texture":"#0","tintindex":0}}},{"from":[2.8571424,9.428572,7.428571],"to":[4.0,10.571428,8.571428],"rotation":{"angle":-45.0,"axis":"z","origin":[3.4285712,10.0,8.0]},"faces":{"east":{"uv":[10.25,2.25,10.5,2.5],"rotation":0,"texture":"#0","tintindex":0},"south":{"uv":[10.25,4.5,10.5,4.75],"rotation":0,"texture":"#0","tintindex":0},"north":{"uv":[8.75,10.0,9.0,10.25],"rotation":0,"texture":"#0","tintindex":0},"west":{"uv":[10.5,10.0,10.75,10.25],"rotation":0,"texture":"#0","tintindex":0},"up":{"uv":[11.75,8.5,11.5,8.25],"rotation":0,"texture":"#0","tintindex":0},"down":{"uv":[12.0,4.0,11.75,4.25],"rotation":0,"texture":"#0","tintindex":0}}},{"from":[5.142857,6.285714,1.7142854],"to":[6.285714,13.142858,5.142857],"rotation":{"angle":-22.5,"axis":"y","origin":[5.142857,8.0,5.142857]},"faces":{"east":{"uv":[10.5,8.5,11.25,10.0],"rotation":0,"texture":"#0","tintindex":0},"south":{"uv":[4.75,13.75,5.0,15.25],"rotation":0,"texture":"#0","tintindex":0},"north":{"uv":[2.0,13.75,2.25,15.25],"rotation":0,"texture":"#0","tintindex":0},"west":{"uv":[2.5,10.75,3.25,12.25],"rotation":0,"texture":"#0","tintindex":0},"up":{"uv":[14.5,0.75,14.25,0.0],"rotation":0,"texture":"#0","tintindex":0},"down":{"uv":[0.5,14.25,0.25,15.0],"rotation":0,"texture":"#0","tintindex":0}}},{"from":[4.0,2.2857141,6.857143],"to":[6.285714,4.0,9.142858],"rotation":{"angle":45.0,"axis":"y","origin":[5.142857,4.0,8.0]},"faces":{"east":{"uv":[14.25,0.75,14.75,1.125],"rotation":0,"texture":"#0","tintindex":0},"south":{"uv":[1.0,14.25,1.5,14.625],"rotation":0,"texture":"#0","tintindex":0},"north":{"uv":[0.5,14.25,1.0,14.625],"rotation":0,"texture":"#0","tintindex":0},"west":{"uv":[2.75,14.25,3.25,14.625],"rotation":0,"texture":"#0","tintindex":0},"up":{"uv":[13.0,3.25,12.5,2.75],"rotation":0,"texture":"#0","tintindex":0},"down":{"uv":[14.5,4.75,14.0,5.25],"rotation":0,"texture":"#0","tintindex":0}}},{"from":[3.7142854,4.0,6.5714283],"to":[6.5714283,6.285714,9.428572],"rotation":{"angle":-45.0,"axis":"z","origin":[5.142857,5.714286,8.0]},"faces":{"east":{"uv":[14.0,1.5,14.625,2.0],"rotation":0,"texture":"#0","tintindex":0},"south":{"uv":[14.0,2.0,14.625,2.5],"rotation":0,"texture":"#0","tintindex":0},"north":{"uv":[13.75,13.5,14.375,14.0],"rotation":0,"texture":"#0","tintindex":0},"west":{"uv":[14.0,3.5,14.625,4.0],"rotation":0,"texture":"#0","tintindex":0},"up":{"uv":[3.375,14.125,2.75,13.5],"rotation":0,"texture":"#0","tintindex":0},"down":{"uv":[4.125,13.5,3.5,14.125],"rotation":0,"texture":"#0","tintindex":0}}},{"from":[4.0,6.285714,5.142857],"to":[6.285714,14.285715,10.857143],"rotation":{"angle":0.0,"axis":"y","origin":[5.714286,8.0,8.0]},"faces":{"east":{"uv":[1.5,7.75,2.75,9.5],"rotation":0,"texture":"#0","tintindex":0},"south":{"uv":[5.75,11.25,6.25,13.0],"rotation":0,"texture":"#0","tintindex":0},"north":{"uv":[2.0,4.5,2.5,6.25],"rotation":0,"texture":"#0","tintindex":0},"west":{"uv":[8.0,3.0,9.25,4.75],"rotation":0,"texture":"#0","tintindex":0},"up":{"uv":[1.5,9.5,1.0,8.25],"rotation":0,"texture":"#0","tintindex":0},"down":{"uv":[3.25,12.25,2.75,13.5],"rotation":0,"texture":"#0","tintindex":0}}},{"from":[4.0,14.285715,6.285714],"to":[6.285714,20.0,9.714286],"rotation":{"angle":0.0,"axis":"y","origin":[5.714286,14.857143,8.0]},"faces":{"east":{"uv":[11.75,9.5,12.5,10.75],"rotation":0,"texture":"#0","tintindex":0},"south":{"uv":[12.25,8.25,12.75,9.5],"rotation":0,"texture":"#0","tintindex":0},"north":{"uv":[12.25,6.25,12.75,7.5],"rotation":0,"texture":"#0","tintindex":0},"west":{"uv":[11.75,10.75,12.5,12.0],"rotation":0,"texture":"#0","tintindex":0},"up":{"uv":[8.0,14.5,7.5,13.75],"rotation":0,"texture":"#0","tintindex":0},"down":{"uv":[8.5,13.75,8.0,14.5],"rotation":0,"texture":"#0","tintindex":0}}},{"from":[5.142857,6.285714,10.857143],"to":[6.285714,13.142858,14.285715],"rotation":{"angle":22.5,"axis":"y","origin":[5.142857,8.0,10.857143]},"faces":{"east":{"uv":[6.25,10.5,7.0,12.0],"rotation":0,"texture":"#0","tintindex":0},"south":{"uv":[11.5,13.5,11.75,15.0],"rotation":0,"texture":"#0","tintindex":0},"north":{"uv":[6.75,13.5,7.0,15.0],"rotation":0,"texture":"#0","tintindex":0},"west":{"uv":[7.0,10.5,7.75,12.0],"rotation":0,"texture":"#0","tintindex":0},"up":{"uv":[4.0,12.75,3.75,12.0],"rotation":0,"texture":"#0","tintindex":0},"down":{"uv":[0.25,14.25,0.0,15.0],"rotation":0,"texture":"#0","tintindex":0}}},{"from":[5.142857,13.142858,2.8571424],"to":[6.1714287,16.57143,6.285714],"rotation":{"angle":-22.5,"axis":"y","origin":[5.142857,14.857143,6.285714]},"faces":{"east":{"uv":[8.5,13.0,9.25,13.75],"rotation":0,"texture":"#0","tintindex":0},"south":{"uv":[9.75,14.25,10.0,15.0],"rotation":0,"texture":"#0","tintindex":0},"north":{"uv":[9.5,14.25,9.75,15.0],"rotation":0,"texture":"#0","tintindex":0},"west":{"uv":[9.25,13.0,10.0,13.75],"rotation":0,"texture":"#0","tintindex":0},"up":{"uv":[14.5,10.5,14.25,9.75],"rotation":0,"texture":"#0","tintindex":0},"down":{"uv":[11.0,14.25,10.75,15.0],"rotation":0,"texture":"#0","tintindex":0}}},{"from":[5.142857,13.142858,9.714286],"to":[6.1714287,16.57143,13.142858],"rotation":{"angle":22.5,"axis":"y","origin":[5.142857,14.857143,9.714286]},"faces":{"east":{"uv":[7.0,13.0,7.75,13.75],"rotation":0,"texture":"#0","tintindex":0},"south":{"uv":[8.75,14.25,9.0,15.0],"rotation":0,"texture":"#0","tintindex":0},"north":{"uv":[8.5,14.25,8.75,15.0],"rotation":0,"texture":"#0","tintindex":0},"west":{"uv":[7.75,13.0,8.5,13.75],"rotation":0,"texture":"#0","tintindex":0},"up":{"uv":[9.25,15.0,9.0,14.25],"rotation":0,"texture":"#0","tintindex":0},"down":{"uv":[9.5,14.25,9.25,15.0],"rotation":0,"texture":"#0","tintindex":0}}},{"from":[5.142857,16.57143,4.0],"to":[6.1714287,18.857143,6.285714],"rotation":{"angle":-22.5,"axis":"y","origin":[5.142857,17.142857,6.285714]},"faces":{"east":{"uv":[14.0,10.75,14.5,11.25],"rotation":0,"texture":"#0","tintindex":0},"south":{"uv":[6.0,13.0,6.25,13.5],"rotation":0,"texture":"#0","tintindex":0},"north":{"uv":[2.5,9.5,2.75,10.0],"rotation":0,"texture":"#0","tintindex":0},"west":{"uv":[11.75,14.0,12.25,14.5],"rotation":0,"texture":"#0","tintindex":0},"up":{"uv":[14.5,12.0,14.25,11.5],"rotation":0,"texture":"#0","tintindex":0},"down":{"uv":[14.5,12.0,14.25,12.5],"rotation":0,"texture":"#0","tintindex":0}}},{"from":[5.142857,16.57143,9.714286],"to":[6.1714287,18.857143,12.0],"rotation":{"angle":22.5,"axis":"y","origin":[5.142857,17.142857,9.714286]},"faces":{"east":{"uv":[12.25,14.0,12.75,14.5],"rotation":0,"texture":"#0","tintindex":0},"south":{"uv":[13.5,14.25,13.75,14.75],"rotation":0,"texture":"#0","tintindex":0},"north":{"uv":[13.25,14.25,13.5,14.75],"rotation":0,"texture":"#0","tintindex":0},"west":{"uv":[12.75,14.0,13.25,14.5],"rotation":0,"texture":"#0","tintindex":0},"up":{"uv":[14.0,14.75,13.75,14.25],"rotation":0,"texture":"#0","tintindex":0},"down":{"uv":[14.25,14.25,14.0,14.75],"rotation":0,"texture":"#0","tintindex":0}}}],"display":{"head":{"translation":[0.0,-6.4,0.0],"scale":[4.0,4.0,4.0]}}}