{"textures":{"0":"modelengine:entity/mso_lavastone_golem"},"elements":[{"from":[5.714286,2.8571424,6.285714],"to":[10.285714,6.285714,9.714286],"rotation":{"angle":0.0,"axis":"y","origin":[8.0,8.0,8.0]},"faces":{"east":{"uv":[2.75,7.75,3.5,8.5],"rotation":0,"texture":"#0","tintindex":0},"south":{"uv":[0.75,12.0,1.75,12.75],"rotation":0,"texture":"#0","tintindex":0},"north":{"uv":[3.5,6.25,4.5,7.0],"rotation":0,"texture":"#0","tintindex":0},"west":{"uv":[12.25,12.0,13.0,12.75],"rotation":0,"texture":"#0","tintindex":0},"up":{"uv":[13.0,6.25,12.0,5.5],"rotation":0,"texture":"#0","tintindex":0},"down":{"uv":[7.25,12.0,6.25,12.75],"rotation":0,"texture":"#0","tintindex":0}}},{"from":[4.5714283,4.0,7.428571],"to":[5.714286,5.142857,8.571428],"rotation":{"angle":-45.0,"axis":"z","origin":[5.142857,4.5714283,8.0]},"faces":{"east":{"uv":[10.25,2.25,10.5,2.5],"rotation":0,"texture":"#0","tintindex":0},"south":{"uv":[10.25,4.5,10.5,4.75],"rotation":0,"texture":"#0","tintindex":0},"north":{"uv":[8.75,10.0,9.0,10.25],"rotation":0,"texture":"#0","tintindex":0},"west":{"uv":[10.5,10.0,10.75,10.25],"rotation":0,"texture":"#0","tintindex":0},"up":{"uv":[11.75,8.5,11.5,8.25],"rotation":0,"texture":"#0","tintindex":0},"down":{"uv":[12.0,4.0,11.75,4.25],"rotation":0,"texture":"#0","tintindex":0}}},{"from":[10.285714,4.0,7.428571],"to":[11.428572,5.142857,8.571428],"rotation":{"angle":45.0,"axis":"z","origin":[10.857143,4.5714283,8.0]},"faces":{"east":{"uv":[10.75,10.0,10.5,10.25],"rotation":0,"texture":"#0","tintindex":0},"south":{"uv":[10.5,4.5,10.25,4.75],"rotation":0,"texture":"#0","tintindex":0},"north":{"uv":[9.0,10.0,8.75,10.25],"rotation":0,"texture":"#0","tintindex":0},"west":{"uv":[10.5,2.25,10.25,2.5],"rotation":0,"texture":"#0","tintindex":0},"up":{"uv":[11.5,8.5,11.75,8.25],"rotation":0,"texture":"#0","tintindex":0},"down":{"uv":[11.75,4.0,12.0,4.25],"rotation":0,"texture":"#0","tintindex":0}}}],"display":{"head":{"translation":[0.0,-6.4,0.0],"scale":[4.0,4.0,4.0]}}}