{"textures":{"0":"modelengine:entity/marlin"},"elements":[{"from":[6.5714283,5.178571,4.892857],"to":[9.428572,11.464286,9.464286],"rotation":{"angle":0.0,"axis":"y","origin":[7.714286,5.178571,7.75]},"faces":{"east":{"uv":[6.5,5.0,4.5,7.75],"rotation":0,"texture":"#0","tintindex":0},"south":{"uv":[1.25,7.25,2.5,10.0],"rotation":0,"texture":"#0","tintindex":0},"north":{"uv":[0.0,7.25,1.25,10.0],"rotation":0,"texture":"#0","tintindex":0},"west":{"uv":[4.5,5.0,6.5,7.75],"rotation":0,"texture":"#0","tintindex":0},"up":{"uv":[10.25,2.0,9.0,0.0],"rotation":0,"texture":"#0","tintindex":0},"down":{"uv":[10.5,2.0,9.25,4.0],"rotation":0,"texture":"#0","tintindex":0}}},{"from":[8.0,10.321428,4.892857],"to":[8.0,14.321428,15.178572],"rotation":{"angle":0.0,"axis":"y","origin":[7.714286,5.178571,7.75]},"faces":{"east":{"uv":[4.5,1.75,0.0,3.5],"rotation":0,"texture":"#0","tintindex":0},"south":{"uv":[0.0,0.0,0.0,1.75],"rotation":0,"texture":"#0","tintindex":0},"north":{"uv":[0.0,0.0,0.0,1.75],"rotation":0,"texture":"#0","tintindex":0},"west":{"uv":[0.0,1.75,4.5,3.5],"rotation":0,"texture":"#0","tintindex":0},"up":{"uv":[0.0,4.5,0.0,0.0],"rotation":0,"texture":"#0","tintindex":0},"down":{"uv":[0.0,0.0,0.0,4.5],"rotation":0,"texture":"#0","tintindex":0}}},{"from":[6.5714283,6.892857,2.6071424],"to":[9.428572,9.75,4.892857],"rotation":{"angle":0.0,"axis":"y","origin":[7.714286,5.178571,7.75]},"faces":{"east":{"uv":[3.25,10.25,2.25,11.5],"rotation":0,"texture":"#0","tintindex":0},"south":{"uv":[9.5,8.25,10.75,9.5],"rotation":0,"texture":"#0","tintindex":0},"north":{"uv":[9.5,7.0,10.75,8.25],"rotation":0,"texture":"#0","tintindex":0},"west":{"uv":[2.25,10.25,3.25,11.5],"rotation":0,"texture":"#0","tintindex":0},"up":{"uv":[11.75,2.25,10.5,1.25],"rotation":0,"texture":"#0","tintindex":0},"down":{"uv":[11.75,2.25,10.5,3.25],"rotation":0,"texture":"#0","tintindex":0}}},{"from":[6.5714283,5.75,3.75],"to":[9.428572,6.892857,4.892857],"rotation":{"angle":0.0,"axis":"y","origin":[7.714286,5.178571,7.75]},"faces":{"east":{"uv":[4.0,11.0,4.5,11.5],"rotation":0,"texture":"#0","tintindex":0},"south":{"uv":[10.75,6.75,12.0,7.25],"rotation":0,"texture":"#0","tintindex":0},"north":{"uv":[10.5,3.25,11.75,3.75],"rotation":0,"texture":"#0","tintindex":0},"west":{"uv":[11.0,4.25,11.5,4.75],"rotation":0,"texture":"#0","tintindex":0},"up":{"uv":[12.0,7.75,10.75,7.25],"rotation":0,"texture":"#0","tintindex":0},"down":{"uv":[12.0,7.75,10.75,8.25],"rotation":0,"texture":"#0","tintindex":0}}},{"from":[7.142857,7.464286,0.3214283],"to":[8.857143,8.607142,2.6071424],"rotation":{"angle":0.0,"axis":"y","origin":[7.714286,5.178571,7.75]},"faces":{"east":{"uv":[8.5,7.0,9.5,7.5],"rotation":0,"texture":"#0","tintindex":0},"south":{"uv":[10.75,10.0,11.5,10.5],"rotation":0,"texture":"#0","tintindex":0},"north":{"uv":[10.0,10.75,10.75,11.25],"rotation":0,"texture":"#0","tintindex":0},"west":{"uv":[10.75,9.5,11.75,10.0],"rotation":0,"texture":"#0","tintindex":0},"up":{"uv":[7.75,11.0,7.0,10.0],"rotation":0,"texture":"#0","tintindex":0},"down":{"uv":[8.5,10.5,7.75,11.5],"rotation":0,"texture":"#0","tintindex":0}}},{"from":[8.0,7.464286,-6.535715],"to":[8.0,8.607142,0.3214283],"rotation":{"angle":0.0,"axis":"y","origin":[7.714286,5.178571,7.75]},"faces":{"east":{"uv":[12.75,5.75,9.75,6.25],"rotation":0,"texture":"#0","tintindex":0},"south":{"uv":[0.0,0.0,0.0,0.5],"rotation":0,"texture":"#0","tintindex":0},"north":{"uv":[0.0,0.0,0.0,0.5],"rotation":0,"texture":"#0","tintindex":0},"west":{"uv":[9.75,5.75,12.75,6.25],"rotation":0,"texture":"#0","tintindex":0},"up":{"uv":[0.0,3.0,0.0,0.0],"rotation":0,"texture":"#0","tintindex":0},"down":{"uv":[0.0,0.0,0.0,3.0],"rotation":0,"texture":"#0","tintindex":0}}},{"from":[6.5714283,5.178571,9.464286],"to":[9.428572,10.321428,15.178572],"rotation":{"angle":0.0,"axis":"y","origin":[7.714286,5.178571,7.75]},"faces":{"east":{"uv":[2.5,5.0,0.0,7.25],"rotation":0,"texture":"#0","tintindex":0},"south":{"uv":[8.5,4.75,9.75,7.0],"rotation":0,"texture":"#0","tintindex":0},"north":{"uv":[8.0,2.5,9.25,4.75],"rotation":0,"texture":"#0","tintindex":0},"west":{"uv":[0.0,5.0,2.5,7.25],"rotation":0,"texture":"#0","tintindex":0},"up":{"uv":[7.75,10.0,6.5,7.5],"rotation":0,"texture":"#0","tintindex":0},"down":{"uv":[3.75,7.75,2.5,10.25],"rotation":0,"texture":"#0","tintindex":0}}},{"from":[8.0,3.4642854,12.321428],"to":[8.0,6.3214283,16.32143],"rotation":{"angle":0.0,"axis":"y","origin":[7.714286,5.178571,7.75]},"faces":{"east":{"uv":[9.5,9.25,7.75,10.5],"rotation":0,"texture":"#0","tintindex":0},"south":{"uv":[0.0,0.0,0.0,1.25],"rotation":0,"texture":"#0","tintindex":0},"north":{"uv":[0.0,0.0,0.0,1.25],"rotation":0,"texture":"#0","tintindex":0},"west":{"uv":[7.75,9.25,9.5,10.5],"rotation":0,"texture":"#0","tintindex":0},"up":{"uv":[0.0,1.75,0.0,0.0],"rotation":0,"texture":"#0","tintindex":0},"down":{"uv":[0.0,0.0,0.0,1.75],"rotation":0,"texture":"#0","tintindex":0}}}],"display":{"head":{"translation":[0.0,-6.4,0.0],"scale":[4.0,4.0,4.0]}}}