{"textures":{"0":"modelengine:entity/marlin"},"elements":[{"from":[-1.1428576,8.0,7.5714283],"to":[8.0,8.0,11.0],"rotation":{"angle":0.0,"axis":"y","origin":[9.142858,5.428571,7.5714283]},"faces":{"east":{"uv":[0.0,0.0,1.5,0.0],"rotation":0,"texture":"#0","tintindex":0},"south":{"uv":[0.0,0.0,4.0,0.0],"rotation":0,"texture":"#0","tintindex":0},"north":{"uv":[0.0,0.0,4.0,0.0],"rotation":0,"texture":"#0","tintindex":0},"west":{"uv":[0.0,0.0,1.5,0.0],"rotation":0,"texture":"#0","tintindex":0},"up":{"uv":[4.0,5.0,0.0,3.5],"rotation":0,"texture":"#0","tintindex":0},"down":{"uv":[4.0,3.5,0.0,5.0],"rotation":0,"texture":"#0","tintindex":0}}},{"from":[6.857143,7.714286,7.5714283],"to":[8.0,8.285714,9.285714],"rotation":{"angle":0.0,"axis":"y","origin":[9.142858,5.428571,7.5714283]},"faces":{"east":{"uv":[6.25,2.25,7.0,2.5],"rotation":0,"texture":"#0","tintindex":0},"south":{"uv":[3.25,10.25,3.75,10.5],"rotation":0,"texture":"#0","tintindex":0},"north":{"uv":[8.0,4.75,8.5,5.0],"rotation":0,"texture":"#0","tintindex":0},"west":{"uv":[9.75,6.75,10.5,7.0],"rotation":0,"texture":"#0","tintindex":0},"up":{"uv":[9.75,4.75,9.25,4.0],"rotation":0,"texture":"#0","tintindex":0},"down":{"uv":[11.25,10.5,10.75,11.25],"rotation":0,"texture":"#0","tintindex":0}}}],"display":{"head":{"translation":[0.0,-6.4,0.0],"scale":[4.0,4.0,4.0]}}}