{"textures":{"0":"modelengine:entity/marlin"},"elements":[{"from":[8.0,8.0,7.5714283],"to":[17.142857,8.0,11.0],"rotation":{"angle":0.0,"axis":"y","origin":[6.857143,5.428571,7.5714283]},"faces":{"east":{"uv":[1.5,0.0,0.0,0.0],"rotation":0,"texture":"#0","tintindex":0},"south":{"uv":[4.0,0.0,0.0,0.0],"rotation":0,"texture":"#0","tintindex":0},"north":{"uv":[4.0,0.0,0.0,0.0],"rotation":0,"texture":"#0","tintindex":0},"west":{"uv":[1.5,0.0,0.0,0.0],"rotation":0,"texture":"#0","tintindex":0},"up":{"uv":[0.0,5.0,4.0,3.5],"rotation":0,"texture":"#0","tintindex":0},"down":{"uv":[0.0,3.5,4.0,5.0],"rotation":0,"texture":"#0","tintindex":0}}},{"from":[8.0,7.714286,7.5714283],"to":[9.142858,8.285714,9.285714],"rotation":{"angle":0.0,"axis":"y","origin":[6.857143,5.428571,7.5714283]},"faces":{"east":{"uv":[10.5,6.75,9.75,7.0],"rotation":0,"texture":"#0","tintindex":0},"south":{"uv":[3.75,10.25,3.25,10.5],"rotation":0,"texture":"#0","tintindex":0},"north":{"uv":[8.5,4.75,8.0,5.0],"rotation":0,"texture":"#0","tintindex":0},"west":{"uv":[7.0,2.25,6.25,2.5],"rotation":0,"texture":"#0","tintindex":0},"up":{"uv":[9.25,4.75,9.75,4.0],"rotation":0,"texture":"#0","tintindex":0},"down":{"uv":[10.75,10.5,11.25,11.25],"rotation":0,"texture":"#0","tintindex":0}}}],"display":{"head":{"translation":[0.0,-6.4,0.0],"scale":[4.0,4.0,4.0]}}}