{"textures":{"0":"modelengine:entity/marlin"},"elements":[{"from":[7.142857,5.5714283,8.0],"to":[8.857143,9.571428,12.0],"rotation":{"angle":0.0,"axis":"y","origin":[7.714286,4.428571,0.5714283]},"faces":{"east":{"uv":[9.5,7.5,7.75,9.25],"rotation":0,"texture":"#0","tintindex":0},"south":{"uv":[0.75,10.0,1.5,11.75],"rotation":0,"texture":"#0","tintindex":0},"north":{"uv":[0.0,10.0,0.75,11.75],"rotation":0,"texture":"#0","tintindex":0},"west":{"uv":[7.75,7.5,9.5,9.25],"rotation":0,"texture":"#0","tintindex":0},"up":{"uv":[2.25,11.75,1.5,10.0],"rotation":0,"texture":"#0","tintindex":0},"down":{"uv":[7.0,10.0,6.25,11.75],"rotation":0,"texture":"#0","tintindex":0}}},{"from":[8.0,9.571428,8.0],"to":[8.0,11.857143,12.0],"rotation":{"angle":0.0,"axis":"y","origin":[7.714286,4.428571,0.5714283]},"faces":{"east":{"uv":[5.5,9.5,3.75,10.5],"rotation":0,"texture":"#0","tintindex":0},"south":{"uv":[0.0,0.0,0.0,1.0],"rotation":0,"texture":"#0","tintindex":0},"north":{"uv":[0.0,0.0,0.0,1.0],"rotation":0,"texture":"#0","tintindex":0},"west":{"uv":[3.75,9.5,5.5,10.5],"rotation":0,"texture":"#0","tintindex":0},"up":{"uv":[0.0,1.75,0.0,0.0],"rotation":0,"texture":"#0","tintindex":0},"down":{"uv":[0.0,0.0,0.0,1.75],"rotation":0,"texture":"#0","tintindex":0}}}],"display":{"head":{"translation":[0.0,-6.4,0.0],"scale":[4.0,4.0,4.0]}}}