{"textures":{"0":"modelengine:entity/presentblue"},"elements":[{"from":[7.4302855,7.573143,3.2874284],"to":[8.569715,8.141143,12.712572],"rotation":{"angle":0.0,"axis":"y","origin":[8.0,0.5714283,8.0]},"faces":{"east":{"uv":[6.5,3.5,8.625,3.625],"rotation":0,"texture":"#0","tintindex":0},"south":{"uv":[4.625,6.25,4.875,6.375],"rotation":0,"texture":"#0","tintindex":0},"north":{"uv":[4.625,6.125,4.875,6.25],"rotation":0,"texture":"#0","tintindex":0},"west":{"uv":[6.5,3.625,8.625,3.75],"rotation":0,"texture":"#0","tintindex":0},"up":{"uv":[1.75,8.875,1.5,6.75],"rotation":0,"texture":"#0","tintindex":0},"down":{"uv":[2.0,6.75,1.75,8.875],"rotation":0,"texture":"#0","tintindex":0}}},{"from":[12.144,6.286857,7.429714],"to":[12.713143,7.998857,8.570286],"rotation":{"angle":0.0,"axis":"y","origin":[8.0,0.5714283,8.0]},"faces":{"east":{"uv":[5.125,7.25,5.375,7.625],"rotation":0,"texture":"#0","tintindex":0},"south":{"uv":[1.625,3.875,1.75,4.25],"rotation":0,"texture":"#0","tintindex":0},"north":{"uv":[1.625,3.5,1.75,3.875],"rotation":0,"texture":"#0","tintindex":0},"west":{"uv":[5.375,7.25,5.625,7.625],"rotation":0,"texture":"#0","tintindex":0},"up":{"uv":[7.75,8.125,7.625,7.875],"rotation":0,"texture":"#0","tintindex":0},"down":{"uv":[8.0,7.875,7.875,8.125],"rotation":0,"texture":"#0","tintindex":0}}},{"from":[3.4285712,6.285714,3.4285712],"to":[12.0,8.0,4.0],"rotation":{"angle":0.0,"axis":"y","origin":[8.0,0.5714283,8.0]},"faces":{"east":{"uv":[1.625,4.25,1.75,4.625],"rotation":0,"texture":"#0","tintindex":0},"south":{"uv":[6.375,1.875,8.25,2.25],"rotation":0,"texture":"#0","tintindex":0},"north":{"uv":[5.0,4.5,6.875,4.875],"rotation":0,"texture":"#0","tintindex":0},"west":{"uv":[1.5,6.25,1.625,6.625],"rotation":0,"texture":"#0","tintindex":0},"up":{"uv":[8.375,4.125,6.5,4.0],"rotation":0,"texture":"#0","tintindex":0},"down":{"uv":[8.375,4.125,6.5,4.25],"rotation":0,"texture":"#0","tintindex":0}}},{"from":[12.0,6.285714,3.4285712],"to":[12.571428,8.0,12.0],"rotation":{"angle":0.0,"axis":"y","origin":[8.0,0.5714283,8.0]},"faces":{"east":{"uv":[6.375,2.25,8.25,2.625],"rotation":0,"texture":"#0","tintindex":0},"south":{"uv":[5.5,7.625,5.625,8.0],"rotation":0,"texture":"#0","tintindex":0},"north":{"uv":[5.375,7.625,5.5,8.0],"rotation":0,"texture":"#0","tintindex":0},"west":{"uv":[6.375,2.625,8.25,3.0],"rotation":0,"texture":"#0","tintindex":0},"up":{"uv":[4.625,8.75,4.5,6.875],"rotation":0,"texture":"#0","tintindex":0},"down":{"uv":[0.125,7.0,0.0,8.875],"rotation":0,"texture":"#0","tintindex":0}}},{"from":[4.0,7.428571,4.0],"to":[12.0,8.0,12.0],"rotation":{"angle":0.0,"axis":"y","origin":[8.0,0.5714283,8.0]},"faces":{"east":{"uv":[3.25,3.125,5.0,3.25],"rotation":0,"texture":"#0","tintindex":0},"south":{"uv":[6.875,4.5,8.625,4.625],"rotation":0,"texture":"#0","tintindex":0},"north":{"uv":[3.25,3.0,5.0,3.125],"rotation":0,"texture":"#0","tintindex":0},"west":{"uv":[6.875,4.625,8.625,4.75],"rotation":0,"texture":"#0","tintindex":0},"up":{"uv":[1.75,1.75,0.0,0.0],"rotation":0,"texture":"#0","tintindex":0},"down":{"uv":[1.75,1.75,0.0,3.5],"rotation":0,"texture":"#0","tintindex":0}}},{"from":[4.0,6.285714,12.0],"to":[12.571428,8.0,12.571428],"rotation":{"angle":0.0,"axis":"y","origin":[8.0,0.5714283,8.0]},"faces":{"east":{"uv":[5.625,7.625,5.75,8.0],"rotation":0,"texture":"#0","tintindex":0},"south":{"uv":[6.375,5.25,8.25,5.625],"rotation":0,"texture":"#0","tintindex":0},"north":{"uv":[6.375,4.875,8.25,5.25],"rotation":0,"texture":"#0","tintindex":0},"west":{"uv":[5.75,7.625,5.875,8.0],"rotation":0,"texture":"#0","tintindex":0},"up":{"uv":[8.375,4.375,6.5,4.25],"rotation":0,"texture":"#0","tintindex":0},"down":{"uv":[8.375,4.375,6.5,4.5],"rotation":0,"texture":"#0","tintindex":0}}},{"from":[7.429714,6.286857,12.144],"to":[8.570286,7.998857,12.713143],"rotation":{"angle":0.0,"axis":"y","origin":[8.0,0.5714283,8.0]},"faces":{"east":{"uv":[5.875,7.625,6.0,8.0],"rotation":0,"texture":"#0","tintindex":0},"south":{"uv":[5.875,7.25,6.125,7.625],"rotation":0,"texture":"#0","tintindex":0},"north":{"uv":[5.625,7.25,5.875,7.625],"rotation":0,"texture":"#0","tintindex":0},"west":{"uv":[6.0,7.625,6.125,8.0],"rotation":0,"texture":"#0","tintindex":0},"up":{"uv":[7.5,7.25,7.25,7.125],"rotation":0,"texture":"#0","tintindex":0},"down":{"uv":[8.125,6.375,7.875,6.5],"rotation":0,"texture":"#0","tintindex":0}}},{"from":[3.4285712,6.285714,4.0],"to":[4.0,8.0,12.571428],"rotation":{"angle":0.0,"axis":"y","origin":[8.0,0.5714283,8.0]},"faces":{"east":{"uv":[6.375,5.625,8.25,6.0],"rotation":0,"texture":"#0","tintindex":0},"south":{"uv":[7.375,7.625,7.5,8.0],"rotation":0,"texture":"#0","tintindex":0},"north":{"uv":[7.25,7.625,7.375,8.0],"rotation":0,"texture":"#0","tintindex":0},"west":{"uv":[6.375,6.0,8.25,6.375],"rotation":0,"texture":"#0","tintindex":0},"up":{"uv":[0.25,8.875,0.125,7.0],"rotation":0,"texture":"#0","tintindex":0},"down":{"uv":[0.375,7.0,0.25,8.875],"rotation":0,"texture":"#0","tintindex":0}}},{"from":[3.2868567,6.286857,7.429714],"to":[3.856,7.998857,8.570286],"rotation":{"angle":0.0,"axis":"y","origin":[8.0,0.5714283,8.0]},"faces":{"east":{"uv":[7.25,7.25,7.5,7.625],"rotation":0,"texture":"#0","tintindex":0},"south":{"uv":[7.75,7.0,7.875,7.375],"rotation":0,"texture":"#0","tintindex":0},"north":{"uv":[7.75,7.75,7.875,8.125],"rotation":0,"texture":"#0","tintindex":0},"west":{"uv":[7.5,7.5,7.75,7.875],"rotation":0,"texture":"#0","tintindex":0},"up":{"uv":[8.0,6.75,7.875,6.5],"rotation":0,"texture":"#0","tintindex":0},"down":{"uv":[8.0,6.75,7.875,7.0],"rotation":0,"texture":"#0","tintindex":0}}},{"from":[3.2857141,7.5714283,7.428571],"to":[12.714286,8.142858,8.571428],"rotation":{"angle":0.0,"axis":"y","origin":[8.0,0.5714283,8.0]},"faces":{"east":{"uv":[7.875,7.0,8.125,7.125],"rotation":0,"texture":"#0","tintindex":0},"south":{"uv":[6.5,3.875,8.625,4.0],"rotation":0,"texture":"#0","tintindex":0},"north":{"uv":[6.5,3.75,8.625,3.875],"rotation":0,"texture":"#0","tintindex":0},"west":{"uv":[7.875,7.125,8.125,7.25],"rotation":0,"texture":"#0","tintindex":0},"up":{"uv":[8.625,3.25,6.5,3.0],"rotation":0,"texture":"#0","tintindex":0},"down":{"uv":[8.625,3.25,6.5,3.5],"rotation":0,"texture":"#0","tintindex":0}}},{"from":[4.0,7.5714283,8.0],"to":[12.0,10.428572,8.0],"rotation":{"angle":0.0,"axis":"y","origin":[8.0,0.5714283,8.0]},"faces":{"east":{"uv":[0.0,0.0,0.0,0.625],"rotation":0,"texture":"#0","tintindex":0},"south":{"uv":[6.375,0.0,8.125,0.625],"rotation":0,"texture":"#0","tintindex":0},"north":{"uv":[6.125,6.375,7.875,7.0],"rotation":0,"texture":"#0","tintindex":0},"west":{"uv":[0.0,0.0,0.0,0.625],"rotation":0,"texture":"#0","tintindex":0},"up":{"uv":[1.75,0.0,0.0,0.0],"rotation":0,"texture":"#0","tintindex":0},"down":{"uv":[1.75,0.0,0.0,0.0],"rotation":0,"texture":"#0","tintindex":0}}},{"from":[8.0,7.5714283,4.0],"to":[8.0,10.428572,12.0],"rotation":{"angle":0.0,"axis":"y","origin":[8.0,0.5714283,8.0]},"faces":{"east":{"uv":[6.375,0.625,8.125,1.25],"rotation":0,"texture":"#0","tintindex":0},"south":{"uv":[0.0,0.0,0.0,0.625],"rotation":0,"texture":"#0","tintindex":0},"north":{"uv":[0.0,0.0,0.0,0.625],"rotation":0,"texture":"#0","tintindex":0},"west":{"uv":[6.375,1.25,8.125,1.875],"rotation":0,"texture":"#0","tintindex":0},"up":{"uv":[0.0,1.75,0.0,0.0],"rotation":0,"texture":"#0","tintindex":0},"down":{"uv":[0.0,0.0,0.0,1.75],"rotation":0,"texture":"#0","tintindex":0}}},{"from":[7.429714,6.286857,3.2868567],"to":[8.570286,7.998857,3.856],"rotation":{"angle":0.0,"axis":"y","origin":[8.0,0.5714283,8.0]},"faces":{"east":{"uv":[7.75,7.375,7.875,7.75],"rotation":0,"texture":"#0","tintindex":0},"south":{"uv":[5.125,7.625,5.375,8.0],"rotation":0,"texture":"#0","tintindex":0},"north":{"uv":[7.5,7.125,7.75,7.5],"rotation":0,"texture":"#0","tintindex":0},"west":{"uv":[7.5,7.875,7.625,8.25],"rotation":0,"texture":"#0","tintindex":0},"up":{"uv":[8.125,7.375,7.875,7.25],"rotation":0,"texture":"#0","tintindex":0},"down":{"uv":[8.125,7.375,7.875,7.5],"rotation":0,"texture":"#0","tintindex":0}}}],"display":{"head":{"translation":[0.0,-6.4,0.0],"scale":[4.0,4.0,4.0]}}}