{"textures":{"1":"modelengine:entity/herobrine_alex"},"elements":[{"from":[6.9142857,4.5714283,6.857143],"to":[8.914286,8.0,8.857143],"rotation":{"angle":0.0,"axis":"y","origin":[6.9142857,1.1428566,8.0]},"faces":{"east":{"uv":[3.0,8.0,4.0,9.5],"rotation":0,"texture":"#1","tintindex":0},"south":{"uv":[8.0,3.0,9.0,4.5],"rotation":0,"texture":"#1","tintindex":0},"north":{"uv":[2.0,8.0,3.0,9.5],"rotation":0,"texture":"#1","tintindex":0},"west":{"uv":[4.0,8.0,5.0,9.5],"rotation":0,"texture":"#1","tintindex":0},"up":{"uv":[9.0,8.5,8.0,7.5],"rotation":0,"texture":"#1","tintindex":0},"down":{"uv":[1.0,8.5,0.0,9.5],"rotation":0,"texture":"#1","tintindex":0}}}],"display":{"head":{"translation":[0.0,-6.4,0.0],"scale":[4.0,4.0,4.0]}}}