{"textures":{"0":"modelengine:entity/oar_fish"},"elements":[{"from":[8.0,9.714286,8.0],"to":[8.0,12.0,13.142858],"rotation":{"angle":0.0,"axis":"y","origin":[8.285714,9.142858,-2.285715]},"faces":{"east":{"uv":[14.25,7.0,12.0,8.0],"rotation":0,"texture":"#0","tintindex":0},"south":{"uv":[0.0,0.0,0.0,1.0],"rotation":0,"texture":"#0","tintindex":0},"north":{"uv":[0.0,0.0,0.0,1.0],"rotation":0,"texture":"#0","tintindex":0},"west":{"uv":[12.0,7.0,14.25,8.0],"rotation":0,"texture":"#0","tintindex":0},"up":{"uv":[0.0,2.0,0.0,0.0],"rotation":0,"texture":"#0","tintindex":0},"down":{"uv":[0.0,0.0,0.0,2.0],"rotation":0,"texture":"#0","tintindex":0}}},{"from":[6.5714283,5.714286,8.0],"to":[9.428572,9.714286,13.142858],"rotation":{"angle":0.0,"axis":"y","origin":[8.285714,9.142858,8.0]},"faces":{"east":{"uv":[6.5,1.75,8.75,3.5],"rotation":0,"texture":"#0","tintindex":0},"south":{"uv":[9.75,0.0,11.0,1.75],"rotation":0,"texture":"#0","tintindex":0},"north":{"uv":[2.25,9.5,3.5,11.25],"rotation":0,"texture":"#0","tintindex":0},"west":{"uv":[6.5,1.75,8.75,3.5],"rotation":0,"texture":"#0","tintindex":0},"up":{"uv":[3.5,9.5,2.25,7.25],"rotation":0,"texture":"#0","tintindex":0},"down":{"uv":[9.5,3.5,8.25,5.75],"rotation":0,"texture":"#0","tintindex":0}}}],"display":{"head":{"translation":[0.0,-6.4,0.0],"scale":[4.0,4.0,4.0]}}}