{"textures":{"0":"modelengine:entity/pink_crewmate_texture"},"elements":[{"from":[5.142857,6.342857,6.0],"to":[10.857143,10.342857,10.0],"rotation":{"angle":0.0,"axis":"y","origin":[8.0,10.342857,8.0]},"faces":{"east":{"uv":[6.25,6.25,8.0,8.0],"rotation":0,"texture":"#0","tintindex":0},"south":{"uv":[2.75,4.0,5.25,5.75],"rotation":0,"texture":"#0","tintindex":0},"north":{"uv":[0.0,4.0,2.5,5.75],"rotation":0,"texture":"#0","tintindex":0},"west":{"uv":[7.75,4.0,9.5,5.75],"rotation":0,"texture":"#0","tintindex":0},"up":{"uv":[8.0,1.75,5.5,0.0],"rotation":0,"texture":"#0","tintindex":0},"down":{"uv":[8.0,2.0,5.5,3.75],"rotation":0,"texture":"#0","tintindex":0}}},{"from":[5.714286,6.6285715,5.428571],"to":[10.285714,8.914286,6.0],"rotation":{"angle":0.0,"axis":"y","origin":[8.0,7.7714286,5.714286]},"faces":{"east":{"uv":[7.75,9.5,8.0,10.5],"rotation":0,"texture":"#0","tintindex":0},"south":{"uv":[0.0,0.0,2.0,1.0],"rotation":0,"texture":"#missing","tintindex":0},"north":{"uv":[0.0,8.25,2.0,9.25],"rotation":0,"texture":"#0","tintindex":0},"west":{"uv":[8.25,9.5,8.5,10.5],"rotation":0,"texture":"#0","tintindex":0},"up":{"uv":[10.25,3.5,8.25,3.25],"rotation":0,"texture":"#0","tintindex":0},"down":{"uv":[11.25,1.5,9.25,1.75],"rotation":0,"texture":"#0","tintindex":0}}}],"display":{"head":{"translation":[0.0,-6.4,0.0],"scale":[4.0,4.0,4.0]}}}