{"textures":{"0":"modelengine:entity/goblinskeleton"},"elements":[{"from":[7.526274,6.6609883,5.8358912],"to":[9.240561,8.375275,8.693034],"rotation":{"angle":-22.5,"axis":"x","origin":[7.526274,5.5181313,6.9787483]},"faces":{"east":{"uv":[4.75,8.5,6.0,9.25],"rotation":0,"texture":"#0","tintindex":0},"south":{"uv":[10.0,5.25,10.75,6.0],"rotation":0,"texture":"#0","tintindex":0},"north":{"uv":[10.0,4.5,10.75,5.25],"rotation":0,"texture":"#0","tintindex":0},"west":{"uv":[6.0,8.75,7.25,9.5],"rotation":0,"texture":"#0","tintindex":0},"up":{"uv":[8.0,10.0,7.25,8.75],"rotation":0,"texture":"#0","tintindex":0},"down":{"uv":[9.5,0.0,8.75,1.25],"rotation":0,"texture":"#0","tintindex":0}}},{"from":[7.526274,6.13664,2.6283941],"to":[9.240561,7.850926,5.485537],"rotation":{"angle":0.0,"axis":"y","origin":[5.850868,-0.037000656,6.6363144]},"faces":{"east":{"uv":[8.75,1.25,10.0,2.0],"rotation":0,"texture":"#0","tintindex":0},"south":{"uv":[10.0,8.25,10.75,9.0],"rotation":0,"texture":"#0","tintindex":0},"north":{"uv":[10.0,7.5,10.75,8.25],"rotation":0,"texture":"#0","tintindex":0},"west":{"uv":[8.75,2.0,10.0,2.75],"rotation":0,"texture":"#0","tintindex":0},"up":{"uv":[9.5,4.0,8.75,2.75],"rotation":0,"texture":"#0","tintindex":0},"down":{"uv":[0.75,9.0,0.0,10.25],"rotation":0,"texture":"#0","tintindex":0}}}],"display":{"head":{"translation":[0.0,-6.4,0.0],"scale":[4.0,4.0,4.0]}}}