{"textures":{"0":"modelengine:entity/snowmanplushie"},"elements":[{"from":[9.142858,4.0,7.428571],"to":[9.428572,5.714286,8.571428],"rotation":{"angle":0.0,"axis":"y","origin":[5.714286,4.0,5.714286]},"faces":{"east":{"uv":[4.5,1.25,5.5,2.75],"rotation":0,"texture":"#0","tintindex":0},"south":{"uv":[2.25,6.0,2.5,7.5],"rotation":0,"texture":"#0","tintindex":0},"north":{"uv":[2.0,6.0,2.25,7.5],"rotation":0,"texture":"#0","tintindex":0},"west":{"uv":[1.5,4.5,2.5,6.0],"rotation":0,"texture":"#0","tintindex":0},"up":{"uv":[2.75,5.5,2.5,4.5],"rotation":0,"texture":"#0","tintindex":0},"down":{"uv":[3.0,4.5,2.75,5.5],"rotation":0,"texture":"#0","tintindex":0}}},{"from":[7.142857,4.0,7.428571],"to":[7.428571,5.714286,8.571428],"rotation":{"angle":0.0,"axis":"y","origin":[5.714286,4.0,5.714286]},"faces":{"east":{"uv":[4.5,2.75,5.5,4.25],"rotation":0,"texture":"#0","tintindex":0},"south":{"uv":[2.75,7.0,3.0,8.5],"rotation":0,"texture":"#0","tintindex":0},"north":{"uv":[2.5,7.0,2.75,8.5],"rotation":0,"texture":"#0","tintindex":0},"west":{"uv":[4.5,4.25,5.5,5.75],"rotation":0,"texture":"#0","tintindex":0},"up":{"uv":[1.75,8.25,1.5,7.25],"rotation":0,"texture":"#0","tintindex":0},"down":{"uv":[2.0,7.25,1.75,8.25],"rotation":0,"texture":"#0","tintindex":0}}},{"from":[7.428571,4.0,7.142857],"to":[9.142858,5.714286,8.857143],"rotation":{"angle":0.0,"axis":"y","origin":[5.714286,4.0,5.714286]},"faces":{"east":{"uv":[0.0,1.5,1.5,3.0],"rotation":0,"texture":"#0","tintindex":0},"south":{"uv":[1.5,0.0,3.0,1.5],"rotation":0,"texture":"#0","tintindex":0},"north":{"uv":[0.0,0.0,1.5,1.5],"rotation":0,"texture":"#0","tintindex":0},"west":{"uv":[1.5,1.5,3.0,3.0],"rotation":0,"texture":"#0","tintindex":0},"up":{"uv":[1.5,4.5,0.0,3.0],"rotation":0,"texture":"#0","tintindex":0},"down":{"uv":[4.5,0.0,3.0,1.5],"rotation":0,"texture":"#0","tintindex":0}}},{"from":[7.714286,4.0,6.857143],"to":[8.857143,5.714286,7.142857],"rotation":{"angle":0.0,"axis":"y","origin":[5.714286,4.0,5.714286]},"faces":{"east":{"uv":[3.0,7.0,3.25,8.5],"rotation":0,"texture":"#0","tintindex":0},"south":{"uv":[2.5,5.5,3.5,7.0],"rotation":0,"texture":"#0","tintindex":0},"north":{"uv":[5.5,1.25,6.5,2.75],"rotation":0,"texture":"#0","tintindex":0},"west":{"uv":[3.25,7.0,3.5,8.5],"rotation":0,"texture":"#0","tintindex":0},"up":{"uv":[8.5,3.25,7.5,3.0],"rotation":0,"texture":"#0","tintindex":0},"down":{"uv":[8.5,3.25,7.5,3.5],"rotation":0,"texture":"#0","tintindex":0}}},{"from":[7.714286,4.0,8.857143],"to":[8.857143,5.714286,9.142858],"rotation":{"angle":0.0,"axis":"y","origin":[5.714286,4.0,5.714286]},"faces":{"east":{"uv":[3.5,7.0,3.75,8.5],"rotation":0,"texture":"#0","tintindex":0},"south":{"uv":[3.5,5.5,4.5,7.0],"rotation":0,"texture":"#0","tintindex":0},"north":{"uv":[5.5,2.75,6.5,4.25],"rotation":0,"texture":"#0","tintindex":0},"west":{"uv":[3.75,7.0,4.0,8.5],"rotation":0,"texture":"#0","tintindex":0},"up":{"uv":[8.5,3.75,7.5,3.5],"rotation":0,"texture":"#0","tintindex":0},"down":{"uv":[8.5,3.75,7.5,4.0],"rotation":0,"texture":"#0","tintindex":0}}},{"from":[8.857143,4.285714,8.857143],"to":[9.142858,5.428571,9.142858],"rotation":{"angle":0.0,"axis":"y","origin":[5.714286,4.0,5.714286]},"faces":{"east":{"uv":[2.25,7.5,2.5,8.5],"rotation":0,"texture":"#0","tintindex":0},"south":{"uv":[7.5,4.0,7.75,5.0],"rotation":0,"texture":"#0","tintindex":0},"north":{"uv":[2.0,7.5,2.25,8.5],"rotation":0,"texture":"#0","tintindex":0},"west":{"uv":[7.5,5.0,7.75,6.0],"rotation":0,"texture":"#0","tintindex":0},"up":{"uv":[1.25,6.0,1.0,5.75],"rotation":0,"texture":"#0","tintindex":0},"down":{"uv":[1.5,5.75,1.25,6.0],"rotation":0,"texture":"#0","tintindex":0}}},{"from":[9.142858,4.285714,8.571428],"to":[9.428572,5.428571,8.857143],"rotation":{"angle":0.0,"axis":"y","origin":[5.714286,4.0,5.714286]},"faces":{"east":{"uv":[6.5,7.5,6.75,8.5],"rotation":0,"texture":"#0","tintindex":0},"south":{"uv":[6.75,7.5,7.0,8.5],"rotation":0,"texture":"#0","tintindex":0},"north":{"uv":[7.5,6.0,7.75,7.0],"rotation":0,"texture":"#0","tintindex":0},"west":{"uv":[7.0,7.5,7.25,8.5],"rotation":0,"texture":"#0","tintindex":0},"up":{"uv":[8.75,1.0,8.5,0.75],"rotation":0,"texture":"#0","tintindex":0},"down":{"uv":[8.75,3.75,8.5,4.0],"rotation":0,"texture":"#0","tintindex":0}}},{"from":[9.142858,4.285714,7.142857],"to":[9.428572,5.428571,7.428571],"rotation":{"angle":0.0,"axis":"y","origin":[5.714286,4.0,5.714286]},"faces":{"east":{"uv":[7.25,7.5,7.5,8.5],"rotation":0,"texture":"#0","tintindex":0},"south":{"uv":[7.75,4.0,8.0,5.0],"rotation":0,"texture":"#0","tintindex":0},"north":{"uv":[7.5,7.0,7.75,8.0],"rotation":0,"texture":"#0","tintindex":0},"west":{"uv":[7.75,5.0,8.0,6.0],"rotation":0,"texture":"#0","tintindex":0},"up":{"uv":[8.75,4.25,8.5,4.0],"rotation":0,"texture":"#0","tintindex":0},"down":{"uv":[8.75,4.25,8.5,4.5],"rotation":0,"texture":"#0","tintindex":0}}},{"from":[8.857143,4.285714,6.857143],"to":[9.142858,5.428571,7.142857],"rotation":{"angle":0.0,"axis":"y","origin":[5.714286,4.0,5.714286]},"faces":{"east":{"uv":[7.75,7.0,8.0,8.0],"rotation":0,"texture":"#0","tintindex":0},"south":{"uv":[0.0,8.0,0.25,9.0],"rotation":0,"texture":"#0","tintindex":0},"north":{"uv":[7.75,6.0,8.0,7.0],"rotation":0,"texture":"#0","tintindex":0},"west":{"uv":[8.0,0.0,8.25,1.0],"rotation":0,"texture":"#0","tintindex":0},"up":{"uv":[4.75,8.75,4.5,8.5],"rotation":0,"texture":"#0","tintindex":0},"down":{"uv":[8.75,4.5,8.5,4.75],"rotation":0,"texture":"#0","tintindex":0}}},{"from":[7.428571,4.285714,6.857143],"to":[7.714286,5.428571,7.142857],"rotation":{"angle":0.0,"axis":"y","origin":[5.714286,4.0,5.714286]},"faces":{"east":{"uv":[0.5,8.0,0.75,9.0],"rotation":0,"texture":"#0","tintindex":0},"south":{"uv":[0.75,8.0,1.0,9.0],"rotation":0,"texture":"#0","tintindex":0},"north":{"uv":[0.25,8.0,0.5,9.0],"rotation":0,"texture":"#0","tintindex":0},"west":{"uv":[8.0,4.0,8.25,5.0],"rotation":0,"texture":"#0","tintindex":0},"up":{"uv":[5.0,8.75,4.75,8.5],"rotation":0,"texture":"#0","tintindex":0},"down":{"uv":[8.75,4.75,8.5,5.0],"rotation":0,"texture":"#0","tintindex":0}}},{"from":[7.142857,4.285714,7.142857],"to":[7.428571,5.428571,7.428571],"rotation":{"angle":0.0,"axis":"y","origin":[5.714286,4.0,5.714286]},"faces":{"east":{"uv":[5.5,8.0,5.75,9.0],"rotation":0,"texture":"#0","tintindex":0},"south":{"uv":[5.75,8.0,6.0,9.0],"rotation":0,"texture":"#0","tintindex":0},"north":{"uv":[8.0,5.0,8.25,6.0],"rotation":0,"texture":"#0","tintindex":0},"west":{"uv":[6.0,8.0,6.25,9.0],"rotation":0,"texture":"#0","tintindex":0},"up":{"uv":[5.25,8.75,5.0,8.5],"rotation":0,"texture":"#0","tintindex":0},"down":{"uv":[5.5,8.5,5.25,8.75],"rotation":0,"texture":"#0","tintindex":0}}},{"from":[7.142857,4.285714,8.571428],"to":[7.428571,5.428571,8.857143],"rotation":{"angle":0.0,"axis":"y","origin":[5.714286,4.0,5.714286]},"faces":{"east":{"uv":[6.25,8.0,6.5,9.0],"rotation":0,"texture":"#0","tintindex":0},"south":{"uv":[8.0,7.0,8.25,8.0],"rotation":0,"texture":"#0","tintindex":0},"north":{"uv":[8.0,6.0,8.25,7.0],"rotation":0,"texture":"#0","tintindex":0},"west":{"uv":[7.5,8.0,7.75,9.0],"rotation":0,"texture":"#0","tintindex":0},"up":{"uv":[8.75,5.75,8.5,5.5],"rotation":0,"texture":"#0","tintindex":0},"down":{"uv":[8.75,5.75,8.5,6.0],"rotation":0,"texture":"#0","tintindex":0}}},{"from":[7.428571,4.285714,8.857143],"to":[7.714286,5.428571,9.142858],"rotation":{"angle":0.0,"axis":"y","origin":[5.714286,4.0,5.714286]},"faces":{"east":{"uv":[8.0,8.0,8.25,9.0],"rotation":0,"texture":"#0","tintindex":0},"south":{"uv":[8.25,0.0,8.5,1.0],"rotation":0,"texture":"#0","tintindex":0},"north":{"uv":[7.75,8.0,8.0,9.0],"rotation":0,"texture":"#0","tintindex":0},"west":{"uv":[1.5,8.25,1.75,9.25],"rotation":0,"texture":"#0","tintindex":0},"up":{"uv":[8.75,6.25,8.5,6.0],"rotation":0,"texture":"#0","tintindex":0},"down":{"uv":[8.75,6.25,8.5,6.5],"rotation":0,"texture":"#0","tintindex":0}}},{"from":[7.714286,5.714286,7.428571],"to":[8.857143,7.142857,8.571428],"rotation":{"angle":0.0,"axis":"y","origin":[5.714286,4.0,5.714286]},"faces":{"east":{"uv":[5.5,5.5,6.5,6.75],"rotation":0,"texture":"#0","tintindex":0},"south":{"uv":[0.0,5.75,1.0,7.0],"rotation":0,"texture":"#0","tintindex":0},"north":{"uv":[5.5,4.25,6.5,5.5],"rotation":0,"texture":"#0","tintindex":0},"west":{"uv":[4.5,5.75,5.5,7.0],"rotation":0,"texture":"#0","tintindex":0},"up":{"uv":[1.0,8.0,0.0,7.0],"rotation":0,"texture":"#0","tintindex":0},"down":{"uv":[8.0,0.0,7.0,1.0],"rotation":0,"texture":"#0","tintindex":0}}},{"from":[7.428571,5.714286,7.428571],"to":[7.714286,7.142857,8.571428],"rotation":{"angle":0.0,"axis":"y","origin":[5.714286,4.0,5.714286]},"faces":{"east":{"uv":[6.0,0.0,7.0,1.25],"rotation":0,"texture":"#0","tintindex":0},"south":{"uv":[4.25,7.0,4.5,8.25],"rotation":0,"texture":"#0","tintindex":0},"north":{"uv":[4.0,7.0,4.25,8.25],"rotation":0,"texture":"#0","tintindex":0},"west":{"uv":[1.0,6.0,2.0,7.25],"rotation":0,"texture":"#0","tintindex":0},"up":{"uv":[2.0,9.25,1.75,8.25],"rotation":0,"texture":"#0","tintindex":0},"down":{"uv":[4.25,8.25,4.0,9.25],"rotation":0,"texture":"#0","tintindex":0}}},{"from":[8.857143,5.714286,7.428571],"to":[9.142858,7.142857,8.571428],"rotation":{"angle":0.0,"axis":"y","origin":[5.714286,4.0,5.714286]},"faces":{"east":{"uv":[6.5,1.25,7.5,2.5],"rotation":0,"texture":"#0","tintindex":0},"south":{"uv":[4.75,7.0,5.0,8.25],"rotation":0,"texture":"#0","tintindex":0},"north":{"uv":[4.5,7.0,4.75,8.25],"rotation":0,"texture":"#0","tintindex":0},"west":{"uv":[6.5,2.5,7.5,3.75],"rotation":0,"texture":"#0","tintindex":0},"up":{"uv":[8.5,5.0,8.25,4.0],"rotation":0,"texture":"#0","tintindex":0},"down":{"uv":[4.5,8.25,4.25,9.25],"rotation":0,"texture":"#0","tintindex":0}}},{"from":[7.714286,5.714286,8.571428],"to":[8.857143,7.142857,8.857143],"rotation":{"angle":0.0,"axis":"y","origin":[5.714286,4.0,5.714286]},"faces":{"east":{"uv":[5.0,7.0,5.25,8.25],"rotation":0,"texture":"#0","tintindex":0},"south":{"uv":[6.5,5.0,7.5,6.25],"rotation":0,"texture":"#0","tintindex":0},"north":{"uv":[6.5,3.75,7.5,5.0],"rotation":0,"texture":"#0","tintindex":0},"west":{"uv":[5.25,7.0,5.5,8.25],"rotation":0,"texture":"#0","tintindex":0},"up":{"uv":[9.25,1.25,8.25,1.0],"rotation":0,"texture":"#0","tintindex":0},"down":{"uv":[5.5,8.25,4.5,8.5],"rotation":0,"texture":"#0","tintindex":0}}},{"from":[7.714286,5.714286,7.142857],"to":[8.857143,7.142857,7.428571],"rotation":{"angle":0.0,"axis":"y","origin":[5.714286,4.0,5.714286]},"faces":{"east":{"uv":[1.0,7.25,1.25,8.5],"rotation":0,"texture":"#0","tintindex":0},"south":{"uv":[5.5,6.75,6.5,8.0],"rotation":0,"texture":"#0","tintindex":0},"north":{"uv":[6.5,6.25,7.5,7.5],"rotation":0,"texture":"#0","tintindex":0},"west":{"uv":[1.25,7.25,1.5,8.5],"rotation":0,"texture":"#0","tintindex":0},"up":{"uv":[9.25,5.25,8.25,5.0],"rotation":0,"texture":"#0","tintindex":0},"down":{"uv":[9.25,5.25,8.25,5.5],"rotation":0,"texture":"#0","tintindex":0}}},{"from":[7.428571,6.0,7.142857],"to":[7.714286,6.857143,7.428571],"rotation":{"angle":0.0,"axis":"y","origin":[5.714286,4.0,5.714286]},"faces":{"east":{"uv":[8.25,6.25,8.5,7.0],"rotation":0,"texture":"#0","tintindex":0},"south":{"uv":[8.25,7.0,8.5,7.75],"rotation":0,"texture":"#0","tintindex":0},"north":{"uv":[8.25,5.5,8.5,6.25],"rotation":0,"texture":"#0","tintindex":0},"west":{"uv":[8.25,7.75,8.5,8.5],"rotation":0,"texture":"#0","tintindex":0},"up":{"uv":[6.75,8.75,6.5,8.5],"rotation":0,"texture":"#0","tintindex":0},"down":{"uv":[8.75,6.5,8.5,6.75],"rotation":0,"texture":"#0","tintindex":0}}},{"from":[7.428571,6.0,8.571428],"to":[7.714286,6.857143,8.857143],"rotation":{"angle":0.0,"axis":"y","origin":[5.714286,4.0,5.714286]},"faces":{"east":{"uv":[1.0,8.5,1.25,9.25],"rotation":0,"texture":"#0","tintindex":0},"south":{"uv":[1.25,8.5,1.5,9.25],"rotation":0,"texture":"#0","tintindex":0},"north":{"uv":[8.5,0.0,8.75,0.75],"rotation":0,"texture":"#0","tintindex":0},"west":{"uv":[2.0,8.5,2.25,9.25],"rotation":0,"texture":"#0","tintindex":0},"up":{"uv":[7.0,8.75,6.75,8.5],"rotation":0,"texture":"#0","tintindex":0},"down":{"uv":[8.75,6.75,8.5,7.0],"rotation":0,"texture":"#0","tintindex":0}}},{"from":[8.857143,6.0,8.571428],"to":[9.142858,6.857143,8.857143],"rotation":{"angle":0.0,"axis":"y","origin":[5.714286,4.0,5.714286]},"faces":{"east":{"uv":[2.5,8.5,2.75,9.25],"rotation":0,"texture":"#0","tintindex":0},"south":{"uv":[2.75,8.5,3.0,9.25],"rotation":0,"texture":"#0","tintindex":0},"north":{"uv":[2.25,8.5,2.5,9.25],"rotation":0,"texture":"#0","tintindex":0},"west":{"uv":[3.0,8.5,3.25,9.25],"rotation":0,"texture":"#0","tintindex":0},"up":{"uv":[7.25,8.75,7.0,8.5],"rotation":0,"texture":"#0","tintindex":0},"down":{"uv":[8.75,7.0,8.5,7.25],"rotation":0,"texture":"#0","tintindex":0}}},{"from":[8.857143,6.0,7.142857],"to":[9.142858,6.857143,7.428571],"rotation":{"angle":0.0,"axis":"y","origin":[5.714286,4.0,5.714286]},"faces":{"east":{"uv":[3.25,8.5,3.5,9.25],"rotation":0,"texture":"#0","tintindex":0},"south":{"uv":[3.5,8.5,3.75,9.25],"rotation":0,"texture":"#0","tintindex":0},"north":{"uv":[8.5,3.0,8.75,3.75],"rotation":0,"texture":"#0","tintindex":0},"west":{"uv":[3.75,8.5,4.0,9.25],"rotation":0,"texture":"#0","tintindex":0},"up":{"uv":[7.5,8.75,7.25,8.5],"rotation":0,"texture":"#0","tintindex":0},"down":{"uv":[8.75,7.25,8.5,7.5],"rotation":0,"texture":"#0","tintindex":0}}},{"from":[6.0,6.857143,7.928571],"to":[7.428571,7.142857,8.214286],"rotation":{"angle":45.0,"axis":"z","origin":[7.5,7.142857,8.071428]},"faces":{"east":{"uv":[8.5,7.5,8.75,7.75],"rotation":0,"texture":"#0","tintindex":0},"south":{"uv":[7.5,1.25,8.75,1.5],"rotation":0,"texture":"#0","tintindex":0},"north":{"uv":[7.0,1.0,8.25,1.25],"rotation":0,"texture":"#0","tintindex":0},"west":{"uv":[8.5,7.75,8.75,8.0],"rotation":0,"texture":"#0","tintindex":0},"up":{"uv":[8.75,1.75,7.5,1.5],"rotation":0,"texture":"#0","tintindex":0},"down":{"uv":[8.75,1.75,7.5,2.0],"rotation":0,"texture":"#0","tintindex":0}}},{"from":[9.216389,6.7836113,7.928571],"to":[10.64496,7.069326,8.214286],"rotation":{"angle":-45.0,"axis":"z","origin":[9.214286,7.142857,8.071428]},"faces":{"east":{"uv":[8.5,8.0,8.75,8.25],"rotation":0,"texture":"#0","tintindex":0},"south":{"uv":[7.5,2.25,8.75,2.5],"rotation":0,"texture":"#0","tintindex":0},"north":{"uv":[7.5,2.0,8.75,2.25],"rotation":0,"texture":"#0","tintindex":0},"west":{"uv":[8.25,8.5,8.5,8.75],"rotation":0,"texture":"#0","tintindex":0},"up":{"uv":[8.75,2.75,7.5,2.5],"rotation":0,"texture":"#0","tintindex":0},"down":{"uv":[8.75,2.75,7.5,3.0],"rotation":0,"texture":"#0","tintindex":0}}},{"from":[7.428571,7.142857,7.142857],"to":[9.142858,8.857143,8.857143],"rotation":{"angle":0.0,"axis":"y","origin":[5.714286,4.0,5.714286]},"faces":{"east":{"uv":[3.0,4.25,4.5,5.5],"rotation":0,"texture":"#0","tintindex":0},"south":{"uv":[0.0,4.5,1.5,5.75],"rotation":0,"texture":"#0","tintindex":0},"north":{"uv":[3.0,3.0,4.5,4.25],"rotation":0,"texture":"#0","tintindex":0},"west":{"uv":[4.5,0.0,6.0,1.25],"rotation":0,"texture":"#0","tintindex":0},"up":{"uv":[3.0,4.5,1.5,3.0],"rotation":0,"texture":"#0","tintindex":0},"down":{"uv":[4.5,1.5,3.0,3.0],"rotation":0,"texture":"#0","tintindex":0}}}],"display":{"head":{"translation":[0.0,-6.4,0.0],"scale":[4.0,4.0,4.0]}}}