{"textures":{"0":"modelengine:entity/sm_artoriasknight"},"elements":[{"from":[4.8297324,3.493847,4.591749],"to":[11.115447,7.4938474,8.591749],"rotation":{"angle":-45.0,"axis":"x","origin":[7.97259,6.3304834,7.142671]},"faces":{"east":{"uv":[1.875,8.625,1.0,9.5],"rotation":0,"texture":"#0","tintindex":0},"south":{"uv":[0.0,6.0,1.375,6.875],"rotation":0,"texture":"#0","tintindex":0},"north":{"uv":[1.375,6.875,2.75,6.0],"rotation":0,"texture":"#0","tintindex":0},"west":{"uv":[1.0,8.625,1.875,9.5],"rotation":0,"texture":"#0","tintindex":0},"up":{"uv":[2.75,6.875,1.375,6.0],"rotation":0,"texture":"#0","tintindex":0},"down":{"uv":[1.375,6.875,0.0,6.0],"rotation":0,"texture":"#0","tintindex":0}}}],"display":{"head":{"translation":[0.0,-6.4,0.0],"scale":[4.0,4.0,4.0]}}}