{"textures":{"0":"modelengine:entity/sm_artoriasknight"},"elements":[{"from":[5.714286,4.285714,8.0],"to":[10.285714,8.285714,8.0],"rotation":{"angle":0.0,"axis":"y","origin":[7.714286,6.285714,9.085714]},"faces":{"east":{"uv":[0.0,0.0,0.0,0.875],"rotation":0,"texture":"#0","tintindex":0},"south":{"uv":[4.75,7.75,3.75,8.625],"rotation":0,"texture":"#0","tintindex":0},"north":{"uv":[3.75,7.75,4.75,8.625],"rotation":0,"texture":"#0","tintindex":0},"west":{"uv":[0.0,0.0,0.0,0.875],"rotation":0,"texture":"#0","tintindex":0},"up":{"uv":[1.0,0.0,0.0,0.0],"rotation":0,"texture":"#0","tintindex":0},"down":{"uv":[1.0,0.0,0.0,0.0],"rotation":0,"texture":"#0","tintindex":0}}}],"display":{"head":{"translation":[0.0,-6.4,0.0],"scale":[4.0,4.0,4.0]}}}