{"textures":{"0":"modelengine:entity/sm_artoriasknight"},"elements":[{"from":[7.643974,3.2685652,6.850838],"to":[7.643974,7.8399944,9.136553],"rotation":{"angle":0.0,"axis":"y","origin":[7.643974,5.885709,7.987981]},"faces":{"east":{"uv":[5.875,10.5,6.375,11.5],"rotation":0,"texture":"#0","tintindex":0},"south":{"uv":[0.0,0.0,0.0,1.0],"rotation":0,"texture":"#0","tintindex":0},"north":{"uv":[0.0,0.0,0.0,1.0],"rotation":0,"texture":"#0","tintindex":0},"west":{"uv":[6.375,10.5,5.875,11.5],"rotation":0,"texture":"#0","tintindex":0},"up":{"uv":[0.0,0.5,0.0,0.0],"rotation":0,"texture":"#0","tintindex":0},"down":{"uv":[0.0,0.0,0.0,0.5],"rotation":0,"texture":"#0","tintindex":0}}},{"from":[8.537607,3.2685742,4.939149],"to":[8.537607,7.840003,6.939149],"rotation":{"angle":-45.0,"axis":"y","origin":[8.137607,5.885717,5.784863]},"faces":{"east":{"uv":[6.875,10.5,7.375,11.5],"rotation":0,"texture":"#0","tintindex":0},"south":{"uv":[0.0,0.0,0.0,1.0],"rotation":0,"texture":"#0","tintindex":0},"north":{"uv":[0.0,0.0,0.0,1.0],"rotation":0,"texture":"#0","tintindex":0},"west":{"uv":[7.375,10.5,6.875,11.5],"rotation":0,"texture":"#0","tintindex":0},"up":{"uv":[0.0,0.5,0.0,0.0],"rotation":0,"texture":"#0","tintindex":0},"down":{"uv":[0.0,0.0,0.0,0.5],"rotation":0,"texture":"#0","tintindex":0}}},{"from":[7.4264393,3.2685742,8.455191],"to":[7.4264393,7.840003,10.455191],"rotation":{"angle":45.0,"axis":"y","origin":[8.137607,5.885717,8.498308]},"faces":{"east":{"uv":[7.375,10.5,6.875,11.5],"rotation":0,"texture":"#0","tintindex":0},"south":{"uv":[0.0,0.0,0.0,1.0],"rotation":0,"texture":"#0","tintindex":0},"north":{"uv":[0.0,0.0,0.0,1.0],"rotation":0,"texture":"#0","tintindex":0},"west":{"uv":[6.875,10.5,7.375,11.5],"rotation":0,"texture":"#0","tintindex":0},"up":{"uv":[0.0,0.0,0.0,0.5],"rotation":0,"texture":"#0","tintindex":0},"down":{"uv":[0.0,0.5,0.0,0.0],"rotation":0,"texture":"#0","tintindex":0}}}],"display":{"head":{"translation":[0.0,-6.4,0.0],"scale":[4.0,4.0,4.0]}}}