{"textures":{"0":"modelengine:entity/sm_artoriasknight"},"elements":[{"from":[7.906259,6.2571397,4.181763],"to":[9.106259,8.599997,6.5246205],"rotation":{"angle":-45.0,"axis":"y","origin":[7.706259,7.4285684,5.3817635]},"faces":{"east":{"uv":[3.625,12.875,3.125,13.375],"rotation":0,"texture":"#0","tintindex":0},"south":{"uv":[14.5,11.625,14.25,12.125],"rotation":0,"texture":"#0","tintindex":0},"north":{"uv":[14.5,10.25,14.25,10.75],"rotation":0,"texture":"#0","tintindex":0},"west":{"uv":[2.5,12.875,2.0,13.375],"rotation":0,"texture":"#0","tintindex":0},"up":{"uv":[14.25,12.625,14.5,12.125],"rotation":0,"texture":"#0","tintindex":0},"down":{"uv":[14.25,12.625,14.5,13.125],"rotation":0,"texture":"#0","tintindex":0}}},{"from":[8.477688,6.285711,2.638906],"to":[8.477688,8.571425,4.9246206],"rotation":{"angle":-45.0,"axis":"y","origin":[7.706259,7.4285684,5.3817635]},"faces":{"east":{"uv":[4.5,12.875,5.0,13.375],"rotation":0,"texture":"#0","tintindex":0},"south":{"uv":[0.0,0.0,0.0,0.5],"rotation":0,"texture":"#0","tintindex":0},"north":{"uv":[0.0,0.0,0.0,0.5],"rotation":0,"texture":"#0","tintindex":0},"west":{"uv":[5.0,12.875,4.5,13.375],"rotation":0,"texture":"#0","tintindex":0},"up":{"uv":[0.0,0.5,0.0,0.0],"rotation":0,"texture":"#0","tintindex":0},"down":{"uv":[0.0,0.0,0.0,0.5],"rotation":0,"texture":"#0","tintindex":0}}},{"from":[7.2236624,6.285711,10.531896],"to":[7.2236624,8.571425,12.81761],"rotation":{"angle":45.0,"axis":"y","origin":[7.706259,7.4285684,8.8492985]},"faces":{"east":{"uv":[5.0,12.875,4.5,13.375],"rotation":0,"texture":"#0","tintindex":0},"south":{"uv":[0.0,0.0,0.0,0.5],"rotation":0,"texture":"#0","tintindex":0},"north":{"uv":[0.0,0.0,0.0,0.5],"rotation":0,"texture":"#0","tintindex":0},"west":{"uv":[4.5,12.875,5.0,13.375],"rotation":0,"texture":"#0","tintindex":0},"up":{"uv":[0.0,0.0,0.0,0.5],"rotation":0,"texture":"#0","tintindex":0},"down":{"uv":[0.0,0.5,0.0,0.0],"rotation":0,"texture":"#0","tintindex":0}}},{"from":[6.709377,6.2571397,8.931895],"to":[7.909377,8.599997,11.274753],"rotation":{"angle":45.0,"axis":"y","origin":[7.706259,7.4285684,8.8492985]},"faces":{"east":{"uv":[3.125,12.875,3.625,13.375],"rotation":0,"texture":"#0","tintindex":0},"south":{"uv":[14.25,10.25,14.5,10.75],"rotation":0,"texture":"#0","tintindex":0},"north":{"uv":[14.25,11.625,14.5,12.125],"rotation":0,"texture":"#0","tintindex":0},"west":{"uv":[2.0,12.875,2.5,13.375],"rotation":0,"texture":"#0","tintindex":0},"up":{"uv":[14.25,12.125,14.5,12.625],"rotation":0,"texture":"#0","tintindex":0},"down":{"uv":[14.25,13.125,14.5,12.625],"rotation":0,"texture":"#0","tintindex":0}}},{"from":[7.055224,6.257156,6.3422256],"to":[8.255224,8.600013,9.656511],"rotation":{"angle":0.0,"axis":"y","origin":[7.655224,7.428584,8.285083]},"faces":{"east":{"uv":[12.625,2.0,11.875,2.5],"rotation":0,"texture":"#0","tintindex":0},"south":{"uv":[13.5,14.25,13.25,14.75],"rotation":0,"texture":"#0","tintindex":0},"north":{"uv":[14.5,13.125,14.25,13.625],"rotation":0,"texture":"#0","tintindex":0},"west":{"uv":[2.25,11.875,1.5,12.375],"rotation":0,"texture":"#0","tintindex":0},"up":{"uv":[2.0,14.5,2.25,13.75],"rotation":0,"texture":"#0","tintindex":0},"down":{"uv":[2.25,13.75,2.5,14.5],"rotation":0,"texture":"#0","tintindex":0}}}],"display":{"head":{"translation":[0.0,-6.4,0.0],"scale":[4.0,4.0,4.0]}}}