{"textures":{"0":"modelengine:entity/sm_artoriasknight"},"elements":[{"from":[5.2232347,-2.3161278,6.778043],"to":[7.33752,-0.77326965,8.892328],"rotation":{"angle":0.0,"axis":"y","origin":[7.9946632,-10.830414,5.549471]},"faces":{"east":{"uv":[14.125,0.375,13.625,0.75],"rotation":0,"texture":"#0","tintindex":0},"south":{"uv":[0.5,13.625,0.0,14.0],"rotation":0,"texture":"#0","tintindex":0},"north":{"uv":[14.0,12.5,13.5,12.875],"rotation":0,"texture":"#0","tintindex":0},"west":{"uv":[13.875,13.5,13.375,13.875],"rotation":0,"texture":"#0","tintindex":0},"up":{"uv":[12.75,9.75,13.25,9.25],"rotation":0,"texture":"#0","tintindex":0},"down":{"uv":[10.375,12.75,10.875,13.25],"rotation":0,"texture":"#0","tintindex":0}}},{"from":[5.1375203,-1.8304129,7.4066143],"to":[7.4232345,0.026729584,9.263757],"rotation":{"angle":-45.0,"axis":"x","origin":[6.2803774,-1.2589846,7.8351855]},"faces":{"east":{"uv":[14.375,7.75,14.0,8.125],"rotation":0,"texture":"#0","tintindex":0},"south":{"uv":[14.125,1.25,13.625,1.625],"rotation":0,"texture":"#0","tintindex":0},"north":{"uv":[1.0,13.625,0.5,14.0],"rotation":0,"texture":"#0","tintindex":0},"west":{"uv":[14.375,6.25,14.0,6.625],"rotation":0,"texture":"#0","tintindex":0},"up":{"uv":[13.625,2.5,14.125,2.125],"rotation":0,"texture":"#0","tintindex":0},"down":{"uv":[13.625,5.875,14.125,6.25],"rotation":0,"texture":"#0","tintindex":0}}},{"from":[5.1089487,-0.6396227,6.479058],"to":[7.451806,1.7032347,9.393344],"rotation":{"angle":0.0,"axis":"y","origin":[6.2803774,-0.75390816,7.9362006]},"faces":{"east":{"uv":[1.5,12.375,2.125,12.875],"rotation":0,"texture":"#0","tintindex":0},"south":{"uv":[13.25,11.375,12.75,11.875],"rotation":0,"texture":"#0","tintindex":0},"north":{"uv":[12.75,11.375,13.25,11.875],"rotation":0,"texture":"#0","tintindex":0},"west":{"uv":[2.125,12.375,1.5,12.875],"rotation":0,"texture":"#0","tintindex":0},"up":{"uv":[11.625,12.875,12.125,12.25],"rotation":0,"texture":"#0","tintindex":0},"down":{"uv":[11.625,12.25,12.125,12.875],"rotation":0,"texture":"#0","tintindex":0}}},{"from":[4.73752,0.30323505,6.8504863],"to":[7.8232346,2.8175206,9.364773],"rotation":{"angle":45.0,"axis":"x","origin":[6.2803774,1.9603777,7.9362006]},"faces":{"east":{"uv":[12.125,11.625,11.5,12.25],"rotation":0,"texture":"#0","tintindex":0},"south":{"uv":[8.875,11.0,8.125,11.625],"rotation":0,"texture":"#0","tintindex":0},"north":{"uv":[1.875,11.0,1.125,11.625],"rotation":0,"texture":"#0","tintindex":0},"west":{"uv":[11.5,11.625,10.875,12.25],"rotation":0,"texture":"#0","tintindex":0},"up":{"uv":[11.0,9.375,11.75,8.75],"rotation":0,"texture":"#0","tintindex":0},"down":{"uv":[8.875,11.0,9.625,11.625],"rotation":0,"texture":"#0","tintindex":0}}},{"from":[4.708949,1.5563169,5.9174333],"to":[7.851806,4.127745,9.63172],"rotation":{"angle":0.0,"axis":"y","origin":[6.2803774,1.5563169,7.774576]},"faces":{"east":{"uv":[10.25,2.875,11.125,3.5],"rotation":0,"texture":"#0","tintindex":0},"south":{"uv":[11.75,10.375,11.0,11.0],"rotation":0,"texture":"#0","tintindex":0},"north":{"uv":[10.375,11.0,9.625,11.625],"rotation":0,"texture":"#0","tintindex":0},"west":{"uv":[11.125,2.875,10.25,3.5],"rotation":0,"texture":"#0","tintindex":0},"up":{"uv":[6.25,10.5,7.0,9.625],"rotation":0,"texture":"#0","tintindex":0},"down":{"uv":[7.0,9.625,7.75,10.5],"rotation":0,"texture":"#0","tintindex":0}}},{"from":[4.6232347,3.8991737,5.688862],"to":[7.9375205,4.927745,10.146006],"rotation":{"angle":0.0,"axis":"y","origin":[6.2803774,1.5563169,7.774576]},"faces":{"east":{"uv":[12.625,1.5,13.625,1.75],"rotation":0,"texture":"#0","tintindex":0},"south":{"uv":[11.125,5.625,10.375,5.875],"rotation":0,"texture":"#0","tintindex":0},"north":{"uv":[8.0,5.375,7.25,5.625],"rotation":0,"texture":"#0","tintindex":0},"west":{"uv":[13.625,1.5,12.625,1.75],"rotation":0,"texture":"#0","tintindex":0},"up":{"uv":[9.125,8.25,9.875,7.25],"rotation":0,"texture":"#0","tintindex":0},"down":{"uv":[9.125,8.25,9.875,9.25],"rotation":0,"texture":"#0","tintindex":0}}},{"from":[4.2803774,4.5563164,5.631719],"to":[8.280377,8.556316,10.203148],"rotation":{"angle":0.0,"axis":"y","origin":[6.2803774,1.5563169,7.774576]},"faces":{"east":{"uv":[2.0,7.75,1.0,8.625],"rotation":0,"texture":"#0","tintindex":0},"south":{"uv":[9.125,6.75,8.25,7.625],"rotation":0,"texture":"#0","tintindex":0},"north":{"uv":[9.125,4.5,8.25,5.375],"rotation":0,"texture":"#0","tintindex":0},"west":{"uv":[2.0,7.75,1.0,8.625],"rotation":0,"texture":"#0","tintindex":0},"up":{"uv":[2.0,8.75,2.875,7.75],"rotation":0,"texture":"#0","tintindex":0},"down":{"uv":[2.875,7.75,3.75,8.75],"rotation":0,"texture":"#0","tintindex":0}}},{"from":[4.6232347,6.8706026,6.374576],"to":[7.9375205,10.756317,10.260291],"rotation":{"angle":45.0,"axis":"x","origin":[6.2803774,8.8420315,7.9174337]},"faces":{"east":{"uv":[9.25,2.75,8.375,3.625],"rotation":0,"texture":"#0","tintindex":0},"south":{"uv":[3.625,9.75,2.875,10.625],"rotation":0,"texture":"#0","tintindex":0},"north":{"uv":[0.75,9.75,0.0,10.625],"rotation":0,"texture":"#0","tintindex":0},"west":{"uv":[9.125,7.625,8.25,8.5],"rotation":0,"texture":"#0","tintindex":0},"up":{"uv":[4.5,10.625,5.25,9.75],"rotation":0,"texture":"#0","tintindex":0},"down":{"uv":[9.875,7.25,10.625,8.125],"rotation":0,"texture":"#0","tintindex":0}}},{"from":[4.394663,4.670602,10.003148],"to":[8.166092,8.442031,10.917434],"rotation":{"angle":0.0,"axis":"y","origin":[6.2803774,1.5563169,7.774576]},"faces":{"east":{"uv":[8.25,13.25,8.5,14.125],"rotation":0,"texture":"#0","tintindex":0},"south":{"uv":[9.125,8.5,8.25,9.375],"rotation":0,"texture":"#0","tintindex":0},"north":{"uv":[6.625,8.5,5.75,9.375],"rotation":0,"texture":"#0","tintindex":0},"west":{"uv":[8.5,13.25,8.25,14.125],"rotation":0,"texture":"#0","tintindex":0},"up":{"uv":[13.0,4.875,13.875,4.625],"rotation":0,"texture":"#0","tintindex":0},"down":{"uv":[13.25,1.0,14.125,1.25],"rotation":0,"texture":"#0","tintindex":0}}},{"from":[4.651806,3.9277449,9.774576],"to":[7.908949,4.8991737,10.746005],"rotation":{"angle":22.5,"axis":"x","origin":[6.2803774,4.4134593,10.203148]},"faces":{"east":{"uv":[12.75,14.375,12.5,14.625],"rotation":0,"texture":"#0","tintindex":0},"south":{"uv":[14.25,7.125,13.5,7.375],"rotation":0,"texture":"#0","tintindex":0},"north":{"uv":[14.125,4.375,13.375,4.625],"rotation":0,"texture":"#0","tintindex":0},"west":{"uv":[14.625,11.125,14.375,11.375],"rotation":0,"texture":"#0","tintindex":0},"up":{"uv":[13.5,9.25,14.25,9.0],"rotation":0,"texture":"#0","tintindex":0},"down":{"uv":[13.5,12.875,14.25,13.125],"rotation":0,"texture":"#0","tintindex":0}}},{"from":[4.73752,2.1563168,9.374577],"to":[7.8232346,4.670602,10.174577],"rotation":{"angle":22.5,"axis":"x","origin":[6.2803774,3.4134598,9.774576]},"faces":{"east":{"uv":[4.875,13.75,4.625,14.375],"rotation":0,"texture":"#0","tintindex":0},"south":{"uv":[11.875,2.0,11.125,2.625],"rotation":0,"texture":"#0","tintindex":0},"north":{"uv":[11.75,11.0,11.0,11.625],"rotation":0,"texture":"#0","tintindex":0},"west":{"uv":[4.625,13.75,4.375,14.375],"rotation":0,"texture":"#0","tintindex":0},"up":{"uv":[13.625,1.0,14.375,0.75],"rotation":0,"texture":"#0","tintindex":0},"down":{"uv":[13.625,2.5,14.375,2.75],"rotation":0,"texture":"#0","tintindex":0}}},{"from":[5.1397057,-0.38247967,5.995709],"to":[6.3968487,1.4460921,6.681423],"rotation":{"angle":22.5,"axis":"y","origin":[6.2595115,0.531806,6.312353]},"faces":{"east":{"uv":[9.875,14.125,9.625,14.625],"rotation":0,"texture":"#0","tintindex":0},"south":{"uv":[11.5,13.625,11.125,14.125],"rotation":0,"texture":"#0","tintindex":0},"north":{"uv":[14.0,6.25,13.625,6.75],"rotation":0,"texture":"#0","tintindex":0},"west":{"uv":[14.375,8.5,14.125,9.0],"rotation":0,"texture":"#0","tintindex":0},"up":{"uv":[14.25,7.375,14.625,7.125],"rotation":0,"texture":"#0","tintindex":0},"down":{"uv":[14.25,9.0,14.625,9.25],"rotation":0,"texture":"#0","tintindex":0}}},{"from":[4.682563,1.6746631,5.252852],"to":[6.3968487,3.9603777,5.8242803],"rotation":{"angle":22.5,"axis":"y","origin":[6.316654,2.531806,5.512353]},"faces":{"east":{"uv":[5.375,13.75,5.125,14.375],"rotation":0,"texture":"#0","tintindex":0},"south":{"uv":[12.875,8.0,12.375,8.625],"rotation":0,"texture":"#0","tintindex":0},"north":{"uv":[6.875,12.375,6.375,13.0],"rotation":0,"texture":"#0","tintindex":0},"west":{"uv":[5.125,13.75,4.875,14.375],"rotation":0,"texture":"#0","tintindex":0},"up":{"uv":[14.125,9.5,14.625,9.25],"rotation":0,"texture":"#0","tintindex":0},"down":{"uv":[9.875,14.125,10.375,14.375],"rotation":0,"texture":"#0","tintindex":0}}},{"from":[4.6254206,3.903235,4.938566],"to":[6.4539914,4.8746634,5.62428],"rotation":{"angle":22.5,"axis":"y","origin":[6.373797,4.8175206,5.312353]},"faces":{"east":{"uv":[4.25,14.375,4.0,14.75],"rotation":0,"texture":"#0","tintindex":0},"south":{"uv":[12.5,13.625,12.0,14.0],"rotation":0,"texture":"#0","tintindex":0},"north":{"uv":[12.0,13.625,11.5,14.0],"rotation":0,"texture":"#0","tintindex":0},"west":{"uv":[4.0,14.375,3.75,14.75],"rotation":0,"texture":"#0","tintindex":0},"up":{"uv":[10.375,14.375,10.875,14.125],"rotation":0,"texture":"#0","tintindex":0},"down":{"uv":[10.875,14.125,11.375,14.375],"rotation":0,"texture":"#0","tintindex":0}}},{"from":[4.3397055,4.588949,4.7671375],"to":[6.5111346,8.474664,5.7957087],"rotation":{"angle":22.5,"axis":"y","origin":[6.373797,5.6746635,5.312353]},"faces":{"east":{"uv":[11.125,13.25,10.875,14.125],"rotation":0,"texture":"#0","tintindex":0},"south":{"uv":[10.875,11.375,10.375,12.25],"rotation":0,"texture":"#0","tintindex":0},"north":{"uv":[4.0,11.375,3.5,12.25],"rotation":0,"texture":"#0","tintindex":0},"west":{"uv":[10.875,13.25,10.625,14.125],"rotation":0,"texture":"#0","tintindex":0},"up":{"uv":[14.125,11.625,14.625,11.375],"rotation":0,"texture":"#0","tintindex":0},"down":{"uv":[12.5,14.125,13.0,14.375],"rotation":0,"texture":"#0","tintindex":0}}},{"from":[6.4496202,4.588949,6.6242805],"to":[8.621049,8.474664,7.652852],"rotation":{"angle":-22.5,"axis":"y","origin":[11.044101,5.6746635,5.312353]},"faces":{"east":{"uv":[10.625,13.25,10.875,14.125],"rotation":0,"texture":"#0","tintindex":0},"south":{"uv":[10.375,11.375,10.875,12.25],"rotation":0,"texture":"#0","tintindex":0},"north":{"uv":[3.5,11.375,4.0,12.25],"rotation":0,"texture":"#0","tintindex":0},"west":{"uv":[10.875,13.25,11.125,14.125],"rotation":0,"texture":"#0","tintindex":0},"up":{"uv":[14.625,11.625,14.125,11.375],"rotation":0,"texture":"#0","tintindex":0},"down":{"uv":[13.0,14.125,12.5,14.375],"rotation":0,"texture":"#0","tintindex":0}}},{"from":[6.5067635,3.903235,6.795709],"to":[8.335335,4.8746634,7.4814234],"rotation":{"angle":-22.5,"axis":"y","origin":[11.044101,4.8175206,5.312353]},"faces":{"east":{"uv":[3.75,14.375,4.0,14.75],"rotation":0,"texture":"#0","tintindex":0},"south":{"uv":[12.0,13.625,12.5,14.0],"rotation":0,"texture":"#0","tintindex":0},"north":{"uv":[11.5,13.625,12.0,14.0],"rotation":0,"texture":"#0","tintindex":0},"west":{"uv":[4.0,14.375,4.25,14.75],"rotation":0,"texture":"#0","tintindex":0},"up":{"uv":[10.875,14.375,10.375,14.125],"rotation":0,"texture":"#0","tintindex":0},"down":{"uv":[11.375,14.125,10.875,14.375],"rotation":0,"texture":"#0","tintindex":0}}},{"from":[6.563906,1.6746631,7.109995],"to":[8.278192,3.9603777,7.681423],"rotation":{"angle":-22.5,"axis":"y","origin":[11.101244,2.531806,5.512353]},"faces":{"east":{"uv":[4.875,13.75,5.125,14.375],"rotation":0,"texture":"#0","tintindex":0},"south":{"uv":[12.375,8.0,12.875,8.625],"rotation":0,"texture":"#0","tintindex":0},"north":{"uv":[6.375,12.375,6.875,13.0],"rotation":0,"texture":"#0","tintindex":0},"west":{"uv":[5.125,13.75,5.375,14.375],"rotation":0,"texture":"#0","tintindex":0},"up":{"uv":[14.625,9.5,14.125,9.25],"rotation":0,"texture":"#0","tintindex":0},"down":{"uv":[10.375,14.125,9.875,14.375],"rotation":0,"texture":"#0","tintindex":0}}},{"from":[6.5067635,-0.38247967,7.852852],"to":[7.763906,1.4460921,8.538567],"rotation":{"angle":-22.5,"axis":"y","origin":[11.158386,0.531806,6.312353]},"faces":{"east":{"uv":[14.125,8.5,14.375,9.0],"rotation":0,"texture":"#0","tintindex":0},"south":{"uv":[11.125,13.625,11.5,14.125],"rotation":0,"texture":"#0","tintindex":0},"north":{"uv":[13.625,6.25,14.0,6.75],"rotation":0,"texture":"#0","tintindex":0},"west":{"uv":[9.625,14.125,9.875,14.625],"rotation":0,"texture":"#0","tintindex":0},"up":{"uv":[14.625,7.375,14.25,7.125],"rotation":0,"texture":"#0","tintindex":0},"down":{"uv":[14.625,9.0,14.25,9.25],"rotation":0,"texture":"#0","tintindex":0}}}],"display":{"head":{"translation":[0.0,-6.4,0.0],"scale":[4.0,4.0,4.0]}}}