{"textures":{"0":"modelengine:entity/sm_artoriasknight"},"elements":[{"from":[6.5043907,0.02901411,9.644238],"to":[10.504391,8.029015,9.644238],"rotation":{"angle":-22.5,"axis":"x","origin":[8.0,4.5714283,9.714286]},"faces":{"east":{"uv":[0.0,0.0,0.0,1.75],"rotation":0,"texture":"#0","tintindex":0},"south":{"uv":[4.875,4.5,4.0,6.25],"rotation":0,"texture":"#0","tintindex":0},"north":{"uv":[4.0,4.5,4.875,6.25],"rotation":0,"texture":"#0","tintindex":0},"west":{"uv":[0.0,0.0,0.0,1.75],"rotation":0,"texture":"#0","tintindex":0},"up":{"uv":[0.0,0.0,0.875,0.0],"rotation":0,"texture":"#0","tintindex":0},"down":{"uv":[0.0,0.0,0.875,0.0],"rotation":0,"texture":"#0","tintindex":0}}}],"display":{"head":{"translation":[0.0,-6.4,0.0],"scale":[4.0,4.0,4.0]}}}