{"textures":{"0":"modelengine:entity/sm_artoriasknight"},"elements":[{"from":[7.3696475,5.7982187,7.1579905],"to":[8.630352,7.0589237,11.699153],"rotation":{"angle":45.0,"axis":"x","origin":[8.0,6.428571,9.428572]},"faces":{"east":{"uv":[9.125,5.125,10.125,5.375],"rotation":0,"texture":"#0","tintindex":0},"south":{"uv":[10.125,5.125,10.375,5.375],"rotation":0,"texture":"#0","tintindex":0},"north":{"uv":[9.875,9.0,10.125,9.25],"rotation":0,"texture":"#0","tintindex":0},"west":{"uv":[12.5,7.125,13.5,7.375],"rotation":0,"texture":"#0","tintindex":0},"up":{"uv":[0.25,13.625,0.0,12.625],"rotation":0,"texture":"#0","tintindex":0},"down":{"uv":[0.5,12.625,0.25,13.625],"rotation":0,"texture":"#0","tintindex":0}}}],"display":{"head":{"translation":[0.0,-6.4,0.0],"scale":[4.0,4.0,4.0]}}}