{"textures":{"0":"modelengine:entity/sm_artoriasknight"},"elements":[{"from":[7.432733,6.741076,7.057876],"to":[8.567266,8.001781,10.084981],"rotation":{"angle":45.0,"axis":"x","origin":[8.0,7.428571,8.571428]},"faces":{"east":{"uv":[10.5,2.0,11.125,2.25],"rotation":0,"texture":"#0","tintindex":0},"south":{"uv":[12.5,11.375,12.75,11.625],"rotation":0,"texture":"#0","tintindex":0},"north":{"uv":[1.625,11.625,1.875,11.875],"rotation":0,"texture":"#0","tintindex":0},"west":{"uv":[13.75,0.0,14.375,0.25],"rotation":0,"texture":"#0","tintindex":0},"up":{"uv":[5.625,12.375,5.375,11.75],"rotation":0,"texture":"#0","tintindex":0},"down":{"uv":[3.25,13.75,3.0,14.375],"rotation":0,"texture":"#0","tintindex":0}}}],"display":{"head":{"translation":[0.0,-6.4,0.0],"scale":[4.0,4.0,4.0]}}}