{"textures":{"0":"modelengine:entity/sm_artoriasknight"},"elements":[{"from":[6.0,2.8571424,8.0],"to":[11.142858,8.571428,8.0],"rotation":{"angle":22.5,"axis":"z","origin":[8.571428,5.714286,8.0]},"faces":{"east":{"uv":[0.0,0.0,0.0,1.25],"rotation":0,"texture":"#0","tintindex":0},"south":{"uv":[4.875,3.5,6.0,4.75],"rotation":0,"texture":"#0","tintindex":0},"north":{"uv":[6.0,3.5,4.875,4.75],"rotation":0,"texture":"#0","tintindex":0},"west":{"uv":[0.0,0.0,0.0,1.25],"rotation":0,"texture":"#0","tintindex":0},"up":{"uv":[1.125,0.0,0.0,0.0],"rotation":0,"texture":"#0","tintindex":0},"down":{"uv":[1.125,0.0,0.0,0.0],"rotation":0,"texture":"#0","tintindex":0}}}],"display":{"head":{"translation":[0.0,-6.4,0.0],"scale":[4.0,4.0,4.0]}}}