{"textures":{"0":"modelengine:entity/viking_decor","1":"modelengine:entity/viking_decor2"},"elements":[{"from":[7.4,4.0,7.4],"to":[8.6,18.0,8.6],"rotation":{"angle":0.0,"axis":"y","origin":[8.0,-7.6000004,8.0]},"faces":{"east":{"uv":[0.75,0.0,1.5,8.75],"rotation":0,"texture":"#0","tintindex":0},"south":{"uv":[1.5,0.0,2.25,8.75],"rotation":0,"texture":"#0","tintindex":0},"north":{"uv":[0.0,0.0,0.75,8.75],"rotation":0,"texture":"#0","tintindex":0},"west":{"uv":[2.25,0.0,3.0,8.75],"rotation":0,"texture":"#0","tintindex":0},"up":{"uv":[9.75,4.5,9.0,3.75],"rotation":0,"texture":"#0","tintindex":0},"down":{"uv":[9.75,4.5,9.0,5.25],"rotation":0,"texture":"#0","tintindex":0}}},{"from":[7.4,18.0,7.4],"to":[8.6,32.0,8.6],"rotation":{"angle":0.0,"axis":"y","origin":[8.0,-7.6000004,8.0]},"faces":{"east":{"uv":[0.75,0.0,1.5,8.75],"rotation":0,"texture":"#0","tintindex":0},"south":{"uv":[1.5,0.0,2.25,8.75],"rotation":0,"texture":"#0","tintindex":0},"north":{"uv":[0.0,0.0,0.75,8.75],"rotation":0,"texture":"#0","tintindex":0},"west":{"uv":[2.25,0.0,3.0,8.75],"rotation":0,"texture":"#0","tintindex":0},"up":{"uv":[9.75,4.5,9.0,3.75],"rotation":0,"texture":"#0","tintindex":0},"down":{"uv":[9.75,4.5,9.0,5.25],"rotation":0,"texture":"#0","tintindex":0}}},{"from":[2.1999998,28.800001,6.2],"to":[13.8,30.0,7.4],"rotation":{"angle":0.0,"axis":"y","origin":[8.0,-7.6000004,8.0]},"faces":{"east":{"uv":[4.75,1.5,5.125,1.875],"rotation":0,"texture":"#1","tintindex":0},"south":{"uv":[4.75,0.375,8.375,0.75],"rotation":0,"texture":"#1","tintindex":0},"north":{"uv":[4.75,0.0,8.375,0.375],"rotation":0,"texture":"#1","tintindex":0},"west":{"uv":[4.75,1.875,5.125,2.25],"rotation":0,"texture":"#1","tintindex":0},"up":{"uv":[8.375,1.125,4.75,0.75],"rotation":0,"texture":"#1","tintindex":0},"down":{"uv":[8.375,1.125,4.75,1.5],"rotation":0,"texture":"#1","tintindex":0}}},{"from":[2.1999998,11.8,6.2],"to":[13.8,13.0,7.4],"rotation":{"angle":0.0,"axis":"y","origin":[8.0,-24.599998,8.0]},"faces":{"east":{"uv":[4.75,1.5,5.125,1.875],"rotation":0,"texture":"#1","tintindex":0},"south":{"uv":[4.75,0.375,8.375,0.75],"rotation":0,"texture":"#1","tintindex":0},"north":{"uv":[4.75,0.0,8.375,0.375],"rotation":0,"texture":"#1","tintindex":0},"west":{"uv":[4.75,1.875,5.125,2.25],"rotation":0,"texture":"#1","tintindex":0},"up":{"uv":[8.375,1.125,4.75,0.75],"rotation":0,"texture":"#1","tintindex":0},"down":{"uv":[8.375,1.125,4.75,1.5],"rotation":0,"texture":"#1","tintindex":0}}},{"from":[4.2,24.952242,5.834633],"to":[11.8,28.952242,5.834633],"rotation":{"angle":22.5,"axis":"x","origin":[8.0,26.952242,5.834633]},"faces":{"east":{"uv":[0.0,0.0,0.0,1.25],"rotation":0,"texture":"#1","tintindex":0},"south":{"uv":[2.375,3.875,0.0,5.125],"rotation":0,"texture":"#1","tintindex":0},"north":{"uv":[0.0,3.875,2.375,5.125],"rotation":0,"texture":"#1","tintindex":0},"west":{"uv":[0.0,0.0,0.0,1.25],"rotation":0,"texture":"#1","tintindex":0},"up":{"uv":[2.375,0.0,0.0,0.0],"rotation":0,"texture":"#1","tintindex":0},"down":{"uv":[2.375,0.0,0.0,0.0],"rotation":0,"texture":"#1","tintindex":0}}},{"from":[4.2,12.856724,5.834633],"to":[11.8,16.856724,5.834633],"rotation":{"angle":-22.5,"axis":"x","origin":[8.0,14.856723,5.834633]},"faces":{"east":{"uv":[0.0,0.0,0.0,1.25],"rotation":0,"texture":"#1","tintindex":0},"south":{"uv":[2.375,2.625,0.0,3.875],"rotation":0,"texture":"#1","tintindex":0},"north":{"uv":[0.0,2.625,2.375,3.875],"rotation":0,"texture":"#1","tintindex":0},"west":{"uv":[0.0,0.0,0.0,1.25],"rotation":0,"texture":"#1","tintindex":0},"up":{"uv":[2.375,0.0,0.0,0.0],"rotation":0,"texture":"#1","tintindex":0},"down":{"uv":[2.375,0.0,0.0,0.0],"rotation":0,"texture":"#1","tintindex":0}}},{"from":[4.2,16.704483,5.0692663],"to":[11.8,25.104483,5.0692663],"rotation":{"angle":0.0,"axis":"y","origin":[8.0,23.104483,5.0692663]},"faces":{"east":{"uv":[0.0,0.0,0.0,2.625],"rotation":0,"texture":"#1","tintindex":0},"south":{"uv":[2.375,0.0,0.0,2.625],"rotation":0,"texture":"#1","tintindex":0},"north":{"uv":[0.0,0.0,2.375,2.625],"rotation":0,"texture":"#1","tintindex":0},"west":{"uv":[0.0,0.0,0.0,2.625],"rotation":0,"texture":"#1","tintindex":0},"up":{"uv":[2.375,0.0,0.0,0.0],"rotation":0,"texture":"#1","tintindex":0},"down":{"uv":[2.375,0.0,0.0,0.0],"rotation":0,"texture":"#1","tintindex":0}}},{"from":[6.4,-7.6000004,6.4],"to":[9.6,-6.4000006,9.6],"rotation":{"angle":0.0,"axis":"y","origin":[8.0,-7.6000004,8.0]},"faces":{"east":{"uv":[7.5,8.5,9.5,9.25],"rotation":0,"texture":"#0","tintindex":0},"south":{"uv":[0.0,8.75,2.0,9.5],"rotation":0,"texture":"#0","tintindex":0},"north":{"uv":[5.5,8.5,7.5,9.25],"rotation":0,"texture":"#0","tintindex":0},"west":{"uv":[9.0,0.0,11.0,0.75],"rotation":0,"texture":"#0","tintindex":0},"up":{"uv":[9.0,6.5,7.0,4.5],"rotation":0,"texture":"#0","tintindex":0},"down":{"uv":[9.0,6.5,7.0,8.5],"rotation":0,"texture":"#0","tintindex":0}}},{"from":[7.1,-6.4000006,7.1],"to":[8.9,3.1999998,8.9],"rotation":{"angle":0.0,"axis":"y","origin":[8.0,-7.6000004,8.0]},"faces":{"east":{"uv":[4.0,0.0,5.0,6.0],"rotation":0,"texture":"#0","tintindex":0},"south":{"uv":[5.0,0.0,6.0,6.0],"rotation":0,"texture":"#0","tintindex":0},"north":{"uv":[3.0,0.0,4.0,6.0],"rotation":0,"texture":"#0","tintindex":0},"west":{"uv":[6.0,0.0,7.0,6.0],"rotation":0,"texture":"#0","tintindex":0},"up":{"uv":[3.0,9.75,2.0,8.75],"rotation":0,"texture":"#0","tintindex":0},"down":{"uv":[10.0,0.75,9.0,1.75],"rotation":0,"texture":"#0","tintindex":0}}},{"from":[7.0,3.1999998,7.0],"to":[9.0,4.0,9.0],"rotation":{"angle":0.0,"axis":"y","origin":[8.0,-7.6000004,8.0]},"faces":{"east":{"uv":[9.0,2.25,10.25,2.75],"rotation":0,"texture":"#0","tintindex":0},"south":{"uv":[9.0,2.75,10.25,3.25],"rotation":0,"texture":"#0","tintindex":0},"north":{"uv":[9.0,1.75,10.25,2.25],"rotation":0,"texture":"#0","tintindex":0},"west":{"uv":[9.0,3.25,10.25,3.75],"rotation":0,"texture":"#0","tintindex":0},"up":{"uv":[4.25,9.5,3.0,8.25],"rotation":0,"texture":"#0","tintindex":0},"down":{"uv":[5.5,8.25,4.25,9.5],"rotation":0,"texture":"#0","tintindex":0}}}],"display":{"head":{"translation":[0.0,1.5999999,0.0],"scale":[4.0,4.0,4.0]}}}