{"textures":{"0":"modelengine:entity/pet_robotlumberjack"},"elements":[{"from":[5.714286,9.035311,6.8341966],"to":[10.285714,10.749597,9.119911],"rotation":{"angle":0.0,"axis":"y","origin":[8.0,5.6067395,7.977054]},"faces":{"east":{"uv":[7.5,2.25,8.5,3.0],"rotation":0,"texture":"#0","tintindex":0},"south":{"uv":[4.75,6.0,6.75,6.75],"rotation":0,"texture":"#0","tintindex":0},"north":{"uv":[2.75,6.0,4.75,6.75],"rotation":0,"texture":"#0","tintindex":0},"west":{"uv":[3.0,7.5,4.0,8.25],"rotation":0,"texture":"#0","tintindex":0},"up":{"uv":[6.5,4.0,4.5,3.0],"rotation":0,"texture":"#0","tintindex":0},"down":{"uv":[6.5,4.0,4.5,5.0],"rotation":0,"texture":"#0","tintindex":0}}},{"from":[6.285714,9.035311,9.119911],"to":[9.714286,10.749597,10.262768],"rotation":{"angle":0.0,"axis":"y","origin":[8.0,5.6067395,7.977054]},"faces":{"east":{"uv":[9.0,7.75,9.5,8.5],"rotation":0,"texture":"#0","tintindex":0},"south":{"uv":[0.0,7.0,1.5,7.75],"rotation":0,"texture":"#0","tintindex":0},"north":{"uv":[6.75,5.75,8.25,6.5],"rotation":0,"texture":"#0","tintindex":0},"west":{"uv":[8.0,9.0,8.5,9.75],"rotation":0,"texture":"#0","tintindex":0},"up":{"uv":[9.25,1.0,7.75,0.5],"rotation":0,"texture":"#0","tintindex":0},"down":{"uv":[9.25,1.0,7.75,1.5],"rotation":0,"texture":"#0","tintindex":0}}},{"from":[8.0,9.606739,9.6913395],"to":[9.142858,12.463882,10.834197],"rotation":{"angle":0.0,"axis":"y","origin":[8.0,5.6067395,7.977054]},"faces":{"east":{"uv":[0.0,8.25,0.5,9.5],"rotation":0,"texture":"#0","tintindex":0},"south":{"uv":[0.5,8.25,1.0,9.5],"rotation":0,"texture":"#0","tintindex":0},"north":{"uv":[8.0,7.75,8.5,9.0],"rotation":0,"texture":"#0","tintindex":0},"west":{"uv":[1.0,8.25,1.5,9.5],"rotation":0,"texture":"#0","tintindex":0},"up":{"uv":[10.0,2.5,9.5,2.0],"rotation":0,"texture":"#0","tintindex":0},"down":{"uv":[10.0,2.5,9.5,3.0],"rotation":0,"texture":"#0","tintindex":0}}},{"from":[4.5714283,9.606739,7.977054],"to":[5.714286,10.749597,9.119911],"rotation":{"angle":0.0,"axis":"y","origin":[8.0,5.6067395,7.977054]},"faces":{"east":{"uv":[9.0,9.0,9.5,9.5],"rotation":0,"texture":"#0","tintindex":0},"south":{"uv":[9.25,0.0,9.75,0.5],"rotation":0,"texture":"#0","tintindex":0},"north":{"uv":[9.0,8.5,9.5,9.0],"rotation":0,"texture":"#0","tintindex":0},"west":{"uv":[9.25,0.5,9.75,1.0],"rotation":0,"texture":"#0","tintindex":0},"up":{"uv":[9.75,1.5,9.25,1.0],"rotation":0,"texture":"#0","tintindex":0},"down":{"uv":[4.5,9.25,4.0,9.75],"rotation":0,"texture":"#0","tintindex":0}}},{"from":[10.285714,9.606739,7.977054],"to":[11.428572,10.749597,9.119911],"rotation":{"angle":0.0,"axis":"y","origin":[8.0,5.6067395,7.977054]},"faces":{"east":{"uv":[4.5,9.25,5.0,9.75],"rotation":0,"texture":"#0","tintindex":0},"south":{"uv":[9.25,4.75,9.75,5.25],"rotation":0,"texture":"#0","tintindex":0},"north":{"uv":[9.25,4.0,9.75,4.5],"rotation":0,"texture":"#0","tintindex":0},"west":{"uv":[5.0,9.25,5.5,9.75],"rotation":0,"texture":"#0","tintindex":0},"up":{"uv":[9.75,6.75,9.25,6.25],"rotation":0,"texture":"#0","tintindex":0},"down":{"uv":[9.75,6.75,9.25,7.25],"rotation":0,"texture":"#0","tintindex":0}}},{"from":[6.285714,7.714286,7.142857],"to":[9.714286,9.428572,8.857143],"rotation":{"angle":22.5,"axis":"x","origin":[8.571428,8.571428,8.0]},"faces":{"east":{"uv":[3.0,8.25,3.75,9.0],"rotation":0,"texture":"#0","tintindex":0},"south":{"uv":[2.75,6.75,4.25,7.5],"rotation":0,"texture":"#0","tintindex":0},"north":{"uv":[6.5,5.0,8.0,5.75],"rotation":0,"texture":"#0","tintindex":0},"west":{"uv":[8.25,5.5,9.0,6.25],"rotation":0,"texture":"#0","tintindex":0},"up":{"uv":[5.75,7.5,4.25,6.75],"rotation":0,"texture":"#0","tintindex":0},"down":{"uv":[7.25,6.75,5.75,7.5],"rotation":0,"texture":"#0","tintindex":0}}},{"from":[6.857143,7.142857,7.142857],"to":[9.142858,7.714286,8.857143],"rotation":{"angle":22.5,"axis":"x","origin":[8.571428,8.571428,8.0]},"faces":{"east":{"uv":[7.75,2.0,8.5,2.25],"rotation":0,"texture":"#0","tintindex":0},"south":{"uv":[9.0,4.5,10.0,4.75],"rotation":0,"texture":"#0","tintindex":0},"north":{"uv":[9.0,3.75,10.0,4.0],"rotation":0,"texture":"#0","tintindex":0},"west":{"uv":[9.5,3.5,10.25,3.75],"rotation":0,"texture":"#0","tintindex":0},"up":{"uv":[8.5,3.75,7.5,3.0],"rotation":0,"texture":"#0","tintindex":0},"down":{"uv":[8.5,3.75,7.5,4.5],"rotation":0,"texture":"#0","tintindex":0}}}],"display":{"head":{"translation":[0.0,-6.4,0.0],"scale":[4.0,4.0,4.0]}}}