{"textures":{"0":"modelengine:entity/pet_robotlumberjack"},"elements":[{"from":[5.714286,8.0,5.142857],"to":[10.285714,10.285714,9.714286],"rotation":{"angle":0.0,"axis":"y","origin":[8.0,2.8571424,8.0]},"faces":{"east":{"uv":[4.0,0.0,6.0,1.0],"rotation":0,"texture":"#0","tintindex":0},"south":{"uv":[4.0,1.0,6.0,2.0],"rotation":0,"texture":"#0","tintindex":0},"north":{"uv":[0.0,4.0,2.0,5.0],"rotation":0,"texture":"#0","tintindex":0},"west":{"uv":[4.0,2.0,6.0,3.0],"rotation":0,"texture":"#0","tintindex":0},"up":{"uv":[2.0,2.0,0.0,0.0],"rotation":0,"texture":"#0","tintindex":0},"down":{"uv":[2.0,2.0,0.0,4.0],"rotation":0,"texture":"#0","tintindex":0}}},{"from":[5.714286,10.285714,5.714286],"to":[10.285714,12.571428,9.714286],"rotation":{"angle":0.0,"axis":"y","origin":[8.0,2.8571424,8.0]},"faces":{"east":{"uv":[0.0,6.0,1.75,7.0],"rotation":0,"texture":"#0","tintindex":0},"south":{"uv":[4.5,5.0,6.5,6.0],"rotation":0,"texture":"#0","tintindex":0},"north":{"uv":[0.0,5.0,2.0,6.0],"rotation":0,"texture":"#0","tintindex":0},"west":{"uv":[6.0,0.0,7.75,1.0],"rotation":0,"texture":"#0","tintindex":0},"up":{"uv":[4.0,1.75,2.0,0.0],"rotation":0,"texture":"#0","tintindex":0},"down":{"uv":[4.0,1.75,2.0,3.5],"rotation":0,"texture":"#0","tintindex":0}}}],"display":{"head":{"translation":[0.0,-6.4,0.0],"scale":[4.0,4.0,4.0]}}}