{"textures":{"0":"modelengine:entity/pet_robotlumberjack"},"elements":[{"from":[6.5714283,5.142857,4.0],"to":[7.714286,6.285714,5.142857],"rotation":{"angle":0.0,"axis":"y","origin":[10.857143,3.4285712,7.428571]},"faces":{"east":{"uv":[9.5,3.0,10.0,3.5],"rotation":0,"texture":"#0","tintindex":0},"south":{"uv":[9.5,5.25,10.0,5.75],"rotation":0,"texture":"#0","tintindex":0},"north":{"uv":[2.75,9.5,3.25,10.0],"rotation":0,"texture":"#0","tintindex":0},"west":{"uv":[5.5,9.5,6.0,10.0],"rotation":0,"texture":"#0","tintindex":0},"up":{"uv":[10.0,6.25,9.5,5.75],"rotation":0,"texture":"#0","tintindex":0},"down":{"uv":[6.5,9.5,6.0,10.0],"rotation":0,"texture":"#0","tintindex":0}}},{"from":[6.857143,6.857143,6.857143],"to":[8.0,9.714286,9.142858],"rotation":{"angle":0.0,"axis":"y","origin":[10.857143,3.4285712,7.428571]},"faces":{"east":{"uv":[6.5,2.5,7.5,3.75],"rotation":0,"texture":"#0","tintindex":0},"south":{"uv":[4.5,8.0,5.0,9.25],"rotation":0,"texture":"#0","tintindex":0},"north":{"uv":[4.0,8.0,4.5,9.25],"rotation":0,"texture":"#0","tintindex":0},"west":{"uv":[6.5,3.75,7.5,5.0],"rotation":0,"texture":"#0","tintindex":0},"up":{"uv":[9.0,3.0,8.5,2.0],"rotation":0,"texture":"#0","tintindex":0},"down":{"uv":[9.0,3.0,8.5,4.0],"rotation":0,"texture":"#0","tintindex":0}}},{"from":[7.142857,5.142857,5.142857],"to":[7.714286,6.285714,8.571428],"rotation":{"angle":0.0,"axis":"y","origin":[10.857143,3.4285712,7.428571]},"faces":{"east":{"uv":[4.0,7.5,5.5,8.0],"rotation":0,"texture":"#0","tintindex":0},"south":{"uv":[6.75,9.5,7.0,10.0],"rotation":0,"texture":"#0","tintindex":0},"north":{"uv":[1.5,7.0,1.75,7.5],"rotation":0,"texture":"#0","tintindex":0},"west":{"uv":[7.5,4.5,9.0,5.0],"rotation":0,"texture":"#0","tintindex":0},"up":{"uv":[4.0,9.75,3.75,8.25],"rotation":0,"texture":"#0","tintindex":0},"down":{"uv":[2.75,8.75,2.5,10.25],"rotation":0,"texture":"#0","tintindex":0}}},{"from":[6.857143,6.285714,7.428571],"to":[8.0,6.857143,8.571428],"rotation":{"angle":0.0,"axis":"y","origin":[10.857143,3.4285712,7.428571]},"faces":{"east":{"uv":[7.0,2.25,7.5,2.5],"rotation":0,"texture":"#0","tintindex":0},"south":{"uv":[9.5,8.75,10.0,9.0],"rotation":0,"texture":"#0","tintindex":0},"north":{"uv":[6.75,6.5,7.25,6.75],"rotation":0,"texture":"#0","tintindex":0},"west":{"uv":[9.0,9.5,9.5,9.75],"rotation":0,"texture":"#0","tintindex":0},"up":{"uv":[4.5,3.5,4.0,3.0],"rotation":0,"texture":"#0","tintindex":0},"down":{"uv":[6.5,2.5,6.0,3.0],"rotation":0,"texture":"#0","tintindex":0}}},{"from":[7.0,3.4285712,4.142857],"to":[7.5714283,10.285714,4.714286],"rotation":{"angle":0.0,"axis":"y","origin":[10.857143,3.4285712,7.428571]},"faces":{"east":{"uv":[7.25,7.75,7.5,10.75],"rotation":0,"texture":"#0","tintindex":0},"south":{"uv":[7.5,7.75,7.75,10.75],"rotation":0,"texture":"#0","tintindex":0},"north":{"uv":[7.0,7.5,7.25,10.5],"rotation":0,"texture":"#0","tintindex":0},"west":{"uv":[7.75,7.75,8.0,10.75],"rotation":0,"texture":"#0","tintindex":0},"up":{"uv":[10.0,1.25,9.75,1.0],"rotation":0,"texture":"#0","tintindex":0},"down":{"uv":[10.0,1.25,9.75,1.5],"rotation":0,"texture":"#0","tintindex":0}}},{"from":[7.0,8.0,3.0],"to":[7.5714283,10.285714,4.142857],"rotation":{"angle":0.0,"axis":"y","origin":[10.857143,3.4285712,7.428571]},"faces":{"east":{"uv":[8.5,6.25,9.0,7.25],"rotation":0,"texture":"#0","tintindex":0},"south":{"uv":[6.5,9.5,6.75,10.5],"rotation":0,"texture":"#0","tintindex":0},"north":{"uv":[3.25,9.5,3.5,10.5],"rotation":0,"texture":"#0","tintindex":0},"west":{"uv":[6.5,8.5,7.0,9.5],"rotation":0,"texture":"#0","tintindex":0},"up":{"uv":[10.0,0.5,9.75,0.0],"rotation":0,"texture":"#0","tintindex":0},"down":{"uv":[10.0,0.5,9.75,1.0],"rotation":0,"texture":"#0","tintindex":0}}},{"from":[7.285714,6.285714,1.2857141],"to":[7.285714,12.0,4.142857],"rotation":{"angle":0.0,"axis":"y","origin":[10.857143,3.4285712,7.428571]},"faces":{"east":{"uv":[2.0,3.5,3.25,6.0],"rotation":0,"texture":"#0","tintindex":0},"south":{"uv":[0.0,0.0,0.0,2.5],"rotation":0,"texture":"#0","tintindex":0},"north":{"uv":[0.0,0.0,0.0,2.5],"rotation":0,"texture":"#0","tintindex":0},"west":{"uv":[3.25,3.5,2.0,6.0],"rotation":0,"texture":"#0","tintindex":0},"up":{"uv":[0.0,1.25,0.0,0.0],"rotation":0,"texture":"#0","tintindex":0},"down":{"uv":[0.0,0.0,0.0,1.25],"rotation":0,"texture":"#0","tintindex":0}}}],"display":{"head":{"translation":[0.0,-6.4,0.0],"scale":[4.0,4.0,4.0]}}}