{"textures":{"0":"modelengine:entity/pet_robotlumberjack"},"elements":[{"from":[8.0,5.933752,7.560731],"to":[9.142858,8.219466,9.275017],"rotation":{"angle":22.5,"axis":"x","origin":[6.285714,9.07661,8.417874]},"faces":{"east":{"uv":[7.0,7.5,6.25,8.5],"rotation":0,"texture":"#0","tintindex":0},"south":{"uv":[6.5,8.5,6.0,9.5],"rotation":0,"texture":"#0","tintindex":0},"north":{"uv":[6.0,8.5,5.5,9.5],"rotation":0,"texture":"#0","tintindex":0},"west":{"uv":[6.25,7.5,5.5,8.5],"rotation":0,"texture":"#0","tintindex":0},"up":{"uv":[9.0,3.75,9.5,3.0],"rotation":0,"texture":"#0","tintindex":0},"down":{"uv":[9.0,5.5,9.5,6.25],"rotation":0,"texture":"#0","tintindex":0}}},{"from":[8.285714,5.3623233,8.13216],"to":[8.857143,6.5051804,11.560731],"rotation":{"angle":22.5,"axis":"x","origin":[6.285714,9.07661,8.417874]},"faces":{"east":{"uv":[9.25,0.0,7.75,0.5],"rotation":0,"texture":"#0","tintindex":0},"south":{"uv":[9.75,9.5,9.5,10.0],"rotation":0,"texture":"#0","tintindex":0},"north":{"uv":[9.75,9.0,9.5,9.5],"rotation":0,"texture":"#0","tintindex":0},"west":{"uv":[1.5,7.75,0.0,8.25],"rotation":0,"texture":"#0","tintindex":0},"up":{"uv":[3.5,10.5,3.75,9.0],"rotation":0,"texture":"#0","tintindex":0},"down":{"uv":[9.0,6.25,9.25,7.75],"rotation":0,"texture":"#0","tintindex":0}}},{"from":[8.285714,4.7908945,10.989303],"to":[8.857143,5.3623233,11.560731],"rotation":{"angle":22.5,"axis":"x","origin":[6.285714,9.07661,8.417874]},"faces":{"east":{"uv":[3.0,8.75,2.75,9.0],"rotation":0,"texture":"#0","tintindex":0},"south":{"uv":[8.5,6.25,8.25,6.5],"rotation":0,"texture":"#0","tintindex":0},"north":{"uv":[6.75,5.75,6.5,6.0],"rotation":0,"texture":"#0","tintindex":0},"west":{"uv":[8.25,5.5,8.0,5.75],"rotation":0,"texture":"#0","tintindex":0},"up":{"uv":[9.0,5.0,9.25,4.75],"rotation":0,"texture":"#0","tintindex":0},"down":{"uv":[9.25,5.25,9.5,5.5],"rotation":0,"texture":"#0","tintindex":0}}}],"display":{"head":{"translation":[0.0,-6.4,0.0],"scale":[4.0,4.0,4.0]}}}