{"textures":{"0":"modelengine:entity/ice"},"elements":[{"from":[2.2857141,2.8571424,2.2857141],"to":[16.0,29.142859,2.2857141],"rotation":{"angle":0.0,"axis":"y","origin":[8.0,8.0,8.0]},"faces":{"east":{"uv":[5.0,5.0,7.0,10.75],"rotation":0,"texture":"#0","tintindex":0},"south":{"uv":[2.5,2.5,5.0,8.25],"rotation":0,"texture":"#0","tintindex":0},"north":{"uv":[0.0,0.0,2.5,5.75],"rotation":0,"texture":"#0","tintindex":0},"west":{"uv":[0.0,5.75,2.0,11.5],"rotation":0,"texture":"#0","tintindex":0},"up":{"uv":[5.0,2.0,2.5,0.0],"rotation":0,"texture":"#0","tintindex":0},"down":{"uv":[7.5,0.0,5.0,2.0],"rotation":0,"texture":"#0","tintindex":0}}},{"from":[2.2857141,2.8571424,2.2857141],"to":[2.2857141,29.142859,14.285715],"rotation":{"angle":0.0,"axis":"y","origin":[8.0,8.0,8.0]},"faces":{"east":{"uv":[5.0,5.0,7.0,10.75],"rotation":0,"texture":"#0","tintindex":0},"south":{"uv":[2.5,2.5,5.0,8.25],"rotation":0,"texture":"#0","tintindex":0},"north":{"uv":[0.0,0.0,2.5,5.75],"rotation":0,"texture":"#0","tintindex":0},"west":{"uv":[0.0,5.75,2.0,11.5],"rotation":0,"texture":"#0","tintindex":0},"up":{"uv":[5.0,2.0,2.5,0.0],"rotation":0,"texture":"#0","tintindex":0},"down":{"uv":[7.5,0.0,5.0,2.0],"rotation":0,"texture":"#0","tintindex":0}}},{"from":[2.2857141,2.8571424,14.285715],"to":[16.0,29.142859,14.285715],"rotation":{"angle":0.0,"axis":"y","origin":[8.0,8.0,8.0]},"faces":{"east":{"uv":[5.0,5.0,7.0,10.75],"rotation":0,"texture":"#0","tintindex":0},"south":{"uv":[2.5,2.5,5.0,8.25],"rotation":0,"texture":"#0","tintindex":0},"north":{"uv":[0.0,0.0,2.5,5.75],"rotation":0,"texture":"#0","tintindex":0},"west":{"uv":[0.0,5.75,2.0,11.5],"rotation":0,"texture":"#0","tintindex":0},"up":{"uv":[5.0,2.0,2.5,0.0],"rotation":0,"texture":"#0","tintindex":0},"down":{"uv":[7.5,0.0,5.0,2.0],"rotation":0,"texture":"#0","tintindex":0}}},{"from":[16.0,2.8571424,2.2857141],"to":[16.0,29.142859,14.285715],"rotation":{"angle":0.0,"axis":"y","origin":[8.0,8.0,8.0]},"faces":{"east":{"uv":[5.0,5.0,7.0,10.75],"rotation":0,"texture":"#0","tintindex":0},"south":{"uv":[2.5,2.5,5.0,8.25],"rotation":0,"texture":"#0","tintindex":0},"north":{"uv":[0.0,0.0,2.5,5.75],"rotation":0,"texture":"#0","tintindex":0},"west":{"uv":[0.0,5.75,2.0,11.5],"rotation":0,"texture":"#0","tintindex":0},"up":{"uv":[5.0,2.0,2.5,0.0],"rotation":0,"texture":"#0","tintindex":0},"down":{"uv":[7.5,0.0,5.0,2.0],"rotation":0,"texture":"#0","tintindex":0}}},{"from":[2.2857141,29.142859,2.2857141],"to":[16.0,29.142859,14.285715],"rotation":{"angle":0.0,"axis":"y","origin":[8.0,8.0,8.0]},"faces":{"east":{"uv":[5.0,5.0,7.0,10.75],"rotation":0,"texture":"#0","tintindex":0},"south":{"uv":[2.5,2.5,5.0,8.25],"rotation":0,"texture":"#0","tintindex":0},"north":{"uv":[0.0,0.0,2.5,5.75],"rotation":0,"texture":"#0","tintindex":0},"west":{"uv":[0.0,5.75,2.0,11.5],"rotation":0,"texture":"#0","tintindex":0},"up":{"uv":[5.0,2.0,2.5,0.0],"rotation":0,"texture":"#0","tintindex":0},"down":{"uv":[7.5,0.0,5.0,2.0],"rotation":0,"texture":"#0","tintindex":0}}},{"from":[2.2857141,2.8571424,2.2857141],"to":[16.0,2.8571424,14.285715],"rotation":{"angle":0.0,"axis":"y","origin":[8.0,8.0,8.0]},"faces":{"east":{"uv":[5.0,5.0,7.0,10.75],"rotation":0,"texture":"#0","tintindex":0},"south":{"uv":[2.5,2.5,5.0,8.25],"rotation":0,"texture":"#0","tintindex":0},"north":{"uv":[0.0,0.0,2.5,5.75],"rotation":0,"texture":"#0","tintindex":0},"west":{"uv":[0.0,5.75,2.0,11.5],"rotation":0,"texture":"#0","tintindex":0},"up":{"uv":[5.0,2.0,2.5,0.0],"rotation":0,"texture":"#0","tintindex":0},"down":{"uv":[7.5,0.0,5.0,2.0],"rotation":0,"texture":"#0","tintindex":0}}}],"display":{"head":{"translation":[0.0,-6.4,0.0],"scale":[4.0,4.0,4.0]}}}