{
	"credit": "Made with Blockbench",
	"texture_size": [32, 32],
	"textures": {
		"0": "toffy/xmasdecor/toffy_xmasdecor_socks",
		"particle": "toffy/xmasdecor/toffy_xmasdecor_socks"
	},
	"elements": [
		{
			"from": [8, 0, 5.5],
			"to": [8, 16, 7.5],
			"rotation": {"angle": 0, "axis": "y", "origin": [7.5, 0, -1.5]},
			"faces": {
				"north": {"uv": [12, 5, 12, 13], "texture": "#0"},
				"east": {"uv": [0, 7.5, 1, 15.5], "texture": "#0"},
				"south": {"uv": [12.5, 5, 12.5, 13], "texture": "#0"},
				"west": {"uv": [1.5, 7.5, 2.5, 15.5], "texture": "#0"},
				"up": {"uv": [7, 3.5, 7, 2.5], "texture": "#0"},
				"down": {"uv": [7.5, 2.5, 7.5, 3.5], "texture": "#0"}
			}
		},
		{
			"from": [6.5, 6, 1.5],
			"to": [9.5, 10, 8.5],
			"rotation": {"angle": -22.5, "axis": "x", "origin": [8, 9.5, 4.5]},
			"faces": {
				"north": {"uv": [11, 0, 12.5, 2], "texture": "#0"},
				"east": {"uv": [7, 0, 10.5, 2], "texture": "#0"},
				"south": {"uv": [11, 2.5, 12.5, 4.5], "texture": "#0"},
				"west": {"uv": [3, 7.5, 6.5, 9.5], "texture": "#0"},
				"up": {"uv": [8.5, 11, 7, 7.5], "texture": "#0"},
				"down": {"uv": [10.5, 2.5, 9, 6], "texture": "#0"}
			}
		},
		{
			"from": [7, -2, 2],
			"to": [9, 6, 8],
			"rotation": {"angle": -22.5, "axis": "x", "origin": [8, 9.5, 4.5]},
			"faces": {
				"north": {"uv": [9, 6.5, 10, 10.5], "texture": "#0"},
				"east": {"uv": [0, 0, 3, 4], "texture": "#0"},
				"south": {"uv": [3, 10, 4, 14], "texture": "#0"},
				"west": {"uv": [3.5, 0, 6.5, 4], "texture": "#0"},
				"up": {"uv": [10, 14, 9, 11], "texture": "#0"},
				"down": {"uv": [11.5, 11, 10.5, 14], "texture": "#0"}
			}
		},
		{
			"from": [7.025, -4.62837, -2.55795],
			"to": [8.975, 0.37163, 5.44205],
			"rotation": {"angle": -45, "axis": "x", "origin": [8, 5.87163, 2.94205]},
			"faces": {
				"north": {"uv": [6, 11.5, 7, 14], "texture": "#0"},
				"east": {"uv": [0, 4.5, 4, 7], "texture": "#0"},
				"south": {"uv": [7.5, 11.5, 8.5, 14], "texture": "#0"},
				"west": {"uv": [4.5, 4.5, 8.5, 7], "texture": "#0"},
				"up": {"uv": [5.5, 14, 4.5, 10], "texture": "#0"},
				"down": {"uv": [11.5, 6.5, 10.5, 10.5], "texture": "#0"}
			}
		}
	],
	"gui_light": "front",
	"display": {
		"thirdperson_righthand": {
			"rotation": [59, 0, 0],
			"translation": [0, -1, 1.25],
			"scale": [0.5, 0.5, 0.5]
		},
		"thirdperson_lefthand": {
			"rotation": [59, 0, 0],
			"translation": [0, -1, 1.25],
			"scale": [0.5, 0.5, 0.5]
		},
		"firstperson_righthand": {
			"translation": [0, 1.75, 0.5],
			"scale": [0.8, 0.8, 0.8]
		},
		"firstperson_lefthand": {
			"translation": [0, 1.75, 0.5],
			"scale": [0.8, 0.8, 0.8]
		},
		"ground": {
			"scale": [0.3, 0.3, 0.3]
		},
		"gui": {
			"rotation": [0, -110, 9],
			"translation": [0, 1.75, 0],
			"scale": [0.7, 0.7, 0.7]
		},
		"head": {
			"rotation": [33, 0, 0],
			"translation": [-7.25, 1.5, 3.25]
		},
		"fixed": {
			"rotation": [0, 90, 0],
			"translation": [3.5, 0.25, -0.25],
			"scale": [2, 2, 2]
		}
	}
}