{"textures":{"0":"modelengine:entity/jackpot_mc"},"elements":[{"from":[7.2380953,8.685715,7.4857144],"to":[8.152381,9.6,8.514286],"rotation":{"angle":0.0,"axis":"y","origin":[12.038095,7.428571,7.714286]},"faces":{"east":{"uv":[2.25,13.25,2.5,13.5],"rotation":0,"texture":"#0","tintindex":0},"south":{"uv":[13.25,2.25,13.5,2.5],"rotation":0,"texture":"#0","tintindex":0},"north":{"uv":[13.25,2.0,13.5,2.25],"rotation":0,"texture":"#0","tintindex":0},"west":{"uv":[2.5,13.25,2.75,13.5],"rotation":0,"texture":"#0","tintindex":0},"up":{"uv":[3.0,13.5,2.75,13.25],"rotation":0,"texture":"#0","tintindex":0},"down":{"uv":[13.5,2.75,13.25,3.0],"rotation":0,"texture":"#0","tintindex":0}}},{"from":[8.152381,6.4,7.4857144],"to":[9.066667,9.6,8.514286],"rotation":{"angle":0.0,"axis":"y","origin":[12.038095,7.428571,7.714286]},"faces":{"east":{"uv":[1.25,10.0,1.5,10.75],"rotation":0,"texture":"#0","tintindex":0},"south":{"uv":[1.5,10.0,1.75,10.75],"rotation":0,"texture":"#0","tintindex":0},"north":{"uv":[1.0,10.0,1.25,10.75],"rotation":0,"texture":"#0","tintindex":0},"west":{"uv":[1.75,10.0,2.0,10.75],"rotation":0,"texture":"#0","tintindex":0},"up":{"uv":[3.25,13.5,3.0,13.25],"rotation":0,"texture":"#0","tintindex":0},"down":{"uv":[13.5,3.0,13.25,3.25],"rotation":0,"texture":"#0","tintindex":0}}},{"from":[8.010096,6.2577143,7.4862857],"to":[9.208952,9.742286,8.513714],"rotation":{"angle":0.0,"axis":"y","origin":[12.038095,7.428571,7.714286]},"faces":{"east":{"uv":[10.0,2.75,10.25,3.5],"rotation":0,"texture":"#0","tintindex":0},"south":{"uv":[10.0,4.25,10.25,5.0],"rotation":0,"texture":"#0","tintindex":0},"north":{"uv":[10.0,2.0,10.25,2.75],"rotation":0,"texture":"#0","tintindex":0},"west":{"uv":[10.0,5.0,10.25,5.75],"rotation":0,"texture":"#0","tintindex":0},"up":{"uv":[3.5,13.5,3.25,13.25],"rotation":0,"texture":"#0","tintindex":0},"down":{"uv":[13.5,3.25,13.25,3.5],"rotation":0,"texture":"#0","tintindex":0}}},{"from":[7.2380953,6.4,7.4857144],"to":[8.152381,7.3142858,8.514286],"rotation":{"angle":0.0,"axis":"y","origin":[12.038095,7.428571,7.714286]},"faces":{"east":{"uv":[13.25,3.75,13.5,4.0],"rotation":0,"texture":"#0","tintindex":0},"south":{"uv":[13.25,4.0,13.5,4.25],"rotation":0,"texture":"#0","tintindex":0},"north":{"uv":[13.25,3.5,13.5,3.75],"rotation":0,"texture":"#0","tintindex":0},"west":{"uv":[4.375,13.25,4.625,13.5],"rotation":0,"texture":"#0","tintindex":0},"up":{"uv":[5.75,13.5,5.5,13.25],"rotation":0,"texture":"#0","tintindex":0},"down":{"uv":[13.5,5.75,13.25,6.0],"rotation":0,"texture":"#0","tintindex":0}}},{"from":[7.0958095,6.2577143,7.4862857],"to":[8.008952,7.4565716,8.513714],"rotation":{"angle":0.0,"axis":"y","origin":[12.038095,7.428571,7.714286]},"faces":{"east":{"uv":[13.25,6.25,13.5,6.5],"rotation":0,"texture":"#0","tintindex":0},"south":{"uv":[7.375,13.25,7.625,13.5],"rotation":0,"texture":"#0","tintindex":0},"north":{"uv":[13.25,6.0,13.5,6.25],"rotation":0,"texture":"#0","tintindex":0},"west":{"uv":[13.25,8.0,13.5,8.25],"rotation":0,"texture":"#0","tintindex":0},"up":{"uv":[8.75,13.5,8.5,13.25],"rotation":0,"texture":"#0","tintindex":0},"down":{"uv":[9.0,13.25,8.75,13.5],"rotation":0,"texture":"#0","tintindex":0}}},{"from":[7.0958095,8.543428,7.4862857],"to":[8.008952,9.742286,8.513714],"rotation":{"angle":0.0,"axis":"y","origin":[12.038095,7.428571,7.714286]},"faces":{"east":{"uv":[9.25,13.25,9.5,13.5],"rotation":0,"texture":"#0","tintindex":0},"south":{"uv":[9.5,13.25,9.75,13.5],"rotation":0,"texture":"#0","tintindex":0},"north":{"uv":[9.0,13.25,9.25,13.5],"rotation":0,"texture":"#0","tintindex":0},"west":{"uv":[9.75,13.25,10.0,13.5],"rotation":0,"texture":"#0","tintindex":0},"up":{"uv":[10.25,13.5,10.0,13.25],"rotation":0,"texture":"#0","tintindex":0},"down":{"uv":[10.5,13.25,10.25,13.5],"rotation":0,"texture":"#0","tintindex":0}}}],"display":{"head":{"translation":[0.0,-6.4,0.0],"scale":[4.0,4.0,4.0]}}}