{"textures":{"0":"modelengine:entity/jackpot_mc"},"elements":[{"from":[4.69901,8.027431,6.4499855],"to":[6.4132953,9.170288,8.164271],"rotation":{"angle":-22.5,"axis":"z","origin":[7.127581,11.456002,5.592843]},"faces":{"east":{"uv":[1.875,12.0,2.25,12.25],"rotation":0,"texture":"#0","tintindex":0},"south":{"uv":[2.25,12.0,2.625,12.25],"rotation":0,"texture":"#0","tintindex":0},"north":{"uv":[11.875,11.75,12.25,12.0],"rotation":0,"texture":"#0","tintindex":0},"west":{"uv":[12.0,2.5,12.375,2.75],"rotation":0,"texture":"#0","tintindex":0},"up":{"uv":[1.125,11.125,0.75,10.75],"rotation":0,"texture":"#0","tintindex":0},"down":{"uv":[1.5,10.75,1.125,11.125],"rotation":0,"texture":"#0","tintindex":0}}},{"from":[3.8968349,7.6377277,9.735701],"to":[5.6111207,8.780585,11.4499855],"rotation":{"angle":22.5,"axis":"y","origin":[4.753978,8.209156,10.592843]},"faces":{"east":{"uv":[3.0,12.0,3.375,12.25],"rotation":0,"texture":"#0","tintindex":0},"south":{"uv":[3.375,12.0,3.75,12.25],"rotation":0,"texture":"#0","tintindex":0},"north":{"uv":[2.625,12.0,3.0,12.25],"rotation":0,"texture":"#0","tintindex":0},"west":{"uv":[12.0,4.375,12.375,4.625],"rotation":0,"texture":"#0","tintindex":0},"up":{"uv":[11.125,1.625,10.75,1.25],"rotation":0,"texture":"#0","tintindex":0},"down":{"uv":[1.875,10.75,1.5,11.125],"rotation":0,"texture":"#0","tintindex":0}}},{"from":[5.039692,6.780585,9.735701],"to":[6.753978,7.923442,11.4499855],"rotation":{"angle":0.0,"axis":"y","origin":[7.896835,-3.5051298,8.021415]},"faces":{"east":{"uv":[12.0,4.625,12.375,4.875],"rotation":0,"texture":"#0","tintindex":0},"south":{"uv":[12.0,4.875,12.375,5.125],"rotation":0,"texture":"#0","tintindex":0},"north":{"uv":[4.5,12.0,4.875,12.25],"rotation":0,"texture":"#0","tintindex":0},"west":{"uv":[12.0,5.125,12.375,5.375],"rotation":0,"texture":"#0","tintindex":0},"up":{"uv":[11.125,2.0,10.75,1.625],"rotation":0,"texture":"#0","tintindex":0},"down":{"uv":[11.125,2.0,10.75,2.375],"rotation":0,"texture":"#0","tintindex":0}}},{"from":[7.182549,7.923442,9.592843],"to":[8.896835,9.066299,11.307129],"rotation":{"angle":22.5,"axis":"z","origin":[7.6111207,8.494871,10.735701]},"faces":{"east":{"uv":[12.0,5.625,12.375,5.875],"rotation":0,"texture":"#0","tintindex":0},"south":{"uv":[5.875,12.0,6.25,12.25],"rotation":0,"texture":"#0","tintindex":0},"north":{"uv":[12.0,5.375,12.375,5.625],"rotation":0,"texture":"#0","tintindex":0},"west":{"uv":[12.0,8.125,12.375,8.375],"rotation":0,"texture":"#0","tintindex":0},"up":{"uv":[11.125,2.75,10.75,2.375],"rotation":0,"texture":"#0","tintindex":0},"down":{"uv":[11.125,3.75,10.75,4.125],"rotation":0,"texture":"#0","tintindex":0}}},{"from":[8.468264,7.2091565,9.878557],"to":[10.182549,8.352014,11.592843],"rotation":{"angle":-22.5,"axis":"x","origin":[9.325406,7.3520136,10.592843]},"faces":{"east":{"uv":[12.0,8.625,12.375,8.875],"rotation":0,"texture":"#0","tintindex":0},"south":{"uv":[12.0,8.875,12.375,9.125],"rotation":0,"texture":"#0","tintindex":0},"north":{"uv":[12.0,8.375,12.375,8.625],"rotation":0,"texture":"#0","tintindex":0},"west":{"uv":[12.0,9.125,12.375,9.375],"rotation":0,"texture":"#0","tintindex":0},"up":{"uv":[5.375,11.125,5.0,10.75],"rotation":0,"texture":"#0","tintindex":0},"down":{"uv":[5.75,10.75,5.375,11.125],"rotation":0,"texture":"#0","tintindex":0}}},{"from":[10.182549,7.923442,9.735701],"to":[11.896835,9.066299,11.4499855],"rotation":{"angle":0.0,"axis":"y","origin":[7.896835,-3.5051298,8.021415]},"faces":{"east":{"uv":[12.0,9.625,12.375,9.875],"rotation":0,"texture":"#0","tintindex":0},"south":{"uv":[12.0,9.875,12.375,10.125],"rotation":0,"texture":"#0","tintindex":0},"north":{"uv":[12.0,9.375,12.375,9.625],"rotation":0,"texture":"#0","tintindex":0},"west":{"uv":[12.0,10.125,12.375,10.375],"rotation":0,"texture":"#0","tintindex":0},"up":{"uv":[6.125,11.125,5.75,10.75],"rotation":0,"texture":"#0","tintindex":0},"down":{"uv":[6.5,10.75,6.125,11.125],"rotation":0,"texture":"#0","tintindex":0}}},{"from":[5.753978,8.066299,4.592843],"to":[7.4682636,9.209156,6.3071284],"rotation":{"angle":-22.5,"axis":"x","origin":[4.753978,9.066299,4.878557]},"faces":{"east":{"uv":[10.875,12.0,11.25,12.25],"rotation":0,"texture":"#0","tintindex":0},"south":{"uv":[12.0,11.125,12.375,11.375],"rotation":0,"texture":"#0","tintindex":0},"north":{"uv":[10.5,12.0,10.875,12.25],"rotation":0,"texture":"#0","tintindex":0},"west":{"uv":[11.25,12.0,11.625,12.25],"rotation":0,"texture":"#0","tintindex":0},"up":{"uv":[11.25,6.625,10.875,6.25],"rotation":0,"texture":"#0","tintindex":0},"down":{"uv":[6.875,10.875,6.5,11.25],"rotation":0,"texture":"#0","tintindex":0}}},{"from":[4.1825495,9.209156,5.7356997],"to":[5.896835,10.352014,7.4499855],"rotation":{"angle":22.5,"axis":"z","origin":[5.325406,9.637728,8.878557]},"faces":{"east":{"uv":[11.625,12.0,12.0,12.25],"rotation":0,"texture":"#0","tintindex":0},"south":{"uv":[12.0,12.0,12.375,12.25],"rotation":0,"texture":"#0","tintindex":0},"north":{"uv":[12.0,11.375,12.375,11.625],"rotation":0,"texture":"#0","tintindex":0},"west":{"uv":[0.0,12.125,0.375,12.375],"rotation":0,"texture":"#0","tintindex":0},"up":{"uv":[11.25,7.0,10.875,6.625],"rotation":0,"texture":"#0","tintindex":0},"down":{"uv":[7.25,10.875,6.875,11.25],"rotation":0,"texture":"#0","tintindex":0}}},{"from":[6.039692,9.209156,5.7356997],"to":[7.753978,10.352014,7.4499855],"rotation":{"angle":0.0,"axis":"y","origin":[7.896835,-5.2194157,8.021415]},"faces":{"east":{"uv":[12.125,0.25,12.5,0.5],"rotation":0,"texture":"#0","tintindex":0},"south":{"uv":[0.375,12.125,0.75,12.375],"rotation":0,"texture":"#0","tintindex":0},"north":{"uv":[12.125,0.0,12.5,0.25],"rotation":0,"texture":"#0","tintindex":0},"west":{"uv":[12.125,0.5,12.5,0.75],"rotation":0,"texture":"#0","tintindex":0},"up":{"uv":[11.25,7.375,10.875,7.0],"rotation":0,"texture":"#0","tintindex":0},"down":{"uv":[7.625,10.875,7.25,11.25],"rotation":0,"texture":"#0","tintindex":0}}},{"from":[3.8968349,8.209156,4.3071284],"to":[5.6111207,9.352014,6.0214143],"rotation":{"angle":-22.5,"axis":"x","origin":[4.753978,9.066299,4.878557]},"faces":{"east":{"uv":[12.125,0.75,12.5,1.0],"rotation":0,"texture":"#0","tintindex":0},"south":{"uv":[1.125,12.125,1.5,12.375],"rotation":0,"texture":"#0","tintindex":0},"north":{"uv":[0.75,12.125,1.125,12.375],"rotation":0,"texture":"#0","tintindex":0},"west":{"uv":[1.5,12.125,1.875,12.375],"rotation":0,"texture":"#0","tintindex":0},"up":{"uv":[11.25,7.75,10.875,7.375],"rotation":0,"texture":"#0","tintindex":0},"down":{"uv":[8.0,10.875,7.625,11.25],"rotation":0,"texture":"#0","tintindex":0}}},{"from":[8.468264,8.066299,4.878557],"to":[10.182549,9.209156,6.592843],"rotation":{"angle":-22.5,"axis":"x","origin":[4.753978,9.066299,4.878557]},"faces":{"east":{"uv":[12.125,3.0,12.5,3.25],"rotation":0,"texture":"#0","tintindex":0},"south":{"uv":[12.125,3.25,12.5,3.5],"rotation":0,"texture":"#0","tintindex":0},"north":{"uv":[12.125,2.75,12.5,3.0],"rotation":0,"texture":"#0","tintindex":0},"west":{"uv":[12.125,3.5,12.5,3.75],"rotation":0,"texture":"#0","tintindex":0},"up":{"uv":[11.25,8.125,10.875,7.75],"rotation":0,"texture":"#0","tintindex":0},"down":{"uv":[8.375,10.875,8.0,11.25],"rotation":0,"texture":"#0","tintindex":0}}},{"from":[9.896835,7.780585,4.878557],"to":[11.611121,8.923442,6.592843],"rotation":{"angle":-22.5,"axis":"x","origin":[4.753978,9.066299,4.878557]},"faces":{"east":{"uv":[12.125,3.75,12.5,4.0],"rotation":0,"texture":"#0","tintindex":0},"south":{"uv":[12.125,4.0,12.5,4.25],"rotation":0,"texture":"#0","tintindex":0},"north":{"uv":[3.75,12.125,4.125,12.375],"rotation":0,"texture":"#0","tintindex":0},"west":{"uv":[4.125,12.125,4.5,12.375],"rotation":0,"texture":"#0","tintindex":0},"up":{"uv":[11.25,8.5,10.875,8.125],"rotation":0,"texture":"#0","tintindex":0},"down":{"uv":[8.75,10.875,8.375,11.25],"rotation":0,"texture":"#0","tintindex":0}}},{"from":[7.896835,9.066299,6.0214143],"to":[9.61112,10.209156,7.7357],"rotation":{"angle":22.5,"axis":"y","origin":[9.896835,9.637728,7.1642714]},"faces":{"east":{"uv":[12.125,6.125,12.5,6.375],"rotation":0,"texture":"#0","tintindex":0},"south":{"uv":[6.25,12.125,6.625,12.375],"rotation":0,"texture":"#0","tintindex":0},"north":{"uv":[12.125,5.875,12.5,6.125],"rotation":0,"texture":"#0","tintindex":0},"west":{"uv":[12.125,6.375,12.5,6.625],"rotation":0,"texture":"#0","tintindex":0},"up":{"uv":[9.125,11.25,8.75,10.875],"rotation":0,"texture":"#0","tintindex":0},"down":{"uv":[11.25,8.75,10.875,9.125],"rotation":0,"texture":"#0","tintindex":0}}},{"from":[6.753978,9.637728,6.3071284],"to":[8.468264,10.780585,8.021415],"rotation":{"angle":0.0,"axis":"y","origin":[7.896835,-5.2194157,8.021415]},"faces":{"east":{"uv":[12.125,6.625,12.5,6.875],"rotation":0,"texture":"#0","tintindex":0},"south":{"uv":[12.125,6.875,12.5,7.125],"rotation":0,"texture":"#0","tintindex":0},"north":{"uv":[6.625,12.125,7.0,12.375],"rotation":0,"texture":"#0","tintindex":0},"west":{"uv":[7.0,12.125,7.375,12.375],"rotation":0,"texture":"#0","tintindex":0},"up":{"uv":[9.5,11.25,9.125,10.875],"rotation":0,"texture":"#0","tintindex":0},"down":{"uv":[11.25,9.125,10.875,9.5],"rotation":0,"texture":"#0","tintindex":0}}},{"from":[4.896835,9.066299,8.021415],"to":[6.6111207,10.209156,9.735701],"rotation":{"angle":22.5,"axis":"z","origin":[5.325406,9.637728,8.878557]},"faces":{"east":{"uv":[7.375,12.125,7.75,12.375],"rotation":0,"texture":"#0","tintindex":0},"south":{"uv":[12.125,7.375,12.5,7.625],"rotation":0,"texture":"#0","tintindex":0},"north":{"uv":[12.125,7.125,12.5,7.375],"rotation":0,"texture":"#0","tintindex":0},"west":{"uv":[12.125,7.625,12.5,7.875],"rotation":0,"texture":"#0","tintindex":0},"up":{"uv":[9.875,11.25,9.5,10.875],"rotation":0,"texture":"#0","tintindex":0},"down":{"uv":[11.25,9.5,10.875,9.875],"rotation":0,"texture":"#0","tintindex":0}}},{"from":[4.4682636,8.209156,9.4499855],"to":[6.182549,9.352014,11.164271],"rotation":{"angle":22.5,"axis":"x","origin":[4.753978,9.066299,11.164271]},"faces":{"east":{"uv":[12.125,10.375,12.5,10.625],"rotation":0,"texture":"#0","tintindex":0},"south":{"uv":[12.125,10.625,12.5,10.875],"rotation":0,"texture":"#0","tintindex":0},"north":{"uv":[12.125,7.875,12.5,8.125],"rotation":0,"texture":"#0","tintindex":0},"west":{"uv":[12.125,10.875,12.5,11.125],"rotation":0,"texture":"#0","tintindex":0},"up":{"uv":[10.25,11.25,9.875,10.875],"rotation":0,"texture":"#0","tintindex":0},"down":{"uv":[11.25,9.875,10.875,10.25],"rotation":0,"texture":"#0","tintindex":0}}},{"from":[6.753978,9.066299,8.4499855],"to":[8.468264,10.209156,10.164271],"rotation":{"angle":22.5,"axis":"y","origin":[7.6111207,9.637728,8.878557]},"faces":{"east":{"uv":[12.25,1.25,12.625,1.5],"rotation":0,"texture":"#0","tintindex":0},"south":{"uv":[12.25,1.5,12.625,1.75],"rotation":0,"texture":"#0","tintindex":0},"north":{"uv":[12.25,1.0,12.625,1.25],"rotation":0,"texture":"#0","tintindex":0},"west":{"uv":[12.25,1.75,12.625,2.0],"rotation":0,"texture":"#0","tintindex":0},"up":{"uv":[10.625,11.25,10.25,10.875],"rotation":0,"texture":"#0","tintindex":0},"down":{"uv":[11.25,10.25,10.875,10.625],"rotation":0,"texture":"#0","tintindex":0}}},{"from":[6.4682636,8.066299,9.735701],"to":[8.182549,9.209156,11.4499855],"rotation":{"angle":22.5,"axis":"x","origin":[4.753978,9.066299,11.164271]},"faces":{"east":{"uv":[12.25,2.0,12.625,2.25],"rotation":0,"texture":"#0","tintindex":0},"south":{"uv":[2.25,12.25,2.625,12.5],"rotation":0,"texture":"#0","tintindex":0},"north":{"uv":[1.875,12.25,2.25,12.5],"rotation":0,"texture":"#0","tintindex":0},"west":{"uv":[12.25,2.25,12.625,2.5],"rotation":0,"texture":"#0","tintindex":0},"up":{"uv":[11.0,11.25,10.625,10.875],"rotation":0,"texture":"#0","tintindex":0},"down":{"uv":[11.375,0.0,11.0,0.375],"rotation":0,"texture":"#0","tintindex":0}}},{"from":[8.468264,7.923442,9.4499855],"to":[10.182549,9.066299,11.164271],"rotation":{"angle":22.5,"axis":"x","origin":[4.753978,9.066299,11.164271]},"faces":{"east":{"uv":[3.0,12.25,3.375,12.5],"rotation":0,"texture":"#0","tintindex":0},"south":{"uv":[3.375,12.25,3.75,12.5],"rotation":0,"texture":"#0","tintindex":0},"north":{"uv":[2.625,12.25,3.0,12.5],"rotation":0,"texture":"#0","tintindex":0},"west":{"uv":[4.5,12.25,4.875,12.5],"rotation":0,"texture":"#0","tintindex":0},"up":{"uv":[11.375,0.75,11.0,0.375],"rotation":0,"texture":"#0","tintindex":0},"down":{"uv":[11.375,0.75,11.0,1.125],"rotation":0,"texture":"#0","tintindex":0}}},{"from":[10.753978,7.780585,8.7357],"to":[12.468264,8.923442,10.4499855],"rotation":{"angle":22.5,"axis":"x","origin":[4.753978,9.066299,11.164271]},"faces":{"east":{"uv":[7.75,12.25,8.125,12.5],"rotation":0,"texture":"#0","tintindex":0},"south":{"uv":[8.125,12.25,8.5,12.5],"rotation":0,"texture":"#0","tintindex":0},"north":{"uv":[5.625,12.25,6.0,12.5],"rotation":0,"texture":"#0","tintindex":0},"west":{"uv":[8.5,12.25,8.875,12.5],"rotation":0,"texture":"#0","tintindex":0},"up":{"uv":[2.25,11.375,1.875,11.0],"rotation":0,"texture":"#0","tintindex":0},"down":{"uv":[2.625,11.0,2.25,11.375],"rotation":0,"texture":"#0","tintindex":0}}},{"from":[9.182549,8.637728,8.021415],"to":[10.896835,9.780585,9.735701],"rotation":{"angle":-22.5,"axis":"z","origin":[10.468264,9.637728,8.878557]},"faces":{"east":{"uv":[9.25,12.25,9.625,12.5],"rotation":0,"texture":"#0","tintindex":0},"south":{"uv":[9.625,12.25,10.0,12.5],"rotation":0,"texture":"#0","tintindex":0},"north":{"uv":[8.875,12.25,9.25,12.5],"rotation":0,"texture":"#0","tintindex":0},"west":{"uv":[10.0,12.25,10.375,12.5],"rotation":0,"texture":"#0","tintindex":0},"up":{"uv":[3.0,11.375,2.625,11.0],"rotation":0,"texture":"#0","tintindex":0},"down":{"uv":[3.375,11.0,3.0,11.375],"rotation":0,"texture":"#0","tintindex":0}}},{"from":[10.753978,9.352014,6.7357],"to":[12.468264,10.494871,8.4499855],"rotation":{"angle":-22.5,"axis":"z","origin":[10.468264,9.637728,8.878557]},"faces":{"east":{"uv":[10.75,12.25,11.125,12.5],"rotation":0,"texture":"#0","tintindex":0},"south":{"uv":[11.125,12.25,11.5,12.5],"rotation":0,"texture":"#0","tintindex":0},"north":{"uv":[10.375,12.25,10.75,12.5],"rotation":0,"texture":"#0","tintindex":0},"west":{"uv":[11.5,12.25,11.875,12.5],"rotation":0,"texture":"#0","tintindex":0},"up":{"uv":[3.75,11.375,3.375,11.0],"rotation":0,"texture":"#0","tintindex":0},"down":{"uv":[4.875,11.0,4.5,11.375],"rotation":0,"texture":"#0","tintindex":0}}},{"from":[2.182549,9.923442,5.7356997],"to":[3.8968349,11.066299,7.4499855],"rotation":{"angle":22.5,"axis":"z","origin":[5.325406,11.066299,8.878557]},"faces":{"east":{"uv":[11.875,12.25,12.25,12.5],"rotation":0,"texture":"#0","tintindex":0},"south":{"uv":[12.25,12.25,12.625,12.5],"rotation":0,"texture":"#0","tintindex":0},"north":{"uv":[12.25,11.625,12.625,11.875],"rotation":0,"texture":"#0","tintindex":0},"west":{"uv":[0.0,12.375,0.375,12.625],"rotation":0,"texture":"#0","tintindex":0},"up":{"uv":[11.375,11.0,11.0,10.625],"rotation":0,"texture":"#0","tintindex":0},"down":{"uv":[11.375,11.0,11.0,11.375],"rotation":0,"texture":"#0","tintindex":0}}},{"from":[5.039692,10.209156,4.878557],"to":[6.753978,11.352014,6.592843],"rotation":{"angle":0.0,"axis":"y","origin":[7.896835,-3.790844,8.021415]},"faces":{"east":{"uv":[0.75,12.375,1.125,12.625],"rotation":0,"texture":"#0","tintindex":0},"south":{"uv":[1.125,12.375,1.5,12.625],"rotation":0,"texture":"#0","tintindex":0},"north":{"uv":[0.375,12.375,0.75,12.625],"rotation":0,"texture":"#0","tintindex":0},"west":{"uv":[1.5,12.375,1.875,12.625],"rotation":0,"texture":"#0","tintindex":0},"up":{"uv":[0.375,11.5,0.0,11.125],"rotation":0,"texture":"#0","tintindex":0},"down":{"uv":[0.75,11.125,0.375,11.5],"rotation":0,"texture":"#0","tintindex":0}}},{"from":[3.182549,9.494871,3.1642709],"to":[4.896835,10.637728,4.878557],"rotation":{"angle":-22.5,"axis":"x","origin":[4.753978,10.494871,4.878557]},"faces":{"east":{"uv":[3.75,12.375,4.125,12.625],"rotation":0,"texture":"#0","tintindex":0},"south":{"uv":[4.125,12.375,4.5,12.625],"rotation":0,"texture":"#0","tintindex":0},"north":{"uv":[12.375,2.5,12.75,2.75],"rotation":0,"texture":"#0","tintindex":0},"west":{"uv":[12.375,4.25,12.75,4.5],"rotation":0,"texture":"#0","tintindex":0},"up":{"uv":[1.125,11.5,0.75,11.125],"rotation":0,"texture":"#0","tintindex":0},"down":{"uv":[1.5,11.125,1.125,11.5],"rotation":0,"texture":"#0","tintindex":0}}},{"from":[6.182549,9.637728,2.5928426],"to":[7.896835,10.780585,4.3071284],"rotation":{"angle":-22.5,"axis":"x","origin":[4.753978,10.494871,4.878557]},"faces":{"east":{"uv":[12.375,4.75,12.75,5.0],"rotation":0,"texture":"#0","tintindex":0},"south":{"uv":[12.375,5.0,12.75,5.25],"rotation":0,"texture":"#0","tintindex":0},"north":{"uv":[12.375,4.5,12.75,4.75],"rotation":0,"texture":"#0","tintindex":0},"west":{"uv":[12.375,5.25,12.75,5.5],"rotation":0,"texture":"#0","tintindex":0},"up":{"uv":[11.5,1.5,11.125,1.125],"rotation":0,"texture":"#0","tintindex":0},"down":{"uv":[1.875,11.125,1.5,11.5],"rotation":0,"texture":"#0","tintindex":0}}},{"from":[8.039692,9.2315035,4.844142],"to":[9.753978,10.374361,6.558428],"rotation":{"angle":-45.0,"axis":"x","origin":[9.325406,9.802933,4.701285]},"faces":{"east":{"uv":[6.0,12.375,6.375,12.625],"rotation":0,"texture":"#0","tintindex":0},"south":{"uv":[6.375,12.375,6.75,12.625],"rotation":0,"texture":"#0","tintindex":0},"north":{"uv":[12.375,5.5,12.75,5.75],"rotation":0,"texture":"#0","tintindex":0},"west":{"uv":[6.75,12.375,7.125,12.625],"rotation":0,"texture":"#0","tintindex":0},"up":{"uv":[11.5,1.875,11.125,1.5],"rotation":0,"texture":"#0","tintindex":0},"down":{"uv":[11.5,1.875,11.125,2.25],"rotation":0,"texture":"#0","tintindex":0}}},{"from":[10.753978,9.372867,4.558725],"to":[12.468264,10.515723,6.2730107],"rotation":{"angle":-45.0,"axis":"x","origin":[11.611121,9.944295,5.415868]},"faces":{"east":{"uv":[12.375,8.125,12.75,8.375],"rotation":0,"texture":"#0","tintindex":0},"south":{"uv":[12.375,8.375,12.75,8.625],"rotation":0,"texture":"#0","tintindex":0},"north":{"uv":[7.125,12.375,7.5,12.625],"rotation":0,"texture":"#0","tintindex":0},"west":{"uv":[12.375,8.625,12.75,8.875],"rotation":0,"texture":"#0","tintindex":0},"up":{"uv":[11.5,2.625,11.125,2.25],"rotation":0,"texture":"#0","tintindex":0},"down":{"uv":[11.5,3.0,11.125,3.375],"rotation":0,"texture":"#0","tintindex":0}}},{"from":[9.039692,10.066299,6.3071284],"to":[10.753978,11.209156,8.021415],"rotation":{"angle":22.5,"axis":"y","origin":[9.896835,11.066299,7.1642714]},"faces":{"east":{"uv":[12.375,9.125,12.75,9.375],"rotation":0,"texture":"#0","tintindex":0},"south":{"uv":[12.375,9.375,12.75,9.625],"rotation":0,"texture":"#0","tintindex":0},"north":{"uv":[12.375,8.875,12.75,9.125],"rotation":0,"texture":"#0","tintindex":0},"west":{"uv":[12.375,9.625,12.75,9.875],"rotation":0,"texture":"#0","tintindex":0},"up":{"uv":[11.5,3.75,11.125,3.375],"rotation":0,"texture":"#0","tintindex":0},"down":{"uv":[11.5,3.75,11.125,4.125],"rotation":0,"texture":"#0","tintindex":0}}},{"from":[7.039692,10.780585,6.3071284],"to":[8.753978,11.923442,8.021415],"rotation":{"angle":0.0,"axis":"y","origin":[7.896835,-3.790844,8.021415]},"faces":{"east":{"uv":[12.375,10.125,12.75,10.375],"rotation":0,"texture":"#0","tintindex":0},"south":{"uv":[12.375,11.125,12.75,11.375],"rotation":0,"texture":"#0","tintindex":0},"north":{"uv":[12.375,9.875,12.75,10.125],"rotation":0,"texture":"#0","tintindex":0},"west":{"uv":[12.375,11.375,12.75,11.625],"rotation":0,"texture":"#0","tintindex":0},"up":{"uv":[11.5,4.5,11.125,4.125],"rotation":0,"texture":"#0","tintindex":0},"down":{"uv":[11.5,4.5,11.125,4.875],"rotation":0,"texture":"#0","tintindex":0}}},{"from":[3.4682636,10.494871,8.307129],"to":[5.1825495,11.637728,10.021415],"rotation":{"angle":22.5,"axis":"z","origin":[5.325406,11.066299,8.878557]},"faces":{"east":{"uv":[12.5,0.0,12.875,0.25],"rotation":0,"texture":"#0","tintindex":0},"south":{"uv":[12.5,0.25,12.875,0.5],"rotation":0,"texture":"#0","tintindex":0},"north":{"uv":[12.375,11.875,12.75,12.125],"rotation":0,"texture":"#0","tintindex":0},"west":{"uv":[12.5,0.5,12.875,0.75],"rotation":0,"texture":"#0","tintindex":0},"up":{"uv":[5.25,11.5,4.875,11.125],"rotation":0,"texture":"#0","tintindex":0},"down":{"uv":[11.5,4.875,11.125,5.25],"rotation":0,"texture":"#0","tintindex":0}}},{"from":[3.182549,8.770908,10.220733],"to":[4.896835,9.913765,11.935019],"rotation":{"angle":45.0,"axis":"x","origin":[4.039692,9.770908,11.792161]},"faces":{"east":{"uv":[1.875,12.5,2.25,12.75],"rotation":0,"texture":"#0","tintindex":0},"south":{"uv":[2.25,12.5,2.625,12.75],"rotation":0,"texture":"#0","tintindex":0},"north":{"uv":[12.5,0.75,12.875,1.0],"rotation":0,"texture":"#0","tintindex":0},"west":{"uv":[2.625,12.5,3.0,12.75],"rotation":0,"texture":"#0","tintindex":0},"up":{"uv":[5.625,11.5,5.25,11.125],"rotation":0,"texture":"#0","tintindex":0},"down":{"uv":[11.5,5.25,11.125,5.625],"rotation":0,"texture":"#0","tintindex":0}}},{"from":[6.753978,10.494871,8.4499855],"to":[8.468264,11.637728,10.164271],"rotation":{"angle":22.5,"axis":"y","origin":[7.6111207,11.066299,8.878557]},"faces":{"east":{"uv":[3.0,12.5,3.375,12.75],"rotation":0,"texture":"#0","tintindex":0},"south":{"uv":[12.5,3.0,12.875,3.25],"rotation":0,"texture":"#0","tintindex":0},"north":{"uv":[12.5,2.75,12.875,3.0],"rotation":0,"texture":"#0","tintindex":0},"west":{"uv":[12.5,3.25,12.875,3.5],"rotation":0,"texture":"#0","tintindex":0},"up":{"uv":[6.0,11.5,5.625,11.125],"rotation":0,"texture":"#0","tintindex":0},"down":{"uv":[6.375,11.125,6.0,11.5],"rotation":0,"texture":"#0","tintindex":0}}},{"from":[6.182549,9.494871,10.735701],"to":[7.896835,10.637728,12.4499855],"rotation":{"angle":22.5,"axis":"x","origin":[4.753978,10.494871,11.164271]},"faces":{"east":{"uv":[12.5,3.5,12.875,3.75],"rotation":0,"texture":"#0","tintindex":0},"south":{"uv":[12.5,3.75,12.875,4.0],"rotation":0,"texture":"#0","tintindex":0},"north":{"uv":[3.375,12.5,3.75,12.75],"rotation":0,"texture":"#0","tintindex":0},"west":{"uv":[12.5,4.0,12.875,4.25],"rotation":0,"texture":"#0","tintindex":0},"up":{"uv":[11.625,3.0,11.25,2.625],"rotation":0,"texture":"#0","tintindex":0},"down":{"uv":[4.125,11.25,3.75,11.625],"rotation":0,"texture":"#0","tintindex":0}}},{"from":[8.468264,9.352014,10.735701],"to":[10.182549,10.494871,12.4499855],"rotation":{"angle":22.5,"axis":"x","origin":[4.753978,10.494871,11.164271]},"faces":{"east":{"uv":[5.625,12.5,6.0,12.75],"rotation":0,"texture":"#0","tintindex":0},"south":{"uv":[12.5,5.75,12.875,6.0],"rotation":0,"texture":"#0","tintindex":0},"north":{"uv":[4.5,12.5,4.875,12.75],"rotation":0,"texture":"#0","tintindex":0},"west":{"uv":[12.5,6.0,12.875,6.25],"rotation":0,"texture":"#0","tintindex":0},"up":{"uv":[4.5,11.625,4.125,11.25],"rotation":0,"texture":"#0","tintindex":0},"down":{"uv":[11.625,5.625,11.25,6.0],"rotation":0,"texture":"#0","tintindex":0}}},{"from":[10.753978,9.515723,9.769817],"to":[12.468264,10.658581,11.484103],"rotation":{"angle":45.0,"axis":"x","origin":[11.611121,9.944295,10.626961]},"faces":{"east":{"uv":[12.5,6.5,12.875,6.75],"rotation":0,"texture":"#0","tintindex":0},"south":{"uv":[12.5,6.75,12.875,7.0],"rotation":0,"texture":"#0","tintindex":0},"north":{"uv":[12.5,6.25,12.875,6.5],"rotation":0,"texture":"#0","tintindex":0},"west":{"uv":[12.5,7.0,12.875,7.25],"rotation":0,"texture":"#0","tintindex":0},"up":{"uv":[11.625,6.375,11.25,6.0],"rotation":0,"texture":"#0","tintindex":0},"down":{"uv":[6.75,11.25,6.375,11.625],"rotation":0,"texture":"#0","tintindex":0}}},{"from":[10.182549,10.494871,8.021415],"to":[11.896835,11.637728,9.735701],"rotation":{"angle":-22.5,"axis":"z","origin":[10.468264,11.066299,8.878557]},"faces":{"east":{"uv":[7.5,12.5,7.875,12.75],"rotation":0,"texture":"#0","tintindex":0},"south":{"uv":[12.5,7.5,12.875,7.75],"rotation":0,"texture":"#0","tintindex":0},"north":{"uv":[12.5,7.25,12.875,7.5],"rotation":0,"texture":"#0","tintindex":0},"west":{"uv":[12.5,7.75,12.875,8.0],"rotation":0,"texture":"#0","tintindex":0},"up":{"uv":[11.625,6.75,11.25,6.375],"rotation":0,"texture":"#0","tintindex":0},"down":{"uv":[7.125,11.25,6.75,11.625],"rotation":0,"texture":"#0","tintindex":0}}},{"from":[11.722845,9.620166,6.0214143],"to":[13.437132,10.763023,7.7357],"rotation":{"angle":-45.0,"axis":"z","origin":[12.5799885,10.191594,6.592843]},"faces":{"east":{"uv":[8.25,12.5,8.625,12.75],"rotation":0,"texture":"#0","tintindex":0},"south":{"uv":[8.625,12.5,9.0,12.75],"rotation":0,"texture":"#0","tintindex":0},"north":{"uv":[7.875,12.5,8.25,12.75],"rotation":0,"texture":"#0","tintindex":0},"west":{"uv":[9.0,12.5,9.375,12.75],"rotation":0,"texture":"#0","tintindex":0},"up":{"uv":[11.625,7.125,11.25,6.75],"rotation":0,"texture":"#0","tintindex":0},"down":{"uv":[7.5,11.25,7.125,11.625],"rotation":0,"texture":"#0","tintindex":0}}},{"from":[8.896835,7.4948707,8.4499855],"to":[10.611121,8.637728,10.164271],"rotation":{"angle":22.5,"axis":"z","origin":[7.6111207,8.494871,10.735701]},"faces":{"east":{"uv":[9.75,12.5,10.125,12.75],"rotation":0,"texture":"#0","tintindex":0},"south":{"uv":[10.125,12.5,10.5,12.75],"rotation":0,"texture":"#0","tintindex":0},"north":{"uv":[9.375,12.5,9.75,12.75],"rotation":0,"texture":"#0","tintindex":0},"west":{"uv":[12.5,10.375,12.875,10.625],"rotation":0,"texture":"#0","tintindex":0},"up":{"uv":[11.625,7.5,11.25,7.125],"rotation":0,"texture":"#0","tintindex":0},"down":{"uv":[7.875,11.25,7.5,11.625],"rotation":0,"texture":"#0","tintindex":0}}},{"from":[10.611121,6.780585,7.7357],"to":[12.325407,7.923442,9.4499855],"rotation":{"angle":22.5,"axis":"z","origin":[11.039692,7.3520136,8.878557]},"faces":{"east":{"uv":[12.5,10.625,12.875,10.875],"rotation":0,"texture":"#0","tintindex":0},"south":{"uv":[10.875,12.5,11.25,12.75],"rotation":0,"texture":"#0","tintindex":0},"north":{"uv":[10.5,12.5,10.875,12.75],"rotation":0,"texture":"#0","tintindex":0},"west":{"uv":[12.5,10.875,12.875,11.125],"rotation":0,"texture":"#0","tintindex":0},"up":{"uv":[11.625,7.875,11.25,7.5],"rotation":0,"texture":"#0","tintindex":0},"down":{"uv":[8.25,11.25,7.875,11.625],"rotation":0,"texture":"#0","tintindex":0}}},{"from":[9.039692,7.923442,6.4499855],"to":[10.753978,9.066299,8.164271],"rotation":{"angle":-22.5,"axis":"y","origin":[9.325406,8.494871,7.3071284]},"faces":{"east":{"uv":[11.625,12.5,12.0,12.75],"rotation":0,"texture":"#0","tintindex":0},"south":{"uv":[12.0,12.5,12.375,12.75],"rotation":0,"texture":"#0","tintindex":0},"north":{"uv":[11.25,12.5,11.625,12.75],"rotation":0,"texture":"#0","tintindex":0},"west":{"uv":[12.375,12.5,12.75,12.75],"rotation":0,"texture":"#0","tintindex":0},"up":{"uv":[11.625,8.25,11.25,7.875],"rotation":0,"texture":"#0","tintindex":0},"down":{"uv":[8.625,11.25,8.25,11.625],"rotation":0,"texture":"#0","tintindex":0}}},{"from":[10.182549,6.780585,6.3071284],"to":[11.896835,7.923442,8.021415],"rotation":{"angle":-22.5,"axis":"y","origin":[11.039692,7.3520136,7.1642714]},"faces":{"east":{"uv":[0.375,12.625,0.75,12.875],"rotation":0,"texture":"#0","tintindex":0},"south":{"uv":[0.75,12.625,1.125,12.875],"rotation":0,"texture":"#0","tintindex":0},"north":{"uv":[0.0,12.625,0.375,12.875],"rotation":0,"texture":"#0","tintindex":0},"west":{"uv":[12.625,1.0,13.0,1.25],"rotation":0,"texture":"#0","tintindex":0},"up":{"uv":[11.625,8.625,11.25,8.25],"rotation":0,"texture":"#0","tintindex":0},"down":{"uv":[9.0,11.25,8.625,11.625],"rotation":0,"texture":"#0","tintindex":0}}},{"from":[10.182549,6.780585,4.592843],"to":[11.896835,7.923442,6.3071284],"rotation":{"angle":0.0,"axis":"y","origin":[7.896835,-3.5051298,8.021415]},"faces":{"east":{"uv":[12.625,1.25,13.0,1.5],"rotation":0,"texture":"#0","tintindex":0},"south":{"uv":[1.5,12.625,1.875,12.875],"rotation":0,"texture":"#0","tintindex":0},"north":{"uv":[1.125,12.625,1.5,12.875],"rotation":0,"texture":"#0","tintindex":0},"west":{"uv":[12.625,1.5,13.0,1.75],"rotation":0,"texture":"#0","tintindex":0},"up":{"uv":[11.625,9.0,11.25,8.625],"rotation":0,"texture":"#0","tintindex":0},"down":{"uv":[9.375,11.25,9.0,11.625],"rotation":0,"texture":"#0","tintindex":0}}},{"from":[9.182549,8.494871,4.7356997],"to":[10.896835,9.637728,6.4499855],"rotation":{"angle":-45.0,"axis":"z","origin":[9.753978,9.637728,5.592843]},"faces":{"east":{"uv":[12.625,2.0,13.0,2.25],"rotation":0,"texture":"#0","tintindex":0},"south":{"uv":[12.625,2.25,13.0,2.5],"rotation":0,"texture":"#0","tintindex":0},"north":{"uv":[12.625,1.75,13.0,2.0],"rotation":0,"texture":"#0","tintindex":0},"west":{"uv":[3.75,12.625,4.125,12.875],"rotation":0,"texture":"#0","tintindex":0},"up":{"uv":[11.625,9.375,11.25,9.0],"rotation":0,"texture":"#0","tintindex":0},"down":{"uv":[9.75,11.25,9.375,11.625],"rotation":0,"texture":"#0","tintindex":0}}},{"from":[7.182549,7.923442,4.7356997],"to":[8.896835,9.066299,6.4499855],"rotation":{"angle":0.0,"axis":"y","origin":[6.182549,-2.3622723,8.164271]},"faces":{"east":{"uv":[4.875,12.625,5.25,12.875],"rotation":0,"texture":"#0","tintindex":0},"south":{"uv":[5.25,12.625,5.625,12.875],"rotation":0,"texture":"#0","tintindex":0},"north":{"uv":[4.125,12.625,4.5,12.875],"rotation":0,"texture":"#0","tintindex":0},"west":{"uv":[6.0,12.625,6.375,12.875],"rotation":0,"texture":"#0","tintindex":0},"up":{"uv":[11.625,9.75,11.25,9.375],"rotation":0,"texture":"#0","tintindex":0},"down":{"uv":[10.125,11.25,9.75,11.625],"rotation":0,"texture":"#0","tintindex":0}}},{"from":[6.753978,8.352014,7.592843],"to":[8.468264,9.494871,9.307129],"rotation":{"angle":-22.5,"axis":"x","origin":[7.6111207,7.3520136,8.878557]},"faces":{"east":{"uv":[6.75,12.625,7.125,12.875],"rotation":0,"texture":"#0","tintindex":0},"south":{"uv":[7.125,12.625,7.5,12.875],"rotation":0,"texture":"#0","tintindex":0},"north":{"uv":[6.375,12.625,6.75,12.875],"rotation":0,"texture":"#0","tintindex":0},"west":{"uv":[12.625,11.625,13.0,11.875],"rotation":0,"texture":"#0","tintindex":0},"up":{"uv":[11.625,10.125,11.25,9.75],"rotation":0,"texture":"#0","tintindex":0},"down":{"uv":[10.5,11.25,10.125,11.625],"rotation":0,"texture":"#0","tintindex":0}}},{"from":[6.753978,7.2091565,8.164271],"to":[8.468264,8.352014,9.878557],"rotation":{"angle":-22.5,"axis":"x","origin":[7.6111207,7.3520136,8.878557]},"faces":{"east":{"uv":[1.875,12.75,2.25,13.0],"rotation":0,"texture":"#0","tintindex":0},"south":{"uv":[2.25,12.75,2.625,13.0],"rotation":0,"texture":"#0","tintindex":0},"north":{"uv":[12.625,12.125,13.0,12.375],"rotation":0,"texture":"#0","tintindex":0},"west":{"uv":[12.75,2.5,13.125,2.75],"rotation":0,"texture":"#0","tintindex":0},"up":{"uv":[11.625,10.5,11.25,10.125],"rotation":0,"texture":"#0","tintindex":0},"down":{"uv":[10.875,11.25,10.5,11.625],"rotation":0,"texture":"#0","tintindex":0}}},{"from":[5.039692,8.352014,8.307129],"to":[6.753978,9.494871,10.021415],"rotation":{"angle":-22.5,"axis":"x","origin":[5.896835,8.494871,9.021414]},"faces":{"east":{"uv":[3.0,12.75,3.375,13.0],"rotation":0,"texture":"#0","tintindex":0},"south":{"uv":[3.375,12.75,3.75,13.0],"rotation":0,"texture":"#0","tintindex":0},"north":{"uv":[2.625,12.75,3.0,13.0],"rotation":0,"texture":"#0","tintindex":0},"west":{"uv":[12.75,4.25,13.125,4.5],"rotation":0,"texture":"#0","tintindex":0},"up":{"uv":[11.75,0.375,11.375,0.0],"rotation":0,"texture":"#0","tintindex":0},"down":{"uv":[11.75,0.375,11.375,0.75],"rotation":0,"texture":"#0","tintindex":0}}},{"from":[3.4682636,7.3520136,7.878557],"to":[5.1825495,8.494871,9.592843],"rotation":{"angle":22.5,"axis":"z","origin":[4.1825495,8.494871,9.021414]},"faces":{"east":{"uv":[12.75,4.5,13.125,4.75],"rotation":0,"texture":"#0","tintindex":0},"south":{"uv":[12.75,4.75,13.125,5.0],"rotation":0,"texture":"#0","tintindex":0},"north":{"uv":[4.5,12.75,4.875,13.0],"rotation":0,"texture":"#0","tintindex":0},"west":{"uv":[12.75,5.0,13.125,5.25],"rotation":0,"texture":"#0","tintindex":0},"up":{"uv":[11.75,1.125,11.375,0.75],"rotation":0,"texture":"#0","tintindex":0},"down":{"uv":[2.25,11.375,1.875,11.75],"rotation":0,"texture":"#0","tintindex":0}}},{"from":[5.4682636,7.923442,6.1642714],"to":[7.182549,9.066299,7.878557],"rotation":{"angle":22.5,"axis":"z","origin":[5.896835,8.494871,7.3071284]},"faces":{"east":{"uv":[12.75,5.5,13.125,5.75],"rotation":0,"texture":"#0","tintindex":0},"south":{"uv":[5.625,12.75,6.0,13.0],"rotation":0,"texture":"#0","tintindex":0},"north":{"uv":[12.75,5.25,13.125,5.5],"rotation":0,"texture":"#0","tintindex":0},"west":{"uv":[7.5,12.75,7.875,13.0],"rotation":0,"texture":"#0","tintindex":0},"up":{"uv":[2.625,11.75,2.25,11.375],"rotation":0,"texture":"#0","tintindex":0},"down":{"uv":[3.0,11.375,2.625,11.75],"rotation":0,"texture":"#0","tintindex":0}}},{"from":[4.039692,7.3520136,4.7356997],"to":[5.1825495,9.066299,6.4499855],"rotation":{"angle":0.0,"axis":"y","origin":[6.753978,-5.2194157,8.164271]},"faces":{"east":{"uv":[3.0,11.375,3.375,11.75],"rotation":0,"texture":"#0","tintindex":0},"south":{"uv":[12.75,8.0,13.0,8.375],"rotation":0,"texture":"#0","tintindex":0},"north":{"uv":[7.875,12.75,8.125,13.125],"rotation":0,"texture":"#0","tintindex":0},"west":{"uv":[3.375,11.375,3.75,11.75],"rotation":0,"texture":"#0","tintindex":0},"up":{"uv":[8.375,13.125,8.125,12.75],"rotation":0,"texture":"#0","tintindex":0},"down":{"uv":[8.625,12.75,8.375,13.125],"rotation":0,"texture":"#0","tintindex":0}}},{"from":[5.039692,6.780585,4.592843],"to":[6.753978,7.923442,6.3071284],"rotation":{"angle":22.5,"axis":"y","origin":[5.896835,7.3520136,5.4499855]},"faces":{"east":{"uv":[8.625,12.75,9.0,13.0],"rotation":0,"texture":"#0","tintindex":0},"south":{"uv":[12.75,8.625,13.125,8.875],"rotation":0,"texture":"#0","tintindex":0},"north":{"uv":[12.75,8.375,13.125,8.625],"rotation":0,"texture":"#0","tintindex":0},"west":{"uv":[12.75,8.875,13.125,9.125],"rotation":0,"texture":"#0","tintindex":0},"up":{"uv":[4.875,11.75,4.5,11.375],"rotation":0,"texture":"#0","tintindex":0},"down":{"uv":[11.75,10.5,11.375,10.875],"rotation":0,"texture":"#0","tintindex":0}}},{"from":[10.182549,6.780585,9.735701],"to":[11.896835,7.923442,11.4499855],"rotation":{"angle":0.0,"axis":"y","origin":[7.896835,-3.5051298,8.021415]},"faces":{"east":{"uv":[12.75,9.125,13.125,9.375],"rotation":0,"texture":"#0","tintindex":0},"south":{"uv":[9.375,12.75,9.75,13.0],"rotation":0,"texture":"#0","tintindex":0},"north":{"uv":[9.0,12.75,9.375,13.0],"rotation":0,"texture":"#0","tintindex":0},"west":{"uv":[12.75,9.375,13.125,9.625],"rotation":0,"texture":"#0","tintindex":0},"up":{"uv":[11.25,11.75,10.875,11.375],"rotation":0,"texture":"#0","tintindex":0},"down":{"uv":[11.75,10.875,11.375,11.25],"rotation":0,"texture":"#0","tintindex":0}}},{"from":[8.468264,6.780585,8.021415],"to":[10.182549,7.923442,9.735701],"rotation":{"angle":0.0,"axis":"y","origin":[7.896835,-3.5051298,8.021415]},"faces":{"east":{"uv":[9.75,12.75,10.125,13.0],"rotation":0,"texture":"#0","tintindex":0},"south":{"uv":[12.75,9.875,13.125,10.125],"rotation":0,"texture":"#0","tintindex":0},"north":{"uv":[12.75,9.625,13.125,9.875],"rotation":0,"texture":"#0","tintindex":0},"west":{"uv":[10.125,12.75,10.5,13.0],"rotation":0,"texture":"#0","tintindex":0},"up":{"uv":[11.625,11.75,11.25,11.375],"rotation":0,"texture":"#0","tintindex":0},"down":{"uv":[0.375,11.5,0.0,11.875],"rotation":0,"texture":"#0","tintindex":0}}},{"from":[7.182549,6.780585,9.4499855],"to":[8.896835,7.923442,11.164271],"rotation":{"angle":22.5,"axis":"z","origin":[7.6111207,7.3520136,10.592843]},"faces":{"east":{"uv":[10.5,12.75,10.875,13.0],"rotation":0,"texture":"#0","tintindex":0},"south":{"uv":[10.875,12.75,11.25,13.0],"rotation":0,"texture":"#0","tintindex":0},"north":{"uv":[12.75,10.125,13.125,10.375],"rotation":0,"texture":"#0","tintindex":0},"west":{"uv":[12.75,11.125,13.125,11.375],"rotation":0,"texture":"#0","tintindex":0},"up":{"uv":[0.75,11.875,0.375,11.5],"rotation":0,"texture":"#0","tintindex":0},"down":{"uv":[1.125,11.5,0.75,11.875],"rotation":0,"texture":"#0","tintindex":0}}},{"from":[8.468264,7.2091565,6.4499855],"to":[10.182549,8.352014,8.164271],"rotation":{"angle":-22.5,"axis":"x","origin":[9.325406,7.3520136,7.1642714]},"faces":{"east":{"uv":[12.75,11.375,13.125,11.625],"rotation":0,"texture":"#0","tintindex":0},"south":{"uv":[11.625,12.75,12.0,13.0],"rotation":0,"texture":"#0","tintindex":0},"north":{"uv":[11.25,12.75,11.625,13.0],"rotation":0,"texture":"#0","tintindex":0},"west":{"uv":[12.75,11.875,13.125,12.125],"rotation":0,"texture":"#0","tintindex":0},"up":{"uv":[1.5,11.875,1.125,11.5],"rotation":0,"texture":"#0","tintindex":0},"down":{"uv":[11.875,1.125,11.5,1.5],"rotation":0,"texture":"#0","tintindex":0}}},{"from":[7.182549,6.780585,6.0214143],"to":[8.896835,7.923442,7.7357],"rotation":{"angle":22.5,"axis":"z","origin":[7.6111207,7.3520136,7.1642714]},"faces":{"east":{"uv":[12.375,12.75,12.75,13.0],"rotation":0,"texture":"#0","tintindex":0},"south":{"uv":[12.75,12.375,13.125,12.625],"rotation":0,"texture":"#0","tintindex":0},"north":{"uv":[12.0,12.75,12.375,13.0],"rotation":0,"texture":"#0","tintindex":0},"west":{"uv":[12.75,12.625,13.125,12.875],"rotation":0,"texture":"#0","tintindex":0},"up":{"uv":[1.875,11.875,1.5,11.5],"rotation":0,"texture":"#0","tintindex":0},"down":{"uv":[11.875,1.5,11.5,1.875],"rotation":0,"texture":"#0","tintindex":0}}},{"from":[5.4682636,6.780585,7.7357],"to":[7.182549,7.923442,9.4499855],"rotation":{"angle":22.5,"axis":"z","origin":[5.896835,7.3520136,8.878557]},"faces":{"east":{"uv":[12.875,0.0,13.25,0.25],"rotation":0,"texture":"#0","tintindex":0},"south":{"uv":[12.875,0.25,13.25,0.5],"rotation":0,"texture":"#0","tintindex":0},"north":{"uv":[0.0,12.875,0.375,13.125],"rotation":0,"texture":"#0","tintindex":0},"west":{"uv":[0.375,12.875,0.75,13.125],"rotation":0,"texture":"#0","tintindex":0},"up":{"uv":[11.875,2.25,11.5,1.875],"rotation":0,"texture":"#0","tintindex":0},"down":{"uv":[11.875,2.25,11.5,2.625],"rotation":0,"texture":"#0","tintindex":0}}},{"from":[8.896835,6.780585,4.3071284],"to":[10.611121,7.923442,6.0214143],"rotation":{"angle":22.5,"axis":"z","origin":[9.325406,7.3520136,5.4499855]},"faces":{"east":{"uv":[0.75,12.875,1.125,13.125],"rotation":0,"texture":"#0","tintindex":0},"south":{"uv":[12.875,0.75,13.25,1.0],"rotation":0,"texture":"#0","tintindex":0},"north":{"uv":[12.875,0.5,13.25,0.75],"rotation":0,"texture":"#0","tintindex":0},"west":{"uv":[1.125,12.875,1.5,13.125],"rotation":0,"texture":"#0","tintindex":0},"up":{"uv":[11.875,3.375,11.5,3.0],"rotation":0,"texture":"#0","tintindex":0},"down":{"uv":[11.875,3.375,11.5,3.75],"rotation":0,"texture":"#0","tintindex":0}}},{"from":[6.753978,6.780585,4.592843],"to":[8.468264,7.923442,6.3071284],"rotation":{"angle":0.0,"axis":"y","origin":[7.896835,-3.5051298,8.021415]},"faces":{"east":{"uv":[12.875,2.75,13.25,3.0],"rotation":0,"texture":"#0","tintindex":0},"south":{"uv":[12.875,3.0,13.25,3.25],"rotation":0,"texture":"#0","tintindex":0},"north":{"uv":[1.5,12.875,1.875,13.125],"rotation":0,"texture":"#0","tintindex":0},"west":{"uv":[12.875,3.25,13.25,3.5],"rotation":0,"texture":"#0","tintindex":0},"up":{"uv":[11.875,4.125,11.5,3.75],"rotation":0,"texture":"#0","tintindex":0},"down":{"uv":[11.875,4.125,11.5,4.5],"rotation":0,"texture":"#0","tintindex":0}}},{"from":[3.325406,9.066299,4.7356997],"to":[5.039692,10.209156,6.4499855],"rotation":{"angle":22.5,"axis":"y","origin":[4.1825495,8.494871,5.592843]},"faces":{"east":{"uv":[3.75,12.875,4.125,13.125],"rotation":0,"texture":"#0","tintindex":0},"south":{"uv":[12.875,3.75,13.25,4.0],"rotation":0,"texture":"#0","tintindex":0},"north":{"uv":[12.875,3.5,13.25,3.75],"rotation":0,"texture":"#0","tintindex":0},"west":{"uv":[12.875,4.0,13.25,4.25],"rotation":0,"texture":"#0","tintindex":0},"up":{"uv":[11.875,4.875,11.5,4.5],"rotation":0,"texture":"#0","tintindex":0},"down":{"uv":[5.25,11.5,4.875,11.875],"rotation":0,"texture":"#0","tintindex":0}}},{"from":[3.4682636,9.066299,7.0214143],"to":[5.1825495,10.209156,8.7357],"rotation":{"angle":-22.5,"axis":"z","origin":[4.1825495,9.637728,7.878557]},"faces":{"east":{"uv":[4.875,12.875,5.25,13.125],"rotation":0,"texture":"#0","tintindex":0},"south":{"uv":[5.25,12.875,5.625,13.125],"rotation":0,"texture":"#0","tintindex":0},"north":{"uv":[4.125,12.875,4.5,13.125],"rotation":0,"texture":"#0","tintindex":0},"west":{"uv":[12.875,5.75,13.25,6.0],"rotation":0,"texture":"#0","tintindex":0},"up":{"uv":[11.875,5.25,11.5,4.875],"rotation":0,"texture":"#0","tintindex":0},"down":{"uv":[5.625,11.5,5.25,11.875],"rotation":0,"texture":"#0","tintindex":0}}},{"from":[5.039692,6.780585,6.3071284],"to":[6.753978,7.923442,8.021415],"rotation":{"angle":0.0,"axis":"y","origin":[7.896835,-3.5051298,8.021415]},"faces":{"east":{"uv":[12.875,6.0,13.25,6.25],"rotation":0,"texture":"#0","tintindex":0},"south":{"uv":[12.875,6.25,13.25,6.5],"rotation":0,"texture":"#0","tintindex":0},"north":{"uv":[6.0,12.875,6.375,13.125],"rotation":0,"texture":"#0","tintindex":0},"west":{"uv":[6.375,12.875,6.75,13.125],"rotation":0,"texture":"#0","tintindex":0},"up":{"uv":[11.875,5.625,11.5,5.25],"rotation":0,"texture":"#0","tintindex":0},"down":{"uv":[6.0,11.5,5.625,11.875],"rotation":0,"texture":"#0","tintindex":0}}}],"display":{"head":{"translation":[0.0,-6.4,0.0],"scale":[4.0,4.0,4.0]}}}