{"textures":{"0":"modelengine:entity/jackpot_mc"},"elements":[{"from":[7.142857,7.428571,7.142857],"to":[8.857143,8.571428,8.857143],"rotation":{"angle":0.0,"axis":"y","origin":[9.714286,6.285714,6.142857]},"faces":{"east":{"uv":[11.875,1.75,12.25,2.0],"rotation":0,"texture":"#0","tintindex":0},"south":{"uv":[11.875,2.0,12.25,2.25],"rotation":0,"texture":"#0","tintindex":0},"north":{"uv":[11.875,1.5,12.25,1.75],"rotation":0,"texture":"#0","tintindex":0},"west":{"uv":[11.875,2.25,12.25,2.5],"rotation":0,"texture":"#0","tintindex":0},"up":{"uv":[0.375,11.125,0.0,10.75],"rotation":0,"texture":"#0","tintindex":0},"down":{"uv":[0.75,10.75,0.375,11.125],"rotation":0,"texture":"#0","tintindex":0}}}],"display":{"head":{"translation":[0.0,-6.4,0.0],"scale":[4.0,4.0,4.0]}}}