{"textures":{"0":"modelengine:entity/jackpot_mc"},"elements":[{"from":[7.142857,7.428571,7.142857],"to":[8.857143,8.571428,8.857143],"rotation":{"angle":0.0,"axis":"y","origin":[9.714286,6.285714,6.142857]},"faces":{"east":{"uv":[1.875,11.75,2.25,12.0],"rotation":0,"texture":"#0","tintindex":0},"south":{"uv":[2.25,11.75,2.625,12.0],"rotation":0,"texture":"#0","tintindex":0},"north":{"uv":[11.75,0.75,12.125,1.0],"rotation":0,"texture":"#0","tintindex":0},"west":{"uv":[2.625,11.75,3.0,12.0],"rotation":0,"texture":"#0","tintindex":0},"up":{"uv":[9.0,10.875,8.625,10.5],"rotation":0,"texture":"#0","tintindex":0},"down":{"uv":[9.375,10.5,9.0,10.875],"rotation":0,"texture":"#0","tintindex":0}}}],"display":{"head":{"translation":[0.0,-6.4,0.0],"scale":[4.0,4.0,4.0]}}}