{"textures":{"0":"modelengine:entity/goblin"},"elements":[{"from":[7.142857,6.155222,6.941743],"to":[8.857143,8.440936,8.656029],"rotation":{"angle":0.0,"axis":"y","origin":[6.5714283,7.869508,6.941743]},"faces":{"east":{"uv":[6.5,10.5,7.25,11.5],"rotation":0,"texture":"#0","tintindex":0},"south":{"uv":[7.25,10.5,8.0,11.5],"rotation":0,"texture":"#0","tintindex":0},"north":{"uv":[5.75,10.5,6.5,11.5],"rotation":0,"texture":"#0","tintindex":0},"west":{"uv":[10.5,0.0,11.25,1.0],"rotation":0,"texture":"#0","tintindex":0},"up":{"uv":[2.75,4.75,2.0,4.0],"rotation":0,"texture":"#0","tintindex":0},"down":{"uv":[5.0,8.75,4.25,9.5],"rotation":0,"texture":"#0","tintindex":0}}},{"from":[7.0,3.6719856,6.934754],"to":[9.0,5.9577,8.934754],"rotation":{"angle":-22.5,"axis":"x","origin":[6.5714283,5.714286,6.285714]},"faces":{"east":{"uv":[9.0,2.25,10.0,3.25],"rotation":0,"texture":"#0","tintindex":0},"south":{"uv":[8.0,9.25,9.0,10.25],"rotation":0,"texture":"#0","tintindex":0},"north":{"uv":[9.0,1.25,10.0,2.25],"rotation":0,"texture":"#0","tintindex":0},"west":{"uv":[9.0,9.25,10.0,10.25],"rotation":0,"texture":"#0","tintindex":0},"up":{"uv":[3.75,10.5,2.75,9.5],"rotation":0,"texture":"#0","tintindex":0},"down":{"uv":[4.75,9.5,3.75,10.5],"rotation":0,"texture":"#0","tintindex":0}}},{"from":[7.0,3.6719856,6.363325],"to":[9.0,4.8148427,6.934754],"rotation":{"angle":-22.5,"axis":"x","origin":[6.5714283,5.714286,6.285714]},"faces":{"east":{"uv":[11.0,4.5,11.25,5.0],"rotation":0,"texture":"#0","tintindex":0},"south":{"uv":[5.75,11.5,6.75,12.0],"rotation":0,"texture":"#0","tintindex":0},"north":{"uv":[4.75,11.5,5.75,12.0],"rotation":0,"texture":"#0","tintindex":0},"west":{"uv":[6.25,12.0,6.5,12.5],"rotation":0,"texture":"#0","tintindex":0},"up":{"uv":[11.0,10.0,10.0,9.75],"rotation":0,"texture":"#0","tintindex":0},"down":{"uv":[12.5,1.75,11.5,2.0],"rotation":0,"texture":"#0","tintindex":0}}}],"display":{"head":{"translation":[0.0,-6.4,0.0],"scale":[4.0,4.0,4.0]}}}