{"textures":{"0":"modelengine:entity/nautilus"},"elements":[{"from":[7.142857,8.0,5.142857],"to":[8.857143,8.0,8.0],"rotation":{"angle":0.0,"axis":"y","origin":[8.0,8.0,6.5714283]},"faces":{"east":{"uv":[0.0,0.0,1.25,0.0],"rotation":0,"texture":"#0","tintindex":0},"south":{"uv":[0.0,0.0,0.75,0.0],"rotation":0,"texture":"#0","tintindex":0},"north":{"uv":[0.0,0.0,0.75,0.0],"rotation":0,"texture":"#0","tintindex":0},"west":{"uv":[0.0,0.0,1.25,0.0],"rotation":0,"texture":"#0","tintindex":0},"up":{"uv":[3.75,11.5,3.0,10.25],"rotation":0,"texture":"#0","tintindex":0},"down":{"uv":[3.75,10.25,3.0,11.5],"rotation":0,"texture":"#0","tintindex":0}}}],"display":{"head":{"translation":[0.0,-6.4,0.0],"scale":[4.0,4.0,4.0]}}}