{"textures":{"0":"modelengine:entity/elf"},"elements":[{"from":[7.542857,3.371428,7.3142858],"to":[8.914286,8.0,8.685715],"rotation":{"angle":0.0,"axis":"y","origin":[7.714286,7.8285713,8.0]},"faces":{"east":{"uv":[1.0,5.25,1.5,7.0],"rotation":0,"texture":"#0","tintindex":0},"south":{"uv":[5.25,1.75,5.75,3.5],"rotation":0,"texture":"#0","tintindex":0},"north":{"uv":[0.5,5.25,1.0,7.0],"rotation":0,"texture":"#0","tintindex":0},"west":{"uv":[3.0,5.5,3.5,7.25],"rotation":0,"texture":"#0","tintindex":0},"up":{"uv":[8.5,3.5,8.0,3.0],"rotation":0,"texture":"#0","tintindex":0},"down":{"uv":[4.5,8.0,4.0,8.5],"rotation":0,"texture":"#0","tintindex":0}}}],"display":{"head":{"translation":[0.0,-6.4,0.0],"scale":[4.0,4.0,4.0]}}}