{"textures":{"0":"modelengine:entity/elf"},"elements":[{"from":[6.342857,9.3714285,6.6285715],"to":[9.771429,13.485715,8.0],"rotation":{"angle":0.0,"axis":"y","origin":[8.057143,12.114286,7.3142858]},"faces":{"east":{"uv":[5.5,4.5,6.0,6.0],"rotation":0,"texture":"#0","tintindex":0},"south":{"uv":[2.5,1.5,3.75,3.0],"rotation":0,"texture":"#0","tintindex":0},"north":{"uv":[2.5,0.0,3.75,1.5],"rotation":0,"texture":"#0","tintindex":0},"west":{"uv":[5.75,0.0,6.25,1.5],"rotation":0,"texture":"#0","tintindex":0},"up":{"uv":[7.25,6.0,6.0,5.5],"rotation":0,"texture":"#0","tintindex":0},"down":{"uv":[7.5,0.0,6.25,0.5],"rotation":0,"texture":"#0","tintindex":0}}},{"from":[7.3714285,9.3714285,6.457143],"to":[8.742857,9.714286,6.6285715],"rotation":{"angle":0.0,"axis":"y","origin":[8.057143,12.114286,7.3142858]},"faces":{"east":{"uv":[3.25,1.375,3.375,1.5],"rotation":0,"texture":"#0","tintindex":0},"south":{"uv":[2.5,1.5,3.75,3.0],"rotation":0,"texture":"#missing","tintindex":0},"north":{"uv":[2.875,1.125,3.375,1.25],"rotation":0,"texture":"#0","tintindex":0},"west":{"uv":[3.25,1.375,3.375,1.5],"rotation":0,"texture":"#0","tintindex":0},"up":{"uv":[3.375,1.375,2.875,1.5],"rotation":0,"texture":"#0","tintindex":0},"down":{"uv":[3.375,1.375,2.875,1.5],"rotation":0,"texture":"#0","tintindex":0}}},{"from":[8.4,9.714286,6.457143],"to":[8.742857,10.057143,6.6285715],"rotation":{"angle":0.0,"axis":"y","origin":[8.057143,12.114286,7.3142858]},"faces":{"east":{"uv":[3.25,1.375,3.375,1.5],"rotation":0,"texture":"#0","tintindex":0},"south":{"uv":[2.5,1.5,3.75,3.0],"rotation":0,"texture":"#missing","tintindex":0},"north":{"uv":[2.875,1.25,3.0,1.375],"rotation":0,"texture":"#0","tintindex":0},"west":{"uv":[3.25,1.375,3.375,1.5],"rotation":0,"texture":"#0","tintindex":0},"up":{"uv":[7.25,6.0,6.0,5.5],"rotation":0,"texture":"#missing","tintindex":0},"down":{"uv":[7.5,0.0,6.25,0.5],"rotation":0,"texture":"#missing","tintindex":0}}},{"from":[7.3714285,10.057143,6.457143],"to":[8.742857,10.4,6.6285715],"rotation":{"angle":0.0,"axis":"y","origin":[8.057143,12.114286,7.3142858]},"faces":{"east":{"uv":[3.25,1.375,3.375,1.5],"rotation":0,"texture":"#0","tintindex":0},"south":{"uv":[2.5,1.5,3.75,3.0],"rotation":0,"texture":"#missing","tintindex":0},"north":{"uv":[2.875,1.125,3.375,1.25],"rotation":0,"texture":"#0","tintindex":0},"west":{"uv":[3.25,1.375,3.375,1.5],"rotation":0,"texture":"#0","tintindex":0},"up":{"uv":[3.375,1.25,2.875,1.125],"rotation":0,"texture":"#0","tintindex":0},"down":{"uv":[3.375,1.375,2.875,1.5],"rotation":0,"texture":"#0","tintindex":0}}},{"from":[7.3714285,9.714286,6.457143],"to":[7.714286,10.057143,6.6285715],"rotation":{"angle":0.0,"axis":"y","origin":[8.057143,12.114286,7.3142858]},"faces":{"east":{"uv":[3.25,1.375,3.375,1.5],"rotation":0,"texture":"#0","tintindex":0},"south":{"uv":[2.5,1.5,3.75,3.0],"rotation":0,"texture":"#missing","tintindex":0},"north":{"uv":[2.875,1.25,3.0,1.375],"rotation":0,"texture":"#0","tintindex":0},"west":{"uv":[3.25,1.25,3.375,1.375],"rotation":0,"texture":"#0","tintindex":0},"up":{"uv":[7.25,6.0,6.0,5.5],"rotation":0,"texture":"#missing","tintindex":0},"down":{"uv":[7.5,0.0,6.25,0.5],"rotation":0,"texture":"#missing","tintindex":0}}},{"from":[6.342857,8.0,6.6285715],"to":[9.771429,9.3714285,8.0],"rotation":{"angle":0.0,"axis":"y","origin":[8.057143,12.114286,7.3142858]},"faces":{"east":{"uv":[7.5,7.75,8.0,8.25],"rotation":0,"texture":"#0","tintindex":0},"south":{"uv":[6.0,4.5,7.25,5.0],"rotation":0,"texture":"#0","tintindex":0},"north":{"uv":[1.5,6.0,2.75,6.5],"rotation":0,"texture":"#0","tintindex":0},"west":{"uv":[8.0,2.0,8.5,2.5],"rotation":0,"texture":"#0","tintindex":0},"up":{"uv":[7.25,5.5,6.0,5.0],"rotation":0,"texture":"#0","tintindex":0},"down":{"uv":[6.75,6.0,5.5,6.5],"rotation":0,"texture":"#0","tintindex":0}}}],"display":{"head":{"translation":[0.0,-6.4,0.0],"scale":[4.0,4.0,4.0]}}}