{"textures":{"0":"modelengine:entity/elf"},"elements":[{"from":[7.714286,7.770148,6.048784],"to":[8.285714,8.341577,10.048784],"rotation":{"angle":0.0,"axis":"y","origin":[8.0,8.055862,8.048784]},"faces":{"east":{"uv":[9.0,0.0,10.75,0.25],"rotation":0,"texture":"#0","tintindex":0},"south":{"uv":[0.75,7.5,1.0,7.75],"rotation":0,"texture":"#0","tintindex":0},"north":{"uv":[1.25,6.5,1.5,6.75],"rotation":0,"texture":"#0","tintindex":0},"west":{"uv":[9.0,0.5,10.75,0.75],"rotation":0,"texture":"#0","tintindex":0},"up":{"uv":[0.25,10.75,0.0,9.0],"rotation":0,"texture":"#0","tintindex":0},"down":{"uv":[3.5,9.25,3.25,11.0],"rotation":0,"texture":"#0","tintindex":0}}},{"from":[7.7285714,7.132879,5.808359],"to":[8.271429,8.275736,6.3797874],"rotation":{"angle":22.5,"axis":"x","origin":[8.0,7.7043076,6.0940733]},"faces":{"east":{"uv":[7.75,4.0,8.0,4.5],"rotation":0,"texture":"#0","tintindex":0},"south":{"uv":[2.75,9.5,3.0,10.0],"rotation":0,"texture":"#0","tintindex":0},"north":{"uv":[1.25,5.75,1.5,6.25],"rotation":0,"texture":"#0","tintindex":0},"west":{"uv":[8.25,10.0,8.5,10.5],"rotation":0,"texture":"#0","tintindex":0},"up":{"uv":[5.25,8.0,5.0,7.75],"rotation":0,"texture":"#0","tintindex":0},"down":{"uv":[2.5,8.0,2.25,8.25],"rotation":0,"texture":"#0","tintindex":0}}},{"from":[7.714286,6.2956924,5.808359],"to":[8.285714,7.43855,6.3797874],"rotation":{"angle":-22.5,"axis":"x","origin":[8.0,6.867121,6.0940733]},"faces":{"east":{"uv":[3.75,10.25,4.0,10.75],"rotation":0,"texture":"#0","tintindex":0},"south":{"uv":[8.75,10.25,9.0,10.75],"rotation":0,"texture":"#0","tintindex":0},"north":{"uv":[2.75,10.25,3.0,10.75],"rotation":0,"texture":"#0","tintindex":0},"west":{"uv":[9.25,10.25,9.5,10.75],"rotation":0,"texture":"#0","tintindex":0},"up":{"uv":[4.75,9.5,4.5,9.25],"rotation":0,"texture":"#0","tintindex":0},"down":{"uv":[10.5,2.5,10.25,2.75],"rotation":0,"texture":"#0","tintindex":0}}},{"from":[7.7285714,6.2298517,6.048784],"to":[8.271429,6.8012805,7.191641],"rotation":{"angle":0.0,"axis":"y","origin":[8.0,6.5155663,6.6202126]},"faces":{"east":{"uv":[5.5,4.75,6.0,5.0],"rotation":0,"texture":"#0","tintindex":0},"south":{"uv":[2.0,10.5,2.25,10.75],"rotation":0,"texture":"#0","tintindex":0},"north":{"uv":[1.5,10.5,1.75,10.75],"rotation":0,"texture":"#0","tintindex":0},"west":{"uv":[5.5,6.75,6.0,7.0],"rotation":0,"texture":"#0","tintindex":0},"up":{"uv":[0.75,11.0,0.5,10.5],"rotation":0,"texture":"#0","tintindex":0},"down":{"uv":[1.25,10.5,1.0,11.0],"rotation":0,"texture":"#0","tintindex":0}}}],"display":{"head":{"translation":[0.0,-6.4,0.0],"scale":[4.0,4.0,4.0]}}}