{"textures":{"0":"modelengine:entity/elf"},"elements":[{"from":[7.2,5.2571425,6.6285715],"to":[8.571428,5.942857,8.685715],"rotation":{"angle":0.0,"axis":"y","origin":[7.885714,8.0,8.0]},"faces":{"east":{"uv":[8.0,5.5,8.75,5.75],"rotation":0,"texture":"#0","tintindex":0},"south":{"uv":[8.75,3.75,9.25,4.0],"rotation":0,"texture":"#0","tintindex":0},"north":{"uv":[8.75,3.5,9.25,3.75],"rotation":0,"texture":"#0","tintindex":0},"west":{"uv":[8.0,5.75,8.75,6.0],"rotation":0,"texture":"#0","tintindex":0},"up":{"uv":[6.0,7.75,5.5,7.0],"rotation":0,"texture":"#0","tintindex":0},"down":{"uv":[6.5,7.0,6.0,7.75],"rotation":0,"texture":"#0","tintindex":0}}},{"from":[7.542857,5.942857,6.6285715],"to":[8.228572,6.457143,7.142857],"rotation":{"angle":0.0,"axis":"y","origin":[7.885714,8.0,8.0]},"faces":{"east":{"uv":[4.0,7.0,4.25,7.25],"rotation":0,"texture":"#0","tintindex":0},"south":{"uv":[9.0,1.75,9.25,2.0],"rotation":0,"texture":"#0","tintindex":0},"north":{"uv":[2.25,4.0,2.5,4.25],"rotation":0,"texture":"#0","tintindex":0},"west":{"uv":[4.5,9.0,4.75,9.25],"rotation":0,"texture":"#0","tintindex":0},"up":{"uv":[9.25,4.75,9.0,4.5],"rotation":0,"texture":"#0","tintindex":0},"down":{"uv":[5.0,9.0,4.75,9.25],"rotation":0,"texture":"#0","tintindex":0}}},{"from":[7.2,5.942857,7.3142858],"to":[8.571428,8.0,8.685715],"rotation":{"angle":0.0,"axis":"y","origin":[7.885714,8.0,8.0]},"faces":{"east":{"uv":[7.25,4.5,7.75,5.25],"rotation":0,"texture":"#0","tintindex":0},"south":{"uv":[5.0,7.25,5.5,8.0],"rotation":0,"texture":"#0","tintindex":0},"north":{"uv":[4.5,7.25,5.0,8.0],"rotation":0,"texture":"#0","tintindex":0},"west":{"uv":[7.25,5.25,7.75,6.0],"rotation":0,"texture":"#0","tintindex":0},"up":{"uv":[7.0,8.25,6.5,7.75],"rotation":0,"texture":"#0","tintindex":0},"down":{"uv":[7.5,7.75,7.0,8.25],"rotation":0,"texture":"#0","tintindex":0}}}],"display":{"head":{"translation":[0.0,-6.4,0.0],"scale":[4.0,4.0,4.0]}}}