{"textures":{"0":"modelengine:entity/chest"},"elements":[{"from":[12.857143,8.0,2.8571424],"to":[15.714286,9.142858,5.142857],"rotation":{"angle":0.0,"axis":"y","origin":[8.0,8.0,8.0]},"faces":{"east":{"uv":[14.0,2.5,14.5,2.75],"rotation":0,"texture":"#0","tintindex":0},"south":{"uv":[13.875,4.125,14.5,4.375],"rotation":0,"texture":"#0","tintindex":0},"north":{"uv":[13.875,2.125,14.5,2.375],"rotation":0,"texture":"#0","tintindex":0},"west":{"uv":[14.0,10.375,14.5,10.625],"rotation":0,"texture":"#0","tintindex":0},"up":{"uv":[0.625,12.625,0.0,12.125],"rotation":0,"texture":"#0","tintindex":0},"down":{"uv":[1.375,12.125,0.75,12.625],"rotation":0,"texture":"#0","tintindex":0}}},{"from":[3.142857,8.0,3.142857],"to":[12.857143,9.142858,10.571428],"rotation":{"angle":0.0,"axis":"y","origin":[8.0,8.0,8.0]},"faces":{"east":{"uv":[10.0,9.375,11.625,9.625],"rotation":0,"texture":"#0","tintindex":0},"south":{"uv":[2.25,9.875,4.375,10.125],"rotation":0,"texture":"#0","tintindex":0},"north":{"uv":[5.25,8.5,7.375,8.75],"rotation":0,"texture":"#0","tintindex":0},"west":{"uv":[6.25,10.125,7.875,10.375],"rotation":0,"texture":"#0","tintindex":0},"up":{"uv":[2.125,1.625,0.0,0.0],"rotation":0,"texture":"#0","tintindex":0},"down":{"uv":[2.125,1.75,0.0,3.375],"rotation":0,"texture":"#0","tintindex":0}}},{"from":[2.5714283,9.142858,3.4285712],"to":[13.428572,12.571428,5.142857],"rotation":{"angle":0.0,"axis":"y","origin":[8.0,8.0,8.0]},"faces":{"east":{"uv":[6.5,12.125,6.875,12.875],"rotation":0,"texture":"#0","tintindex":0},"south":{"uv":[2.5,5.625,4.875,6.375],"rotation":0,"texture":"#0","tintindex":0},"north":{"uv":[0.0,5.625,2.375,6.375],"rotation":0,"texture":"#0","tintindex":0},"west":{"uv":[7.0,12.125,7.375,12.875],"rotation":0,"texture":"#0","tintindex":0},"up":{"uv":[11.25,6.625,8.875,6.25],"rotation":0,"texture":"#0","tintindex":0},"down":{"uv":[11.25,6.75,8.875,7.125],"rotation":0,"texture":"#0","tintindex":0}}},{"from":[2.5714283,9.142858,3.0857139],"to":[13.428572,13.714286,3.142857],"rotation":{"angle":0.0,"axis":"y","origin":[8.0,8.0,8.0]},"faces":{"east":{"uv":[8.875,14.125,9.0,15.125],"rotation":0,"texture":"#0","tintindex":0},"south":{"uv":[2.5,4.5,4.875,5.5],"rotation":0,"texture":"#0","tintindex":0},"north":{"uv":[0.0,4.5,2.375,5.5],"rotation":0,"texture":"#0","tintindex":0},"west":{"uv":[9.125,14.125,9.25,15.125],"rotation":0,"texture":"#0","tintindex":0},"up":{"uv":[14.625,1.125,12.25,1.0],"rotation":0,"texture":"#0","tintindex":0},"down":{"uv":[14.625,1.25,12.25,1.375],"rotation":0,"texture":"#0","tintindex":0}}},{"from":[2.5714283,9.142858,10.571428],"to":[13.428572,13.714286,10.6285715],"rotation":{"angle":0.0,"axis":"y","origin":[8.0,8.0,5.714286]},"faces":{"east":{"uv":[9.375,14.125,9.5,15.125],"rotation":0,"texture":"#0","tintindex":0},"south":{"uv":[4.75,1.125,7.125,2.125],"rotation":0,"texture":"#0","tintindex":0},"north":{"uv":[4.75,0.0,7.125,1.0],"rotation":0,"texture":"#0","tintindex":0},"west":{"uv":[9.625,14.125,9.75,15.125],"rotation":0,"texture":"#0","tintindex":0},"up":{"uv":[14.625,8.875,12.25,8.75],"rotation":0,"texture":"#0","tintindex":0},"down":{"uv":[14.625,9.0,12.25,9.125],"rotation":0,"texture":"#0","tintindex":0}}},{"from":[1.9999995,12.571428,4.0],"to":[14.0,14.285715,4.0571427],"rotation":{"angle":0.0,"axis":"y","origin":[8.0,8.0,8.0]},"faces":{"east":{"uv":[5.5,14.875,5.625,15.25],"rotation":0,"texture":"#0","tintindex":0},"south":{"uv":[7.5,5.25,10.125,5.625],"rotation":0,"texture":"#0","tintindex":0},"north":{"uv":[5.0,7.5,7.625,7.875],"rotation":0,"texture":"#0","tintindex":0},"west":{"uv":[5.75,14.875,5.875,15.25],"rotation":0,"texture":"#0","tintindex":0},"up":{"uv":[13.625,7.875,11.0,7.75],"rotation":0,"texture":"#0","tintindex":0},"down":{"uv":[13.75,3.125,11.125,3.25],"rotation":0,"texture":"#0","tintindex":0}}},{"from":[2.5714283,9.142858,5.142857],"to":[13.428572,12.0,8.571428],"rotation":{"angle":0.0,"axis":"y","origin":[8.0,8.0,8.0]},"faces":{"east":{"uv":[4.5,10.125,5.25,10.75],"rotation":0,"texture":"#0","tintindex":0},"south":{"uv":[7.25,0.75,9.625,1.375],"rotation":0,"texture":"#0","tintindex":0},"north":{"uv":[7.25,0.0,9.625,0.625],"rotation":0,"texture":"#0","tintindex":0},"west":{"uv":[5.375,10.125,6.125,10.75],"rotation":0,"texture":"#0","tintindex":0},"up":{"uv":[7.375,6.5,5.0,5.75],"rotation":0,"texture":"#0","tintindex":0},"down":{"uv":[2.375,6.5,0.0,7.25],"rotation":0,"texture":"#0","tintindex":0}}},{"from":[1.4285712,9.142858,4.0],"to":[2.5714283,12.571428,9.714286],"rotation":{"angle":0.0,"axis":"y","origin":[8.0,8.0,8.0]},"faces":{"east":{"uv":[7.5,5.75,8.75,6.5],"rotation":0,"texture":"#0","tintindex":0},"south":{"uv":[13.0,13.5,13.25,14.25],"rotation":0,"texture":"#0","tintindex":0},"north":{"uv":[13.5,5.375,13.75,6.125],"rotation":0,"texture":"#0","tintindex":0},"west":{"uv":[7.5,6.625,8.75,7.375],"rotation":0,"texture":"#0","tintindex":0},"up":{"uv":[11.125,13.25,10.875,12.0],"rotation":0,"texture":"#0","tintindex":0},"down":{"uv":[1.75,12.125,1.5,13.375],"rotation":0,"texture":"#0","tintindex":0}}},{"from":[13.428572,9.142858,4.0],"to":[14.571428,12.571428,9.714286],"rotation":{"angle":0.0,"axis":"y","origin":[8.0,8.0,8.0]},"faces":{"east":{"uv":[7.75,7.5,9.0,8.25],"rotation":0,"texture":"#0","tintindex":0},"south":{"uv":[0.0,13.625,0.25,14.375],"rotation":0,"texture":"#0","tintindex":0},"north":{"uv":[13.375,13.5,13.625,14.25],"rotation":0,"texture":"#0","tintindex":0},"west":{"uv":[1.375,8.0,2.625,8.75],"rotation":0,"texture":"#0","tintindex":0},"up":{"uv":[2.125,13.375,1.875,12.125],"rotation":0,"texture":"#0","tintindex":0},"down":{"uv":[2.5,12.125,2.25,13.375],"rotation":0,"texture":"#0","tintindex":0}}},{"from":[2.5714283,9.142858,8.571428],"to":[13.428572,12.571428,10.285714],"rotation":{"angle":0.0,"axis":"y","origin":[8.0,8.0,5.714286]},"faces":{"east":{"uv":[12.25,9.625,12.625,10.375],"rotation":0,"texture":"#0","tintindex":0},"south":{"uv":[5.0,6.625,7.375,7.375],"rotation":0,"texture":"#0","tintindex":0},"north":{"uv":[2.5,6.5,4.875,7.25],"rotation":0,"texture":"#0","tintindex":0},"west":{"uv":[12.25,10.5,12.625,11.25],"rotation":0,"texture":"#0","tintindex":0},"up":{"uv":[10.125,9.25,7.75,8.875],"rotation":0,"texture":"#0","tintindex":0},"down":{"uv":[4.875,9.0,2.5,9.375],"rotation":0,"texture":"#0","tintindex":0}}},{"from":[12.857143,8.0,5.142857],"to":[15.142858,9.142858,8.571428],"rotation":{"angle":0.0,"axis":"y","origin":[8.0,8.0,8.0]},"faces":{"east":{"uv":[13.0,2.125,13.75,2.375],"rotation":0,"texture":"#0","tintindex":0},"south":{"uv":[11.75,14.125,12.25,14.375],"rotation":0,"texture":"#0","tintindex":0},"north":{"uv":[14.0,11.5,14.5,11.75],"rotation":0,"texture":"#0","tintindex":0},"west":{"uv":[13.375,7.125,14.125,7.375],"rotation":0,"texture":"#0","tintindex":0},"up":{"uv":[7.0,12.0,6.5,11.25],"rotation":0,"texture":"#0","tintindex":0},"down":{"uv":[7.625,11.25,7.125,12.0],"rotation":0,"texture":"#0","tintindex":0}}},{"from":[0.85714245,8.0,5.142857],"to":[3.142857,9.142858,8.571428],"rotation":{"angle":0.0,"axis":"y","origin":[8.0,8.0,8.0]},"faces":{"east":{"uv":[13.5,6.25,14.25,6.5],"rotation":0,"texture":"#0","tintindex":0},"south":{"uv":[14.25,7.125,14.75,7.375],"rotation":0,"texture":"#0","tintindex":0},"north":{"uv":[5.625,14.25,6.125,14.5],"rotation":0,"texture":"#0","tintindex":0},"west":{"uv":[0.375,13.625,1.125,13.875],"rotation":0,"texture":"#0","tintindex":0},"up":{"uv":[11.75,10.875,11.25,10.125],"rotation":0,"texture":"#0","tintindex":0},"down":{"uv":[11.75,11.0,11.25,11.75],"rotation":0,"texture":"#0","tintindex":0}}},{"from":[0.5714283,11.482201,1.8493624],"to":[2.8571424,12.625057,4.1350765],"rotation":{"angle":0.0,"axis":"y","origin":[1.7142854,10.2822,4.4207907]},"faces":{"east":{"uv":[1.375,14.375,1.875,14.625],"rotation":0,"texture":"#0","tintindex":0},"south":{"uv":[14.375,1.5,14.875,1.75],"rotation":0,"texture":"#0","tintindex":0},"north":{"uv":[13.75,14.25,14.25,14.5],"rotation":0,"texture":"#0","tintindex":0},"west":{"uv":[2.0,14.375,2.5,14.625],"rotation":0,"texture":"#0","tintindex":0},"up":{"uv":[5.25,13.5,4.75,13.0],"rotation":0,"texture":"#0","tintindex":0},"down":{"uv":[5.875,13.0,5.375,13.5],"rotation":0,"texture":"#0","tintindex":0}}},{"from":[0.85714245,8.685715,2.8571424],"to":[2.5714283,12.114286,4.5714283],"rotation":{"angle":-22.5,"axis":"x","origin":[1.7142854,9.714286,4.0]},"faces":{"east":{"uv":[12.375,3.375,12.75,4.125],"rotation":0,"texture":"#0","tintindex":0},"south":{"uv":[6.0,12.375,6.375,13.125],"rotation":0,"texture":"#0","tintindex":0},"north":{"uv":[12.0,12.25,12.375,13.0],"rotation":0,"texture":"#0","tintindex":0},"west":{"uv":[8.125,12.375,8.5,13.125],"rotation":0,"texture":"#0","tintindex":0},"up":{"uv":[4.0,14.375,3.625,14.0],"rotation":0,"texture":"#0","tintindex":0},"down":{"uv":[14.375,3.625,14.0,4.0],"rotation":0,"texture":"#0","tintindex":0}}},{"from":[13.428572,8.685715,2.8571424],"to":[15.142858,12.114286,4.5714283],"rotation":{"angle":-22.5,"axis":"x","origin":[14.285715,9.714286,4.0]},"faces":{"east":{"uv":[9.125,12.375,9.5,13.125],"rotation":0,"texture":"#0","tintindex":0},"south":{"uv":[9.625,12.375,10.0,13.125],"rotation":0,"texture":"#0","tintindex":0},"north":{"uv":[8.625,12.375,9.0,13.125],"rotation":0,"texture":"#0","tintindex":0},"west":{"uv":[10.125,12.375,10.5,13.125],"rotation":0,"texture":"#0","tintindex":0},"up":{"uv":[4.5,14.375,4.125,14.0],"rotation":0,"texture":"#0","tintindex":0},"down":{"uv":[5.0,14.0,4.625,14.375],"rotation":0,"texture":"#0","tintindex":0}}},{"from":[13.142858,11.482201,1.8493624],"to":[15.428572,12.625057,4.1350765],"rotation":{"angle":0.0,"axis":"y","origin":[14.285715,10.2822,4.4207907]},"faces":{"east":{"uv":[14.375,8.0,14.875,8.25],"rotation":0,"texture":"#0","tintindex":0},"south":{"uv":[14.375,8.375,14.875,8.625],"rotation":0,"texture":"#0","tintindex":0},"north":{"uv":[14.375,6.125,14.875,6.375],"rotation":0,"texture":"#0","tintindex":0},"west":{"uv":[9.875,14.375,10.375,14.625],"rotation":0,"texture":"#0","tintindex":0},"up":{"uv":[7.0,13.5,6.5,13.0],"rotation":0,"texture":"#0","tintindex":0},"down":{"uv":[7.625,13.0,7.125,13.5],"rotation":0,"texture":"#0","tintindex":0}}},{"from":[0.28571415,8.0,2.8571424],"to":[3.142857,9.142858,5.142857],"rotation":{"angle":0.0,"axis":"y","origin":[8.0,8.0,8.0]},"faces":{"east":{"uv":[10.5,14.375,11.0,14.625],"rotation":0,"texture":"#0","tintindex":0},"south":{"uv":[13.875,5.375,14.5,5.625],"rotation":0,"texture":"#0","tintindex":0},"north":{"uv":[13.875,4.5,14.5,4.75],"rotation":0,"texture":"#0","tintindex":0},"west":{"uv":[11.125,14.375,11.625,14.625],"rotation":0,"texture":"#0","tintindex":0},"up":{"uv":[12.75,3.0,12.125,2.5],"rotation":0,"texture":"#0","tintindex":0},"down":{"uv":[3.25,12.125,2.625,12.625],"rotation":0,"texture":"#0","tintindex":0}}},{"from":[12.857143,8.0,8.571428],"to":[15.714286,9.142858,10.857143],"rotation":{"angle":0.0,"axis":"y","origin":[8.0,8.0,5.714286]},"faces":{"east":{"uv":[14.375,11.875,14.875,12.125],"rotation":0,"texture":"#0","tintindex":0},"south":{"uv":[13.875,5.75,14.5,6.0],"rotation":0,"texture":"#0","tintindex":0},"north":{"uv":[5.625,13.875,6.25,14.125],"rotation":0,"texture":"#0","tintindex":0},"west":{"uv":[14.375,12.25,14.875,12.5],"rotation":0,"texture":"#0","tintindex":0},"up":{"uv":[4.0,12.625,3.375,12.125],"rotation":0,"texture":"#0","tintindex":0},"down":{"uv":[12.75,5.0,12.125,5.5],"rotation":0,"texture":"#0","tintindex":0}}},{"from":[13.428572,8.685715,9.142858],"to":[15.142858,12.114286,10.857143],"rotation":{"angle":22.5,"axis":"x","origin":[14.285715,9.714286,9.714286]},"faces":{"east":{"uv":[0.0,12.75,0.375,13.5],"rotation":0,"texture":"#0","tintindex":0},"south":{"uv":[0.5,12.75,0.875,13.5],"rotation":0,"texture":"#0","tintindex":0},"north":{"uv":[12.5,12.25,12.875,13.0],"rotation":0,"texture":"#0","tintindex":0},"west":{"uv":[1.0,12.75,1.375,13.5],"rotation":0,"texture":"#0","tintindex":0},"up":{"uv":[14.375,5.25,14.0,4.875],"rotation":0,"texture":"#0","tintindex":0},"down":{"uv":[5.5,14.0,5.125,14.375],"rotation":0,"texture":"#0","tintindex":0}}},{"from":[13.142858,11.482201,9.579209],"to":[15.428572,12.625057,11.8649235],"rotation":{"angle":0.0,"axis":"y","origin":[14.285715,10.2822,9.293495]},"faces":{"east":{"uv":[13.0,14.375,13.5,14.625],"rotation":0,"texture":"#0","tintindex":0},"south":{"uv":[14.375,13.0,14.875,13.25],"rotation":0,"texture":"#0","tintindex":0},"north":{"uv":[14.375,12.625,14.875,12.875],"rotation":0,"texture":"#0","tintindex":0},"west":{"uv":[14.375,14.25,14.875,14.5],"rotation":0,"texture":"#0","tintindex":0},"up":{"uv":[13.5,8.5,13.0,8.0],"rotation":0,"texture":"#0","tintindex":0},"down":{"uv":[13.5,12.25,13.0,12.75],"rotation":0,"texture":"#0","tintindex":0}}},{"from":[0.28571415,8.0,8.571428],"to":[3.142857,9.142858,10.857143],"rotation":{"angle":0.0,"axis":"y","origin":[8.0,8.0,5.714286]},"faces":{"east":{"uv":[0.0,14.5,0.5,14.75],"rotation":0,"texture":"#0","tintindex":0},"south":{"uv":[13.75,13.875,14.375,14.125],"rotation":0,"texture":"#0","tintindex":0},"north":{"uv":[13.875,11.125,14.5,11.375],"rotation":0,"texture":"#0","tintindex":0},"west":{"uv":[0.625,14.5,1.125,14.75],"rotation":0,"texture":"#0","tintindex":0},"up":{"uv":[12.75,6.125,12.125,5.625],"rotation":0,"texture":"#0","tintindex":0},"down":{"uv":[12.75,6.25,12.125,6.75],"rotation":0,"texture":"#0","tintindex":0}}},{"from":[0.85714245,8.685715,9.142858],"to":[2.5714283,12.114286,10.857143],"rotation":{"angle":22.5,"axis":"x","origin":[1.7142854,9.714286,9.714286]},"faces":{"east":{"uv":[3.125,12.75,3.5,13.5],"rotation":0,"texture":"#0","tintindex":0},"south":{"uv":[3.625,12.75,4.0,13.5],"rotation":0,"texture":"#0","tintindex":0},"north":{"uv":[2.625,12.75,3.0,13.5],"rotation":0,"texture":"#0","tintindex":0},"west":{"uv":[12.75,9.625,13.125,10.375],"rotation":0,"texture":"#0","tintindex":0},"up":{"uv":[6.75,14.375,6.375,14.0],"rotation":0,"texture":"#0","tintindex":0},"down":{"uv":[14.375,9.25,14.0,9.625],"rotation":0,"texture":"#0","tintindex":0}}},{"from":[0.5714283,11.482201,9.579209],"to":[2.8571424,12.625057,11.8649235],"rotation":{"angle":0.0,"axis":"y","origin":[1.7142854,10.2822,9.293495]},"faces":{"east":{"uv":[14.5,3.125,15.0,3.375],"rotation":0,"texture":"#0","tintindex":0},"south":{"uv":[3.25,14.5,3.75,14.75],"rotation":0,"texture":"#0","tintindex":0},"north":{"uv":[2.625,14.5,3.125,14.75],"rotation":0,"texture":"#0","tintindex":0},"west":{"uv":[14.5,3.5,15.0,3.75],"rotation":0,"texture":"#0","tintindex":0},"up":{"uv":[13.5,13.375,13.0,12.875],"rotation":0,"texture":"#0","tintindex":0},"down":{"uv":[12.5,13.125,12.0,13.625],"rotation":0,"texture":"#0","tintindex":0}}}],"display":{"head":{"translation":[0.0,-6.4,0.0],"scale":[4.0,4.0,4.0]}}}