{"textures":{"0":"modelengine:entity/artoriasknight"},"elements":[{"name":"cube","from":[7.2990527,6.05,6.499875],"to":[8.199053,8.15,9.499876],"rotation":{"angle":0.0,"axis":"x","origin":[7.8990526,7.129999,7.999875]},"faces":{"down":{"uv":[1.0,13.75,1.25,14.5],"rotation":0,"texture":"#0","tintindex":0},"east":{"uv":[12.5,11.125,11.75,11.625],"rotation":0,"texture":"#0","tintindex":0},"north":{"uv":[13.25,14.125,13.0,14.625],"rotation":0,"texture":"#0","tintindex":0},"south":{"uv":[1.5,14.25,1.25,14.75],"rotation":0,"texture":"#0","tintindex":0},"up":{"uv":[3.375,11.375,3.625,10.625],"rotation":0,"texture":"#0","tintindex":0},"west":{"uv":[12.5,8.75,11.75,9.25],"rotation":0,"texture":"#0","tintindex":0}}},{"name":"cube","from":[8.115305,6.05,4.702547],"to":[9.0153055,8.15,6.8025475],"rotation":{"angle":0.0,"axis":"x","origin":[8.060591,7.05307,5.7066927]},"faces":{"down":{"uv":[8.875,14.25,9.125,14.75],"rotation":0,"texture":"#0","tintindex":0},"east":{"uv":[2.0,12.875,1.5,13.375],"rotation":0,"texture":"#0","tintindex":0},"north":{"uv":[1.75,14.25,1.5,14.75],"rotation":0,"texture":"#0","tintindex":0},"south":{"uv":[2.0,14.25,1.75,14.75],"rotation":0,"texture":"#0","tintindex":0},"up":{"uv":[3.25,14.75,3.5,14.25],"rotation":0,"texture":"#0","tintindex":0},"west":{"uv":[12.625,12.75,12.125,13.25],"rotation":0,"texture":"#0","tintindex":0}}},{"name":"cube","from":[8.415306,5.8999996,3.3525472],"to":[8.415306,8.3,5.1525474],"rotation":{"angle":0.0,"axis":"x","origin":[8.060591,7.05307,5.7066927]},"faces":{"down":{"uv":[0.0,0.0,0.0,0.375],"rotation":0,"texture":"#0","tintindex":0},"east":{"uv":[1.25,13.75,1.625,14.25],"rotation":0,"texture":"#0","tintindex":0},"north":{"uv":[0.0,0.0,0.0,0.5],"rotation":0,"texture":"#0","tintindex":0},"south":{"uv":[0.0,0.0,0.0,0.5],"rotation":0,"texture":"#0","tintindex":0},"up":{"uv":[0.0,0.375,0.0,0.0],"rotation":0,"texture":"#0","tintindex":0},"west":{"uv":[1.625,13.75,1.25,14.25],"rotation":0,"texture":"#0","tintindex":0}}},{"name":"cube","from":[7.038579,5.8999996,10.264099],"to":[7.038579,8.3,12.064099],"rotation":{"angle":0.0,"axis":"x","origin":[8.060591,7.05307,8.393227]},"faces":{"down":{"uv":[0.0,0.375,0.0,0.0],"rotation":0,"texture":"#0","tintindex":0},"east":{"uv":[1.625,13.75,1.25,14.25],"rotation":0,"texture":"#0","tintindex":0},"north":{"uv":[0.0,0.0,0.0,0.5],"rotation":0,"texture":"#0","tintindex":0},"south":{"uv":[0.0,0.0,0.0,0.5],"rotation":0,"texture":"#0","tintindex":0},"up":{"uv":[0.0,0.0,0.0,0.375],"rotation":0,"texture":"#0","tintindex":0},"west":{"uv":[1.25,13.75,1.625,14.25],"rotation":0,"texture":"#0","tintindex":0}}},{"name":"cube","from":[6.7385793,6.05,8.614099],"to":[7.6385794,8.15,10.714098],"rotation":{"angle":0.0,"axis":"x","origin":[8.060591,7.05307,8.393227]},"faces":{"down":{"uv":[8.875,14.75,9.125,14.25],"rotation":0,"texture":"#0","tintindex":0},"east":{"uv":[1.5,12.875,2.0,13.375],"rotation":0,"texture":"#0","tintindex":0},"north":{"uv":[1.75,14.25,2.0,14.75],"rotation":0,"texture":"#0","tintindex":0},"south":{"uv":[1.5,14.25,1.75,14.75],"rotation":0,"texture":"#0","tintindex":0},"up":{"uv":[3.25,14.25,3.5,14.75],"rotation":0,"texture":"#0","tintindex":0},"west":{"uv":[12.125,12.75,12.625,13.25],"rotation":0,"texture":"#0","tintindex":0}}}],"display":{"head":{"translation":[0.0,-6.4,0.0],"rotation":[0.0,0.0,0.0],"scale":[3.8095,3.8095,3.8095]}}}