{"textures":{"0":"modelengine:entity/cyan_crewmate_texture"},"elements":[{"from":[5.714286,5.714286,8.285714],"to":[10.285714,10.285714,10.0],"rotation":{"angle":0.0,"axis":"y","origin":[8.0,6.0,8.571428]},"faces":{"east":{"uv":[8.25,0.0,9.0,2.0],"rotation":0,"texture":"#0","tintindex":0},"south":{"uv":[0.0,6.0,2.0,8.0],"rotation":0,"texture":"#0","tintindex":0},"north":{"uv":[5.5,4.0,7.5,6.0],"rotation":0,"texture":"#0","tintindex":0},"west":{"uv":[4.0,8.25,4.75,10.25],"rotation":0,"texture":"#0","tintindex":0},"up":{"uv":[10.25,3.0,8.25,2.25],"rotation":0,"texture":"#0","tintindex":0},"down":{"uv":[7.0,8.25,5.0,9.0],"rotation":0,"texture":"#0","tintindex":0}}}],"display":{"head":{"translation":[0.0,-6.4,0.0],"scale":[4.0,4.0,4.0]}}}