{"credit":"Madebysamus2002","texture_size":[64,64],"textures":{"1":"christmas:christmas_skill_texture/gift_box_2"},"elements":[{"from":[4,-0.25,4],"to":[12,8.75,12],"rotation":{"angle":0,"axis":"y","origin":[8,9.24022,8]},"faces":{"north":{"uv":[0,5.5,2,7.75],"texture":"#1"},"east":{"uv":[2.25,5.5,4.25,7.75],"texture":"#1"},"south":{"uv":[4.5,5.5,6.5,7.75],"texture":"#1"},"west":{"uv":[6.75,5.5,8.75,7.75],"texture":"#1"},"up":{"uv":[9.75,2,7.75,0],"texture":"#1"},"down":{"uv":[9.75,2.25,7.75,4.25],"texture":"#1"}}},{"from":[3.5,-0.725,7.0125],"to":[12.5,9.25,8.9875],"rotation":{"angle":0,"axis":"y","origin":[8,9.24022,8.0125]},"faces":{"north":{"uv":[2.75,0,5,2.5],"texture":"#1"},"east":{"uv":[7.5,9.25,8,11.75],"texture":"#1"},"south":{"uv":[2.75,2.75,5,5.25],"texture":"#1"},"west":{"uv":[8.25,9.25,8.75,11.75],"texture":"#1"},"up":{"uv":[2.25,10.5,0,10],"texture":"#1"},"down":{"uv":[12.25,0,10,0.5],"texture":"#1"}}},{"from":[7.025,-0.75,3.5125],"to":[9,9.25,12.5125],"rotation":{"angle":0,"axis":"y","origin":[8,9.24022,8.0125]},"faces":{"north":{"uv":[9,9.75,9.5,12.25],"texture":"#1"},"east":{"uv":[5.25,0,7.5,2.5],"texture":"#1"},"south":{"uv":[9.75,9.75,10.25,12.25],"texture":"#1"},"west":{"uv":[5.25,2.75,7.5,5.25],"texture":"#1"},"up":{"uv":[10.5,3,10,0.75],"texture":"#1"},"down":{"uv":[3,10,2.5,12.25],"texture":"#1"}}},{"from":[3,8.75,3],"to":[13,11.75,13],"rotation":{"angle":0,"axis":"y","origin":[8,9.24022,8]},"faces":{"north":{"uv":[9,5.75,11.5,6.5],"texture":"#1"},"east":{"uv":[9,6.75,11.5,7.5],"texture":"#1"},"south":{"uv":[9,7.75,11.5,8.5],"texture":"#1"},"west":{"uv":[9,8.75,11.5,9.5],"texture":"#1"},"up":{"uv":[2.5,2.5,0,0],"texture":"#1"},"down":{"uv":[2.5,2.75,0,5.25],"texture":"#1"}}},{"from":[2.5,8.25,7],"to":[13.5,12.225,9],"rotation":{"angle":0,"axis":"y","origin":[8,9.24022,8]},"faces":{"north":{"uv":[0,8,2.75,9],"texture":"#1"},"east":{"uv":[5.25,10,5.75,11],"texture":"#1"},"south":{"uv":[3,8,5.75,9],"texture":"#1"},"west":{"uv":[10.5,9.75,11,10.75],"texture":"#1"},"up":{"uv":[2.75,9.75,0,9.25],"texture":"#1"},"down":{"uv":[5.75,9.25,3,9.75],"texture":"#1"}}},{"from":[4.61784,11.82194,7.5],"to":[7.61784,14.82194,8.5],"rotation":{"angle":22.5,"axis":"z","origin":[7.61784,12.57194,8]},"faces":{"north":{"uv":[7.75,4.5,8.5,5.25],"texture":"#1"},"east":{"uv":[10.75,0.75,11,1.5],"texture":"#1"},"south":{"uv":[3.25,10,4,10.75],"texture":"#1"},"west":{"uv":[1.5,10.75,1.75,11.5],"texture":"#1"},"up":{"uv":[11.5,2,10.75,1.75],"texture":"#1"},"down":{"uv":[11.5,2.25,10.75,2.5],"texture":"#1"}}},{"from":[8.38216,11.82194,7.5],"to":[11.38216,14.82194,8.5],"rotation":{"angle":-22.5,"axis":"z","origin":[8.38216,12.57194,8]},"faces":{"north":{"uv":[10,3.25,10.75,4],"texture":"#1"},"east":{"uv":[2,10.75,2.25,11.5],"texture":"#1"},"south":{"uv":[4.25,10,5,10.75],"texture":"#1"},"west":{"uv":[11,2.75,11.25,3.5],"texture":"#1"},"up":{"uv":[4,11.25,3.25,11],"texture":"#1"},"down":{"uv":[11.75,3.75,11,4],"texture":"#1"}}},{"from":[7,8.25,2.5],"to":[9,12.25,13.5],"rotation":{"angle":0,"axis":"y","origin":[8,9.24022,8]},"faces":{"north":{"uv":[0,10.75,0.5,11.75],"texture":"#1"},"east":{"uv":[6,8,8.75,9],"texture":"#1"},"south":{"uv":[0.75,10.75,1.25,11.75],"texture":"#1"},"west":{"uv":[9,4.5,11.75,5.5],"texture":"#1"},"up":{"uv":[6.5,12,6,9.25],"texture":"#1"},"down":{"uv":[7.25,9.25,6.75,12],"texture":"#1"}}}],"display":{"head":{"translation":[0,-15.75,0],"scale":[2,2,2]}}}