{"credit":"Madebysamus2002","texture_size":[128,128],"textures":{"0":"christmas:christmas_skill_texture/yeti","particle":"christmas:christmas_skill_texture/yeti"},"elements":[{"from":[2,7.27366,5],"to":[14,15.27366,17],"rotation":{"angle":0,"axis":"y","origin":[8,8,8]},"faces":{"north":{"uv":[2.5,10.125,4,11.125],"texture":"#0"},"east":{"uv":[10.25,5.25,11.75,6.25],"texture":"#0"},"south":{"uv":[10.375,8.875,11.875,9.875],"texture":"#0"},"west":{"uv":[10.375,10,11.875,11],"texture":"#0"},"up":{"uv":[6.5,9.375,5,7.875],"texture":"#0"},"down":{"uv":[9.5,0,8,1.5],"texture":"#0"}}},{"from":[6,7.27366,4],"to":[10,12.27366,5],"rotation":{"angle":0,"axis":"y","origin":[8,8,8]},"faces":{"north":{"uv":[1.75,11.625,2.25,12.25],"texture":"#0"},"east":{"uv":[6.625,7.875,6.75,8.5],"texture":"#0"},"south":{"uv":[12.5,7,13,7.625],"texture":"#0"},"west":{"uv":[6.25,9.5,6.375,10.125],"texture":"#0"},"up":{"uv":[4.5,7.625,4,7.5],"texture":"#0"},"down":{"uv":[8.5,1.625,8,1.75],"texture":"#0"}}},{"from":[-5.5,10.27366,10],"to":[1.5,15.27366,14],"rotation":{"angle":0,"axis":"y","origin":[8,8,8]},"faces":{"north":{"uv":[4,6,4.875,6.625],"texture":"#0"},"east":{"uv":[7.375,12.5,7.875,13.125],"texture":"#0"},"south":{"uv":[4,6.75,4.875,7.375],"texture":"#0"},"west":{"uv":[12.5,7.75,13,8.375],"texture":"#0"},"up":{"uv":[8.375,5.75,7.5,5.25],"texture":"#0"},"down":{"uv":[10.75,12.375,9.875,12.875],"texture":"#0"}}},{"from":[-5.575,12.48332,12.1427],"to":[-2.575,19.48332,16.1427],"rotation":{"angle":-22.5,"axis":"x","origin":[8,8,8]},"faces":{"north":{"uv":[9.875,11.25,10.25,12.125],"texture":"#0"},"east":{"uv":[4.125,10.125,4.625,11],"texture":"#0"},"south":{"uv":[10.875,12.375,11.25,13.25],"texture":"#0"},"west":{"uv":[5.375,11.125,5.875,12],"texture":"#0"},"up":{"uv":[8.875,5.75,8.5,5.25],"texture":"#0"},"down":{"uv":[0.875,13,0.5,13.5],"texture":"#0"}}},{"from":[1.5,12.27366,4],"to":[14.5,16.27366,16],"rotation":{"angle":0,"axis":"y","origin":[8,8,8]},"faces":{"north":{"uv":[10.75,2.5,12.375,3],"texture":"#0"},"east":{"uv":[12,10.25,13.5,10.75],"texture":"#0"},"south":{"uv":[12,0.875,13.625,1.375],"texture":"#0"},"west":{"uv":[3.75,12.375,5.25,12.875],"texture":"#0"},"up":{"uv":[9.125,5.125,7.5,3.625],"texture":"#0"},"down":{"uv":[8.625,7.625,7,9.125],"texture":"#0"}}},{"from":[0.5,7.27366,4],"to":[3.5,10.27366,7],"rotation":{"angle":0,"axis":"y","origin":[8,8,8]},"faces":{"north":{"uv":[7.375,13.25,7.75,13.625],"texture":"#0"},"east":{"uv":[7.875,13.25,8.25,13.625],"texture":"#0"},"south":{"uv":[8.375,13.25,8.75,13.625],"texture":"#0"},"west":{"uv":[8.875,13.25,9.25,13.625],"texture":"#0"},"up":{"uv":[10.875,13.75,10.5,13.375],"texture":"#0"},"down":{"uv":[13.75,10.875,13.375,11.25],"texture":"#0"}}},{"from":[12.5,7.27366,4],"to":[15.5,10.27366,7],"rotation":{"angle":0,"axis":"y","origin":[8,8,8]},"faces":{"north":{"uv":[13.375,11.375,13.75,11.75],"texture":"#0"},"east":{"uv":[13.375,11.875,13.75,12.25],"texture":"#0"},"south":{"uv":[13.375,12.375,13.75,12.75],"texture":"#0"},"west":{"uv":[13.375,12.875,13.75,13.25],"texture":"#0"},"up":{"uv":[13.75,13.75,13.375,13.375],"texture":"#0"},"down":{"uv":[13.875,5.875,13.5,6.25],"texture":"#0"}}},{"from":[0.5,1.27366,4],"to":[15.5,7.27366,17],"rotation":{"angle":0,"axis":"y","origin":[8,8,8]},"faces":{"north":{"uv":[10.5,4.125,12.375,4.875],"texture":"#0"},"east":{"uv":[0,11.625,1.625,12.375],"texture":"#0"},"south":{"uv":[10.75,1.625,12.625,2.375],"texture":"#0"},"west":{"uv":[11.625,11.125,13.25,11.875],"texture":"#0"},"up":{"uv":[8.875,7.5,7,5.875],"texture":"#0"},"down":{"uv":[9.375,1.875,7.5,3.5],"texture":"#0"}}},{"from":[0.5,-4.72634,4],"to":[15.5,1.27366,4],"rotation":{"angle":0,"axis":"y","origin":[8,8,8]},"faces":{"north":{"uv":[10.25,6.375,12.125,7.125],"texture":"#0"},"east":{"uv":[6.875,7.875,6.875,8.625],"texture":"#0"},"south":{"uv":[12.125,6.375,10.25,7.125],"texture":"#0"},"west":{"uv":[6.5,9.5,6.5,10.25],"texture":"#0"},"up":{"uv":[7.375,3.875,5.5,3.875],"texture":"#0"},"down":{"uv":[14.625,2.25,12.75,2.25],"texture":"#0"}}},{"from":[0.5,-4.72634,4],"to":[0.5,1.27366,17],"rotation":{"angle":0,"axis":"y","origin":[8,8,8]},"faces":{"north":{"uv":[4.75,10.125,4.75,10.875],"texture":"#0"},"east":{"uv":[13.625,0,12,0.75],"texture":"#0"},"south":{"uv":[4.875,10.125,4.875,10.875],"texture":"#0"},"west":{"uv":[12,0,13.625,0.75],"texture":"#0"},"up":{"uv":[11.125,15,11.125,13.375],"texture":"#0"},"down":{"uv":[11.25,13.375,11.25,15],"texture":"#0"}}},{"from":[15.5,-4.72634,4],"to":[15.5,1.27366,17],"rotation":{"angle":0,"axis":"y","origin":[8,8,8]},"faces":{"north":{"uv":[4.75,10.125,4.75,10.875],"texture":"#0"},"east":{"uv":[13.625,0,12,0.75],"texture":"#0"},"south":{"uv":[4.875,10.125,4.875,10.875],"texture":"#0"},"west":{"uv":[12,0,13.625,0.75],"texture":"#0"},"up":{"uv":[11.125,15,11.125,13.375],"texture":"#0"},"down":{"uv":[11.25,13.375,11.25,15],"texture":"#0"}}},{"from":[15.5,7.27366,7],"to":[15.5,10.27366,16],"rotation":{"angle":0,"axis":"y","origin":[8,8,8]},"faces":{"north":{"uv":[6.625,8.625,6.625,9],"texture":"#0"},"east":{"uv":[13.625,2.5,12.5,2.875],"texture":"#0"},"south":{"uv":[6.75,8.625,6.75,9],"texture":"#0"},"west":{"uv":[12.5,2.5,13.625,2.875],"texture":"#0"},"up":{"uv":[6,12.25,6,11.125],"texture":"#0"},"down":{"uv":[6.125,11.125,6.125,12.25],"texture":"#0"}}},{"from":[0.5,7.27366,7],"to":[0.5,10.27366,16],"rotation":{"angle":0,"axis":"y","origin":[8,8,8]},"faces":{"north":{"uv":[6.625,8.625,6.625,9],"texture":"#0"},"east":{"uv":[13.625,2.5,12.5,2.875],"texture":"#0"},"south":{"uv":[6.75,8.625,6.75,9],"texture":"#0"},"west":{"uv":[12.5,2.5,13.625,2.875],"texture":"#0"},"up":{"uv":[6,12.25,6,11.125],"texture":"#0"},"down":{"uv":[6.125,11.125,6.125,12.25],"texture":"#0"}}},{"from":[18.575,12.48332,12.1427],"to":[21.575,19.48332,16.1427],"rotation":{"angle":-22.5,"axis":"x","origin":[8,8,8]},"faces":{"north":{"uv":[10.25,11.25,9.875,12.125],"texture":"#0"},"east":{"uv":[5.875,11.125,5.375,12],"texture":"#0"},"south":{"uv":[11.25,12.375,10.875,13.25],"texture":"#0"},"west":{"uv":[4.625,10.125,4.125,11],"texture":"#0"},"up":{"uv":[8.5,5.75,8.875,5.25],"texture":"#0"},"down":{"uv":[0.5,13,0.875,13.5],"texture":"#0"}}},{"from":[14.5,10.27366,10],"to":[21.5,15.27366,14],"rotation":{"angle":0,"axis":"y","origin":[8,8,8]},"faces":{"north":{"uv":[4.875,6,4,6.625],"texture":"#0"},"east":{"uv":[13,7.75,12.5,8.375],"texture":"#0"},"south":{"uv":[4.875,6.75,4,7.375],"texture":"#0"},"west":{"uv":[7.875,12.5,7.375,13.125],"texture":"#0"},"up":{"uv":[7.5,5.75,8.375,5.25],"texture":"#0"},"down":{"uv":[9.875,12.375,10.75,12.875],"texture":"#0"}}}],"gui_light":"front","display":{"gui":{"rotation":[17,152,0],"translation":[-0.5,-1.25,0],"scale":[0.5,0.5,0.5]}},"groups":[{"name":"body","origin":[0,21,3],"color":0,"boneType":"","children":[{"name":"upper_body","origin":[0,17.47839,5.27599],"rotation":[-2.5,0,0],"color":0,"boneType":"","children":[{"name":"upper_body_upper","origin":[0,29.39949,1.8519],"rotation":[-2.5,0,0],"color":0,"boneType":"","children":[{"name":"h_head","origin":[0,37.93279,-7.3057],"color":0,"boneType":"","children":[0,1,2,3,4,{"name":"h_jaw","origin":[0,40.25,-6.99613],"color":0,"boneType":"","children":[5,6,7,8,9,10,11,12]},13,14]},{"name":"left_arm","origin":[-10.66748,37.97021,-4.51558],"rotation":[4.99527,0.21782,2.5095],"color":0,"boneType":"","children":[{"name":"left_wrist","origin":[-15.05341,29.41931,-4.55863],"rotation":[0,0,-5],"color":0,"boneType":"","children":[{"name":"left_finger","origin":[-18.57121,12.64242,-4.18363],"rotation":[0,0,5],"color":0,"boneType":"","children":[{"name":"left_fingertips","origin":[-18.14241,9.53483,-4.18363],"rotation":[0,0,37.5],"color":0,"boneType":"","children":[]}]}]}]},{"name":"right_arm","origin":[10.66748,37.97021,-4.51558],"rotation":[4.99527,-0.21782,-2.5095],"color":0,"boneType":"","children":[{"name":"right_wrist","origin":[15.05341,29.41931,-4.55863],"rotation":[4.99527,0.21782,2.5095],"color":0,"boneType":"","children":[{"name":"right_finger","origin":[18.57121,12.64242,-4.18363],"rotation":[4.99527,-0.21782,-2.5095],"color":0,"boneType":"","children":[{"name":"right_fingertips","origin":[18.14241,9.53483,-4.18363],"rotation":[0,0,-37.5],"color":0,"boneType":"","children":[]}]}]}]},{"name":"mount","origin":[0,39,-4],"color":0,"boneType":"","children":[]}]}]},{"name":"left_leg","origin":[-5.5,18.84475,5.39714],"color":0,"boneType":"","children":[{"name":"left_ankle","origin":[-5.5,12.23728,-0.24611],"color":0,"boneType":"","children":[{"name":"left_foot","origin":[-5.5,2.29859,4.21387],"color":0,"boneType":"","children":[]}]}]},{"name":"right_leg","origin":[5.5,18.84475,5.39714],"color":0,"boneType":"","children":[{"name":"right_ankle","origin":[5.5,12.23728,-0.24611],"color":0,"boneType":"","children":[{"name":"right_foot","origin":[5.5,2.29859,4.21387],"color":0,"boneType":"","children":[]}]}]}]},{"name":"hitbox","origin":[1,44,-4],"color":0,"boneType":"","children":[]}]}