{"textures":{"0":"modelengine:entity/viking_miniboss"},"elements":[{"from":[6.5714283,6.0,7.142857],"to":[9.428572,8.285714,8.857143],"rotation":{"angle":0.0,"axis":"y","origin":[8.285714,6.285714,8.571428]},"faces":{"east":{"uv":[3.5625,2.75,3.75,3.0],"rotation":0,"texture":"#0","tintindex":0},"south":{"uv":[0.875,6.875,1.1875,7.125],"rotation":0,"texture":"#0","tintindex":0},"north":{"uv":[6.875,0.625,7.1875,0.875],"rotation":0,"texture":"#0","tintindex":0},"west":{"uv":[5.875,0.5,6.0625,0.75],"rotation":0,"texture":"#0","tintindex":0},"up":{"uv":[7.3125,1.0625,7.0,0.875],"rotation":0,"texture":"#0","tintindex":0},"down":{"uv":[7.3125,1.0625,7.0,1.25],"rotation":0,"texture":"#0","tintindex":0}}},{"from":[6.285714,2.5714283,6.857143],"to":[9.714286,6.0,9.142858],"rotation":{"angle":0.0,"axis":"y","origin":[8.0,6.285714,8.857143]},"faces":{"east":{"uv":[2.125,6.75,2.375,7.125],"rotation":0,"texture":"#0","tintindex":0},"south":{"uv":[4.25,6.4375,4.625,6.8125],"rotation":0,"texture":"#0","tintindex":0},"north":{"uv":[2.375,6.4375,2.75,6.8125],"rotation":0,"texture":"#0","tintindex":0},"west":{"uv":[6.75,4.3125,7.0,4.6875],"rotation":0,"texture":"#0","tintindex":0},"up":{"uv":[7.0625,0.5,6.6875,0.25],"rotation":0,"texture":"#0","tintindex":0},"down":{"uv":[7.125,3.3125,6.75,3.5625],"rotation":0,"texture":"#0","tintindex":0}}},{"from":[6.285714,3.80128,6.4197903],"to":[9.714286,6.0869946,6.4197903],"rotation":{"angle":22.5,"axis":"x","origin":[8.0,4.9441376,6.4197903]},"faces":{"east":{"uv":[0.0,0.0,0.0,0.25],"rotation":0,"texture":"#0","tintindex":0},"south":{"uv":[7.1875,1.375,6.8125,1.625],"rotation":0,"texture":"#0","tintindex":0},"north":{"uv":[6.8125,1.375,7.1875,1.625],"rotation":0,"texture":"#0","tintindex":0},"west":{"uv":[0.0,0.0,0.0,0.25],"rotation":0,"texture":"#0","tintindex":0},"up":{"uv":[0.375,0.0,0.0,0.0],"rotation":0,"texture":"#0","tintindex":0},"down":{"uv":[0.375,0.0,0.0,0.0],"rotation":0,"texture":"#0","tintindex":0}}}],"display":{"head":{"translation":[0.0,-6.4,0.0],"scale":[4.0,4.0,4.0]}}}