{"textures":{"1":"modelengine:entity/pet_santa"},"elements":[{"from":[8.0,8.0,7.142857],"to":[11.428572,9.142858,8.857143],"rotation":{"angle":0.0,"axis":"y","origin":[5.714286,2.8571424,7.142857]},"faces":{"east":{"uv":[0.725,8.775,0.025,9.225],"rotation":0,"texture":"#1","tintindex":0},"south":{"uv":[9.725,2.275,8.275,2.725],"rotation":0,"texture":"#1","tintindex":0},"north":{"uv":[1.475,8.275,0.025,8.725],"rotation":0,"texture":"#1","tintindex":0},"west":{"uv":[9.225,6.275,8.525,6.725],"rotation":0,"texture":"#1","tintindex":0},"up":{"uv":[4.525,3.975,5.975,3.275],"rotation":0,"texture":"#1","tintindex":0},"down":{"uv":[8.025,1.025,9.475,1.725],"rotation":0,"texture":"#1","tintindex":0}}}],"display":{"head":{"translation":[0.0,-6.4,0.0],"scale":[4.0,4.0,4.0]}}}