{"textures":{"0":"modelengine:entity/pet_elf"},"elements":[{"from":[5.0728846,9.131983,7.577557],"to":[5.0728846,11.417697,10.4347],"rotation":{"angle":-22.5,"axis":"y","origin":[5.0728846,10.27484,9.006128]},"faces":{"east":{"uv":[10.516,3.516,12.984,5.484],"rotation":0,"texture":"#0","tintindex":0},"south":{"uv":[0.016,0.016,0.016,1.984],"rotation":0,"texture":"#0","tintindex":0},"north":{"uv":[0.016,0.016,0.016,1.984],"rotation":0,"texture":"#0","tintindex":0},"west":{"uv":[12.984,3.516,10.516,5.484],"rotation":0,"texture":"#0","tintindex":0},"up":{"uv":[0.016,2.484,0.016,0.016],"rotation":0,"texture":"#0","tintindex":0},"down":{"uv":[0.016,0.016,0.016,2.484],"rotation":0,"texture":"#0","tintindex":0}}},{"from":[10.736639,9.131983,7.577557],"to":[10.736639,11.417697,10.4347],"rotation":{"angle":22.5,"axis":"y","origin":[10.736639,10.27484,9.006128]},"faces":{"east":{"uv":[10.516,3.516,12.984,5.484],"rotation":0,"texture":"#0","tintindex":0},"south":{"uv":[0.016,0.016,0.016,1.984],"rotation":0,"texture":"#0","tintindex":0},"north":{"uv":[0.016,0.016,0.016,1.984],"rotation":0,"texture":"#0","tintindex":0},"west":{"uv":[12.984,3.516,10.516,5.484],"rotation":0,"texture":"#0","tintindex":0},"up":{"uv":[0.016,2.484,0.016,0.016],"rotation":0,"texture":"#0","tintindex":0},"down":{"uv":[0.016,0.016,0.016,2.484],"rotation":0,"texture":"#0","tintindex":0}}},{"from":[6.190476,9.197229,5.6437817],"to":[10.761905,10.911514,5.6437817],"rotation":{"angle":22.5,"axis":"x","origin":[8.476191,10.054372,5.6437817]},"faces":{"east":{"uv":[0.016,0.016,0.016,1.484],"rotation":0,"texture":"#0","tintindex":0},"south":{"uv":[13.984,8.516,10.016,9.984],"rotation":0,"texture":"#0","tintindex":0},"north":{"uv":[10.016,8.516,13.984,9.984],"rotation":0,"texture":"#0","tintindex":0},"west":{"uv":[0.016,0.016,0.016,1.484],"rotation":0,"texture":"#0","tintindex":0},"up":{"uv":[3.984,0.016,0.016,0.016],"rotation":0,"texture":"#0","tintindex":0},"down":{"uv":[3.984,0.016,0.016,0.016],"rotation":0,"texture":"#0","tintindex":0}}},{"from":[5.6190476,7.9891257,5.971796],"to":[10.190476,11.989126,9.971796],"rotation":{"angle":0.0,"axis":"y","origin":[7.904762,3.9891253,7.686082]},"faces":{"east":{"uv":[0.016,7.016,3.484,10.484],"rotation":0,"texture":"#0","tintindex":0},"south":{"uv":[0.016,3.516,3.984,6.984],"rotation":0,"texture":"#0","tintindex":0},"north":{"uv":[0.016,0.016,3.984,3.484],"rotation":0,"texture":"#0","tintindex":0},"west":{"uv":[3.516,7.016,6.984,10.484],"rotation":0,"texture":"#0","tintindex":0},"up":{"uv":[7.984,3.484,4.016,0.016],"rotation":0,"texture":"#0","tintindex":0},"down":{"uv":[7.984,3.516,4.016,6.984],"rotation":0,"texture":"#0","tintindex":0}}},{"from":[6.190476,10.846269,6.543225],"to":[9.619047,12.5605545,10.543225],"rotation":{"angle":0.0,"axis":"y","origin":[7.904762,5.131983,7.686082]},"faces":{"east":{"uv":[0.016,10.516,3.484,11.984],"rotation":0,"texture":"#0","tintindex":0},"south":{"uv":[11.016,1.516,13.984,2.984],"rotation":0,"texture":"#0","tintindex":0},"north":{"uv":[11.016,0.016,13.984,1.484],"rotation":0,"texture":"#0","tintindex":0},"west":{"uv":[3.516,10.516,6.984,11.984],"rotation":0,"texture":"#0","tintindex":0},"up":{"uv":[9.984,10.484,7.016,7.016],"rotation":0,"texture":"#0","tintindex":0},"down":{"uv":[10.984,0.016,8.016,3.484],"rotation":0,"texture":"#0","tintindex":0}}},{"from":[7.3333335,11.131983,8.971796],"to":[8.476191,12.846269,11.828939],"rotation":{"angle":22.5,"axis":"x","origin":[7.904762,11.989126,10.400368]},"faces":{"east":{"uv":[5.016,12.516,7.484,13.984],"rotation":0,"texture":"#0","tintindex":0},"south":{"uv":[4.016,13.516,4.984,14.984],"rotation":0,"texture":"#0","tintindex":0},"north":{"uv":[3.016,13.516,3.984,14.984],"rotation":0,"texture":"#0","tintindex":0},"west":{"uv":[12.516,5.516,14.984,6.984],"rotation":0,"texture":"#0","tintindex":0},"up":{"uv":[8.484,14.984,7.516,12.516],"rotation":0,"texture":"#0","tintindex":0},"down":{"uv":[9.484,12.516,8.516,14.984],"rotation":0,"texture":"#0","tintindex":0}}}],"display":{"head":{"translation":[0.0,-6.4,0.0],"scale":[4.0,4.0,4.0]}}}