{"textures":{"0":"modelengine:entity/pet_elf"},"elements":[{"from":[8.0,5.714286,7.428571],"to":[8.571428,8.0,8.571428],"rotation":{"angle":0.0,"axis":"y","origin":[6.5714283,4.0,7.428571]},"faces":{"east":{"uv":[12.516,11.516,13.484,13.484],"rotation":0,"texture":"#0","tintindex":0},"south":{"uv":[12.516,13.516,12.984,15.484],"rotation":0,"texture":"#0","tintindex":0},"north":{"uv":[13.516,11.516,13.984,13.484],"rotation":0,"texture":"#0","tintindex":0},"west":{"uv":[13.016,3.016,13.984,4.984],"rotation":0,"texture":"#0","tintindex":0},"up":{"uv":[9.984,11.484,9.516,10.516],"rotation":0,"texture":"#0","tintindex":0},"down":{"uv":[13.984,7.016,13.516,7.984],"rotation":0,"texture":"#0","tintindex":0}}}],"display":{"head":{"translation":[0.0,-6.4,0.0],"scale":[4.0,4.0,4.0]}}}