{"textures":{"0":"modelengine:entity/santa"},"elements":[{"from":[6.857143,0.0,7.428571],"to":[10.285714,8.0,10.857143],"rotation":{"angle":0.0,"axis":"y","origin":[8.0,-9.1428585,1.1428566]},"faces":{"east":{"uv":[2.75,6.5,3.125,7.375],"rotation":0,"texture":"#0","tintindex":0},"south":{"uv":[3.75,6.5,4.125,7.375],"rotation":0,"texture":"#0","tintindex":0},"north":{"uv":[2.375,6.5,2.75,7.375],"rotation":0,"texture":"#0","tintindex":0},"west":{"uv":[4.125,6.5,4.5,7.375],"rotation":0,"texture":"#0","tintindex":0},"up":{"uv":[3.0,7.75,2.625,7.375],"rotation":0,"texture":"#0","tintindex":0},"down":{"uv":[4.125,7.375,3.75,7.75],"rotation":0,"texture":"#0","tintindex":0}}}],"display":{"head":{"translation":[0.0,-6.4,0.0],"scale":[4.0,4.0,4.0]}}}