{"textures":{"0":"modelengine:entity/santa"},"elements":[{"from":[11.83968,2.9148688,-2.070508],"to":[12.4076805,6.768583,0.21177816],"rotation":{"angle":22.5,"axis":"x","origin":[8.571428,-10.285715,8.0]},"faces":{"east":{"uv":[4.875,2.25,5.125,2.6875],"rotation":0,"texture":"#0","tintindex":0},"south":{"uv":[4.0,7.875,4.0625,8.3125],"rotation":0,"texture":"#0","tintindex":0},"north":{"uv":[5.125,2.25,5.1875,2.6875],"rotation":0,"texture":"#0","tintindex":0},"west":{"uv":[7.0,7.5,7.25,7.9375],"rotation":0,"texture":"#0","tintindex":0},"up":{"uv":[5.5,8.125,5.4375,7.875],"rotation":0,"texture":"#0","tintindex":0},"down":{"uv":[5.5625,7.875,5.5,8.125],"rotation":0,"texture":"#0","tintindex":0}}},{"from":[11.83968,2.9148688,15.788221],"to":[12.4076805,6.768583,18.070507],"rotation":{"angle":-22.5,"axis":"x","origin":[8.571428,-10.285715,8.0]},"faces":{"east":{"uv":[7.5,3.0,7.75,3.4375],"rotation":0,"texture":"#0","tintindex":0},"south":{"uv":[4.125,7.875,4.1875,8.3125],"rotation":0,"texture":"#0","tintindex":0},"north":{"uv":[4.0625,7.875,4.125,8.3125],"rotation":0,"texture":"#0","tintindex":0},"west":{"uv":[6.25,7.5625,6.5,8.0],"rotation":0,"texture":"#0","tintindex":0},"up":{"uv":[5.625,8.125,5.5625,7.875],"rotation":0,"texture":"#0","tintindex":0},"down":{"uv":[5.6875,7.875,5.625,8.125],"rotation":0,"texture":"#0","tintindex":0}}},{"from":[11.840252,4.5872593,6.288],"to":[12.407108,9.582688,9.712],"rotation":{"angle":0.0,"axis":"y","origin":[8.571428,-10.285715,8.0]},"faces":{"east":{"uv":[6.6875,5.0,7.0625,5.5625],"rotation":0,"texture":"#0","tintindex":0},"south":{"uv":[0.8125,3.625,0.875,4.1875],"rotation":0,"texture":"#0","tintindex":0},"north":{"uv":[0.875,2.5,0.9375,3.0625],"rotation":0,"texture":"#0","tintindex":0},"west":{"uv":[6.75,0.0,7.125,0.5625],"rotation":0,"texture":"#0","tintindex":0},"up":{"uv":[0.9375,3.4375,0.875,3.0625],"rotation":0,"texture":"#0","tintindex":0},"down":{"uv":[0.875,4.1875,0.8125,4.5625],"rotation":0,"texture":"#0","tintindex":0}}},{"from":[11.837966,8.056011,12.929365],"to":[12.409394,9.198869,15.786508],"rotation":{"angle":-22.5,"axis":"x","origin":[8.571428,-10.285715,8.0]},"faces":{"east":{"uv":[7.75,3.3125,8.0625,3.4375],"rotation":0,"texture":"#0","tintindex":0},"south":{"uv":[0.625,5.25,0.6875,5.375],"rotation":0,"texture":"#0","tintindex":0},"north":{"uv":[2.0625,3.25,2.125,3.375],"rotation":0,"texture":"#0","tintindex":0},"west":{"uv":[7.75,4.0,8.0625,4.125],"rotation":0,"texture":"#0","tintindex":0},"up":{"uv":[5.6875,6.8125,5.625,6.5],"rotation":0,"texture":"#0","tintindex":0},"down":{"uv":[7.5,2.625,7.4375,2.9375],"rotation":0,"texture":"#0","tintindex":0}}},{"from":[11.839108,8.057155,0.21463537],"to":[12.408252,9.197725,3.0694928],"rotation":{"angle":22.5,"axis":"x","origin":[8.571428,-10.285715,8.0]},"faces":{"east":{"uv":[7.75,4.5625,8.0625,4.6875],"rotation":0,"texture":"#0","tintindex":0},"south":{"uv":[0.75,5.25,0.8125,5.375],"rotation":0,"texture":"#0","tintindex":0},"north":{"uv":[0.6875,5.25,0.75,5.375],"rotation":0,"texture":"#0","tintindex":0},"west":{"uv":[7.75,4.6875,8.0625,4.8125],"rotation":0,"texture":"#0","tintindex":0},"up":{"uv":[7.875,2.5625,7.8125,2.25],"rotation":0,"texture":"#0","tintindex":0},"down":{"uv":[4.375,7.875,4.3125,8.1875],"rotation":0,"texture":"#0","tintindex":0}}},{"from":[25.2644,1.8037763,7.428571],"to":[26.407257,2.9466333,8.571428],"rotation":{"angle":45.0,"axis":"z","origin":[8.571428,-10.285715,8.0]},"faces":{"east":{"uv":[1.9375,3.25,2.0625,3.375],"rotation":0,"texture":"#0","tintindex":0},"south":{"uv":[3.25,1.0,3.375,1.125],"rotation":0,"texture":"#0","tintindex":0},"north":{"uv":[3.125,1.0,3.25,1.125],"rotation":0,"texture":"#0","tintindex":0},"west":{"uv":[4.1875,2.9375,4.3125,3.0625],"rotation":0,"texture":"#0","tintindex":0},"up":{"uv":[4.75,1.6875,4.625,1.5625],"rotation":0,"texture":"#0","tintindex":0},"down":{"uv":[4.875,1.5625,4.75,1.6875],"rotation":0,"texture":"#0","tintindex":0}}},{"from":[5.142857,8.0,4.5714283],"to":[12.0,16.0,11.428572],"rotation":{"angle":0.0,"axis":"y","origin":[8.571428,-10.285715,8.0]},"faces":{"east":{"uv":[4.1875,5.0625,4.9375,5.9375],"rotation":0,"texture":"#0","tintindex":0},"south":{"uv":[4.9375,5.0625,5.6875,5.9375],"rotation":0,"texture":"#0","tintindex":0},"north":{"uv":[5.0,0.0,5.75,0.875],"rotation":0,"texture":"#0","tintindex":0},"west":{"uv":[5.0625,3.5625,5.8125,4.4375],"rotation":0,"texture":"#0","tintindex":0},"up":{"uv":[1.375,6.125,0.625,5.375],"rotation":0,"texture":"#0","tintindex":0},"down":{"uv":[3.25,5.375,2.5,6.125],"rotation":0,"texture":"#0","tintindex":0}}},{"from":[4.0,13.142858,3.4285712],"to":[13.142858,14.285715,12.571428],"rotation":{"angle":0.0,"axis":"y","origin":[8.571428,-10.285715,8.0]},"faces":{"east":{"uv":[7.25,6.9375,8.25,7.0625],"rotation":0,"texture":"#0","tintindex":0},"south":{"uv":[7.25,7.0625,8.25,7.1875],"rotation":0,"texture":"#0","tintindex":0},"north":{"uv":[7.1875,6.375,8.1875,6.5],"rotation":0,"texture":"#0","tintindex":0},"west":{"uv":[7.3125,3.6875,8.3125,3.8125],"rotation":0,"texture":"#0","tintindex":0},"up":{"uv":[2.0625,1.0,1.0625,0.0],"rotation":0,"texture":"#0","tintindex":0},"down":{"uv":[4.0625,1.9375,3.0625,2.9375],"rotation":0,"texture":"#0","tintindex":0}}},{"from":[4.5714283,14.285715,4.0],"to":[12.571428,16.57143,12.0],"rotation":{"angle":0.0,"axis":"y","origin":[8.571428,-10.285715,8.0]},"faces":{"east":{"uv":[6.625,2.9375,7.5,3.1875],"rotation":0,"texture":"#0","tintindex":0},"south":{"uv":[6.625,3.1875,7.5,3.4375],"rotation":0,"texture":"#0","tintindex":0},"north":{"uv":[6.1875,5.9375,7.0625,6.1875],"rotation":0,"texture":"#0","tintindex":0},"west":{"uv":[6.625,3.4375,7.5,3.6875],"rotation":0,"texture":"#0","tintindex":0},"up":{"uv":[5.0,0.875,4.125,0.0],"rotation":0,"texture":"#0","tintindex":0},"down":{"uv":[5.0625,4.1875,4.1875,5.0625],"rotation":0,"texture":"#0","tintindex":0}}},{"from":[2.2857141,9.142858,6.857143],"to":[4.5714283,11.428572,9.142858],"rotation":{"angle":0.0,"axis":"y","origin":[8.571428,-10.285715,8.0]},"faces":{"east":{"uv":[3.625,1.6875,3.875,1.9375],"rotation":0,"texture":"#0","tintindex":0},"south":{"uv":[4.0625,2.6875,4.3125,2.9375],"rotation":0,"texture":"#0","tintindex":0},"north":{"uv":[3.375,1.6875,3.625,1.9375],"rotation":0,"texture":"#0","tintindex":0},"west":{"uv":[3.75,5.6875,4.0,5.9375],"rotation":0,"texture":"#0","tintindex":0},"up":{"uv":[0.625,6.6875,0.375,6.4375],"rotation":0,"texture":"#0","tintindex":0},"down":{"uv":[6.1875,6.8125,5.9375,7.0625],"rotation":0,"texture":"#0","tintindex":0}}},{"from":[2.8571424,11.428572,6.285714],"to":[4.5714283,16.57143,9.714286],"rotation":{"angle":0.0,"axis":"y","origin":[8.571428,-10.285715,8.0]},"faces":{"east":{"uv":[0.375,6.8125,0.75,7.375],"rotation":0,"texture":"#0","tintindex":0},"south":{"uv":[1.75,3.4375,1.9375,4.0],"rotation":0,"texture":"#0","tintindex":0},"north":{"uv":[1.9375,2.3125,2.125,2.875],"rotation":0,"texture":"#0","tintindex":0},"west":{"uv":[0.75,6.8125,1.125,7.375],"rotation":0,"texture":"#0","tintindex":0},"up":{"uv":[2.125,3.25,1.9375,2.875],"rotation":0,"texture":"#0","tintindex":0},"down":{"uv":[1.9375,4.0,1.75,4.375],"rotation":0,"texture":"#0","tintindex":0}}}],"display":{"head":{"translation":[0.0,-6.4,0.0],"scale":[4.0,4.0,4.0]}}}