{"textures":{"0":"modelengine:entity/santa"},"elements":[{"from":[6.858286,2.2868567,5.7154284],"to":[10.284572,7.998857,9.141714],"rotation":{"angle":0.0,"axis":"y","origin":[8.0,6.857143,7.428571]},"faces":{"east":{"uv":[4.6875,3.5625,5.0625,4.1875],"rotation":0,"texture":"#0","tintindex":0},"south":{"uv":[1.375,5.375,1.75,6.0],"rotation":0,"texture":"#0","tintindex":0},"north":{"uv":[4.3125,3.5625,4.6875,4.1875],"rotation":0,"texture":"#0","tintindex":0},"west":{"uv":[4.5,6.5,4.875,7.125],"rotation":0,"texture":"#0","tintindex":0},"up":{"uv":[7.5625,6.25,7.1875,5.875],"rotation":0,"texture":"#0","tintindex":0},"down":{"uv":[7.625,7.25,7.25,7.625],"rotation":0,"texture":"#0","tintindex":0}}},{"from":[7.428571,0.0,9.142858],"to":[9.714286,2.2857141,9.714286],"rotation":{"angle":0.0,"axis":"y","origin":[8.0,-2.285715,-0.57142925]},"faces":{"east":{"uv":[5.6875,7.875,5.75,8.125],"rotation":0,"texture":"#0","tintindex":0},"south":{"uv":[3.25,7.6875,3.5,7.9375],"rotation":0,"texture":"#0","tintindex":0},"north":{"uv":[3.0,7.6875,3.25,7.9375],"rotation":0,"texture":"#0","tintindex":0},"west":{"uv":[5.75,7.875,5.8125,8.125],"rotation":0,"texture":"#0","tintindex":0},"up":{"uv":[5.9375,1.5,5.6875,1.4375],"rotation":0,"texture":"#0","tintindex":0},"down":{"uv":[5.9375,1.5,5.6875,1.5625],"rotation":0,"texture":"#0","tintindex":0}}},{"from":[6.6285715,2.0571427,5.485714],"to":[10.514286,3.6571426,9.3714285],"rotation":{"angle":0.0,"axis":"y","origin":[8.0,-2.285715,-0.57142925]},"faces":{"east":{"uv":[1.375,6.0,1.75,6.125],"rotation":0,"texture":"#0","tintindex":0},"south":{"uv":[3.75,7.75,4.125,7.875],"rotation":0,"texture":"#0","tintindex":0},"north":{"uv":[5.6875,5.5625,6.0625,5.6875],"rotation":0,"texture":"#0","tintindex":0},"west":{"uv":[4.125,7.75,4.5,7.875],"rotation":0,"texture":"#0","tintindex":0},"up":{"uv":[7.625,4.5625,7.25,4.1875],"rotation":0,"texture":"#0","tintindex":0},"down":{"uv":[0.375,7.3125,0.0,7.6875],"rotation":0,"texture":"#0","tintindex":0}}},{"from":[6.857143,-1.1428576,5.714286],"to":[10.285714,2.2857141,9.142858],"rotation":{"angle":0.0,"axis":"y","origin":[8.0,-2.285715,-0.57142925]},"faces":{"east":{"uv":[0.75,7.375,1.125,7.75],"rotation":0,"texture":"#0","tintindex":0},"south":{"uv":[1.125,7.375,1.5,7.75],"rotation":0,"texture":"#0","tintindex":0},"north":{"uv":[0.375,7.375,0.75,7.75],"rotation":0,"texture":"#0","tintindex":0},"west":{"uv":[1.5,7.375,1.875,7.75],"rotation":0,"texture":"#0","tintindex":0},"up":{"uv":[2.25,7.75,1.875,7.375],"rotation":0,"texture":"#0","tintindex":0},"down":{"uv":[2.625,7.375,2.25,7.75],"rotation":0,"texture":"#0","tintindex":0}}}],"display":{"head":{"translation":[0.0,-6.4,0.0],"scale":[4.0,4.0,4.0]}}}