{"textures":{"4":"modelengine:entity/sea_horse_yellow"},"elements":[{"from":[7.428571,9.428572,6.714286],"to":[8.571428,10.571428,8.428572],"rotation":{"angle":-22.5,"axis":"x","origin":[8.0,9.714286,6.857143]},"faces":{"east":{"uv":[4.0,5.0,5.5,6.0],"rotation":0,"texture":"#4","tintindex":0},"south":{"uv":[5.5,6.5,6.5,7.5],"rotation":0,"texture":"#4","tintindex":0},"north":{"uv":[6.5,5.0,7.5,6.0],"rotation":0,"texture":"#4","tintindex":0},"west":{"uv":[5.5,0.0,7.0,1.0],"rotation":0,"texture":"#4","tintindex":0},"up":{"uv":[6.5,2.5,5.5,1.0],"rotation":0,"texture":"#4","tintindex":0},"down":{"uv":[6.5,5.0,5.5,6.5],"rotation":0,"texture":"#4","tintindex":0}}},{"from":[7.142857,7.5714283,7.285714],"to":[8.857143,9.285714,8.428572],"rotation":{"angle":22.5,"axis":"x","origin":[8.0,7.857143,7.857143]},"faces":{"east":{"uv":[0.0,6.0,1.0,7.5],"rotation":0,"texture":"#4","tintindex":0},"south":{"uv":[4.0,1.5,5.5,3.0],"rotation":0,"texture":"#4","tintindex":0},"north":{"uv":[4.0,0.0,5.5,1.5],"rotation":0,"texture":"#4","tintindex":0},"west":{"uv":[1.0,6.0,2.0,7.5],"rotation":0,"texture":"#4","tintindex":0},"up":{"uv":[3.5,7.0,2.0,6.0],"rotation":0,"texture":"#4","tintindex":0},"down":{"uv":[7.5,2.5,6.0,3.5],"rotation":0,"texture":"#4","tintindex":0}}},{"from":[7.714286,8.142858,7.857143],"to":[8.285714,10.428572,9.0],"rotation":{"angle":0.0,"axis":"y","origin":[8.0,7.857143,7.857143]},"faces":{"east":{"uv":[4.0,3.0,5.0,5.0],"rotation":0,"texture":"#4","tintindex":0},"south":{"uv":[2.0,7.0,2.5,9.0],"rotation":0,"texture":"#4","tintindex":0},"north":{"uv":[6.5,6.0,7.0,8.0],"rotation":0,"texture":"#4","tintindex":0},"west":{"uv":[5.0,3.0,6.0,5.0],"rotation":0,"texture":"#4","tintindex":0},"up":{"uv":[7.5,4.5,7.0,3.5],"rotation":0,"texture":"#4","tintindex":0},"down":{"uv":[7.5,6.0,7.0,7.0],"rotation":0,"texture":"#4","tintindex":0}}},{"from":[8.0,8.142858,7.857143],"to":[8.0,11.571428,10.142858],"rotation":{"angle":0.0,"axis":"y","origin":[8.0,7.857143,7.857143]},"faces":{"east":{"uv":[0.0,0.0,2.0,3.0],"rotation":0,"texture":"#4","tintindex":0},"south":{"uv":[0.0,0.0,0.0,3.0],"rotation":0,"texture":"#4","tintindex":0},"north":{"uv":[0.0,0.0,0.0,3.0],"rotation":0,"texture":"#4","tintindex":0},"west":{"uv":[2.0,0.0,0.0,3.0],"rotation":0,"texture":"#4","tintindex":0},"up":{"uv":[0.0,2.0,0.0,0.0],"rotation":0,"texture":"#4","tintindex":0},"down":{"uv":[0.0,0.0,0.0,2.0],"rotation":0,"texture":"#4","tintindex":0}}},{"from":[7.714286,9.428572,5.5714283],"to":[8.285714,10.0,6.714286],"rotation":{"angle":-22.5,"axis":"x","origin":[8.0,9.714286,6.857143]},"faces":{"east":{"uv":[7.0,4.5,8.0,5.0],"rotation":0,"texture":"#4","tintindex":0},"south":{"uv":[7.5,3.0,8.0,3.5],"rotation":0,"texture":"#4","tintindex":0},"north":{"uv":[5.5,2.5,6.0,3.0],"rotation":0,"texture":"#4","tintindex":0},"west":{"uv":[7.0,7.0,8.0,7.5],"rotation":0,"texture":"#4","tintindex":0},"up":{"uv":[0.5,8.5,0.0,7.5],"rotation":0,"texture":"#4","tintindex":0},"down":{"uv":[1.0,7.5,0.5,8.5],"rotation":0,"texture":"#4","tintindex":0}}}],"display":{"head":{"translation":[0.0,-6.4,0.0],"scale":[4.0,4.0,4.0]}}}