{"textures":{"4":"modelengine:entity/sea_horse_yellow"},"elements":[{"from":[7.428571,6.286139,7.9970164],"to":[8.571428,8.000425,9.1398735],"rotation":{"angle":0.0,"axis":"y","origin":[7.714286,8.2861395,8.568445]},"faces":{"east":{"uv":[6.0,3.5,7.0,5.0],"rotation":0,"texture":"#4","tintindex":0},"south":{"uv":[4.5,6.0,5.5,7.5],"rotation":0,"texture":"#4","tintindex":0},"north":{"uv":[3.5,6.0,4.5,7.5],"rotation":0,"texture":"#4","tintindex":0},"west":{"uv":[6.5,1.0,7.5,2.5],"rotation":0,"texture":"#4","tintindex":0},"up":{"uv":[8.0,1.0,7.0,0.0],"rotation":0,"texture":"#4","tintindex":0},"down":{"uv":[3.5,7.0,2.5,8.0],"rotation":0,"texture":"#4","tintindex":0}}},{"from":[7.714286,5.51268,8.317393],"to":[8.285714,6.655537,8.888823],"rotation":{"angle":-45.0,"axis":"x","origin":[7.714286,6.084109,8.603107]},"faces":{"east":{"uv":[7.5,1.0,8.0,2.0],"rotation":0,"texture":"#4","tintindex":0},"south":{"uv":[1.5,7.5,2.0,8.5],"rotation":0,"texture":"#4","tintindex":0},"north":{"uv":[1.0,7.5,1.5,8.5],"rotation":0,"texture":"#4","tintindex":0},"west":{"uv":[7.5,2.0,8.0,3.0],"rotation":0,"texture":"#4","tintindex":0},"up":{"uv":[4.0,8.0,3.5,7.5],"rotation":0,"texture":"#4","tintindex":0},"down":{"uv":[8.0,3.5,7.5,4.0],"rotation":0,"texture":"#4","tintindex":0}}},{"from":[8.0,4.9065886,8.805139],"to":[8.0,8.33516,11.090853],"rotation":{"angle":0.0,"axis":"y","origin":[7.714286,8.620874,8.805139]},"faces":{"east":{"uv":[0.0,3.0,2.0,6.0],"rotation":0,"texture":"#4","tintindex":0},"south":{"uv":[0.0,0.0,0.0,3.0],"rotation":0,"texture":"#4","tintindex":0},"north":{"uv":[0.0,0.0,0.0,3.0],"rotation":0,"texture":"#4","tintindex":0},"west":{"uv":[2.0,3.0,0.0,6.0],"rotation":0,"texture":"#4","tintindex":0},"up":{"uv":[0.0,2.0,0.0,0.0],"rotation":0,"texture":"#4","tintindex":0},"down":{"uv":[0.0,0.0,0.0,2.0],"rotation":0,"texture":"#4","tintindex":0}}}],"display":{"head":{"translation":[0.0,-6.4,0.0],"scale":[4.0,4.0,4.0]}}}