{"textures":{"3":"modelengine:entity/herobrine_zombie"},"elements":[{"from":[6.8,4.5714283,6.857143],"to":[9.085714,8.0,9.142858],"rotation":{"angle":0.0,"axis":"y","origin":[9.085714,1.1428566,8.0]},"faces":{"east":{"uv":[5.0,8.0,4.0,9.5],"rotation":0,"texture":"#3","tintindex":0},"south":{"uv":[9.0,3.0,8.0,4.5],"rotation":0,"texture":"#3","tintindex":0},"north":{"uv":[3.0,8.0,2.0,9.5],"rotation":0,"texture":"#3","tintindex":0},"west":{"uv":[4.0,8.0,3.0,9.5],"rotation":0,"texture":"#3","tintindex":0},"up":{"uv":[8.0,8.5,9.0,7.5],"rotation":0,"texture":"#3","tintindex":0},"down":{"uv":[0.0,8.5,1.0,9.5],"rotation":0,"texture":"#3","tintindex":0}}}],"display":{"head":{"translation":[0.0,-6.4,0.0],"scale":[4.0,4.0,4.0]}}}