{"textures":{"3":"modelengine:entity/herobrine_zombie"},"elements":[{"from":[6.8514285,4.5714283,5.714286],"to":[9.137143,8.0,8.0],"rotation":{"angle":0.0,"axis":"y","origin":[11.428572,-2.285715,6.857143]},"faces":{"east":{"uv":[7.0,6.5,6.0,8.0],"rotation":0,"texture":"#3","tintindex":0},"south":{"uv":[6.0,6.5,5.0,8.0],"rotation":0,"texture":"#3","tintindex":0},"north":{"uv":[4.0,6.5,3.0,8.0],"rotation":0,"texture":"#3","tintindex":0},"west":{"uv":[5.0,6.5,4.0,8.0],"rotation":0,"texture":"#3","tintindex":0},"up":{"uv":[8.0,5.5,9.0,4.5],"rotation":0,"texture":"#3","tintindex":0},"down":{"uv":[5.0,8.0,6.0,9.0],"rotation":0,"texture":"#3","tintindex":0}}}],"display":{"head":{"translation":[0.0,-6.4,0.0],"scale":[4.0,4.0,4.0]}}}