{"textures":{"0":"modelengine:entity/goblin"},"elements":[{"from":[7.428571,7.428571,7.428571],"to":[8.571428,8.571428,8.571428],"rotation":{"angle":0.0,"axis":"y","origin":[8.0,7.428571,8.0]},"faces":{"east":{"uv":[14.0,0.875,14.5,1.375],"rotation":0,"texture":"#0","tintindex":0},"south":{"uv":[14.0,0.875,14.5,1.375],"rotation":0,"texture":"#0","tintindex":0},"north":{"uv":[14.0,0.875,14.5,1.375],"rotation":0,"texture":"#0","tintindex":0},"west":{"uv":[14.0,0.875,14.5,1.375],"rotation":0,"texture":"#0","tintindex":0},"up":{"uv":[14.0,0.875,14.5,1.375],"rotation":0,"texture":"#0","tintindex":0},"down":{"uv":[14.0,0.875,14.5,1.375],"rotation":0,"texture":"#0","tintindex":0}}}],"display":{"head":{"translation":[0.0,-6.4,0.0],"scale":[4.0,4.0,4.0]}}}