{"textures":{"0":"modelengine:entity/goblin"},"elements":[{"from":[6.285714,3.0562696,3.5730772],"to":[6.857143,7.627699,8.144506],"rotation":{"angle":0.0,"axis":"y","origin":[6.285714,5.913413,5.287363]},"faces":{"east":{"uv":[2.0,4.75,4.0,6.75],"rotation":0,"texture":"#0","tintindex":0},"south":{"uv":[7.5,11.5,7.75,13.5],"rotation":0,"texture":"#0","tintindex":0},"north":{"uv":[7.25,11.5,7.5,13.5],"rotation":0,"texture":"#0","tintindex":0},"west":{"uv":[0.0,4.0,2.0,6.0],"rotation":0,"texture":"#0","tintindex":0},"up":{"uv":[6.75,11.5,7.0,13.5],"rotation":0,"texture":"#0","tintindex":0},"down":{"uv":[7.0,11.5,7.25,13.5],"rotation":0,"texture":"#0","tintindex":0}}},{"from":[6.857143,4.5230856,6.8212137],"to":[8.571428,6.237371,9.678356],"rotation":{"angle":-22.5,"axis":"x","origin":[8.571428,3.380228,7.964071]},"faces":{"east":{"uv":[11.25,9.0,10.0,9.75],"rotation":0,"texture":"#0","tintindex":0},"south":{"uv":[3.5,11.5,2.75,12.25],"rotation":0,"texture":"#0","tintindex":0},"north":{"uv":[1.5,11.5,0.75,12.25],"rotation":0,"texture":"#0","tintindex":0},"west":{"uv":[11.25,2.25,10.0,3.0],"rotation":0,"texture":"#0","tintindex":0},"up":{"uv":[0.0,11.5,0.75,10.25],"rotation":0,"texture":"#0","tintindex":0},"down":{"uv":[0.75,10.25,1.5,11.5],"rotation":0,"texture":"#0","tintindex":0}}},{"from":[6.857143,3.9987378,3.6137128],"to":[8.571428,5.7130237,6.4708557],"rotation":{"angle":0.0,"axis":"y","origin":[8.571428,2.8558812,5.8994274]},"faces":{"east":{"uv":[11.25,10.0,10.0,10.75],"rotation":0,"texture":"#0","tintindex":0},"south":{"uv":[0.75,11.5,0.0,12.25],"rotation":0,"texture":"#0","tintindex":0},"north":{"uv":[12.0,2.0,11.25,2.75],"rotation":0,"texture":"#0","tintindex":0},"west":{"uv":[11.0,4.25,9.75,5.0],"rotation":0,"texture":"#0","tintindex":0},"up":{"uv":[10.0,2.25,10.75,1.0],"rotation":0,"texture":"#0","tintindex":0},"down":{"uv":[10.0,7.75,10.75,9.0],"rotation":0,"texture":"#0","tintindex":0}}}],"display":{"head":{"translation":[0.0,-6.4,0.0],"scale":[4.0,4.0,4.0]}}}