{"credit":"MadewithBlockbench","texture_size":[256,256],"textures":{"1":"sled_race_pack:sled_race_pack/winter_tree"},"elements":[{"from":[6,-16,6],"to":[10,14,10],"rotation":{"angle":0,"axis":"y","origin":[0,3,0]},"faces":{"north":{"uv":[0.75,5.6875,1,7.5625],"texture":"#1"},"east":{"uv":[5.125,6.1875,5.375,8.0625],"texture":"#1"},"south":{"uv":[5.375,6.1875,5.625,8.0625],"texture":"#1"},"west":{"uv":[5.625,6.1875,5.875,8.0625],"texture":"#1"},"up":{"uv":[4.375,4.75,4.125,4.5],"texture":"#1"},"down":{"uv":[4.875,3,4.625,3.25],"texture":"#1"}}},{"from":[-10,-3,-2],"to":[8,-3,18],"rotation":{"angle":22.5,"axis":"z","origin":[7.5,-3,8]},"faces":{"north":{"uv":[0,0,1.125,0],"texture":"#1"},"east":{"uv":[0,0,1.25,0],"texture":"#1"},"south":{"uv":[0,0,1.125,0],"texture":"#1"},"west":{"uv":[0,0,1.25,0],"texture":"#1"},"up":{"uv":[1.125,1.25,0,0],"texture":"#1"},"down":{"uv":[2.25,0,1.125,1.25],"texture":"#1"}}},{"from":[-9,2,-1],"to":[8,2,17],"rotation":{"angle":22.5,"axis":"z","origin":[7.5,2,8]},"faces":{"north":{"uv":[0,0,1.0625,0],"texture":"#1"},"east":{"uv":[0,0,1.125,0],"texture":"#1"},"south":{"uv":[0,0,1.0625,0],"texture":"#1"},"west":{"uv":[0,0,1.125,0],"texture":"#1"},"up":{"uv":[2.3125,4.5,1.25,3.375],"texture":"#1"},"down":{"uv":[3.375,3.375,2.3125,4.5],"texture":"#1"}}},{"from":[-6,11,1],"to":[8,11,15],"rotation":{"angle":45,"axis":"z","origin":[7.5,11,8]},"faces":{"north":{"uv":[0,0,0.875,0],"texture":"#1"},"east":{"uv":[0,0,0.875,0],"texture":"#1"},"south":{"uv":[0,0,0.875,0],"texture":"#1"},"west":{"uv":[0,0,0.875,0],"texture":"#1"},"up":{"uv":[2.125,3.375,1.25,2.5],"texture":"#1"},"down":{"uv":[5,5.3125,4.125,6.1875],"texture":"#1"}}},{"from":[-8,6,0],"to":[8,6,16],"rotation":{"angle":22.5,"axis":"z","origin":[7.5,6,8]},"faces":{"north":{"uv":[0,0,1,0],"texture":"#1"},"east":{"uv":[0,0,1,0],"texture":"#1"},"south":{"uv":[0,0,1,0],"texture":"#1"},"west":{"uv":[0,0,1,0],"texture":"#1"},"up":{"uv":[5.4375,5.3125,4.4375,4.3125],"texture":"#1"},"down":{"uv":[2.125,4.5,1.125,5.5],"texture":"#1"}}},{"from":[-3,21,3],"to":[8,21,13],"rotation":{"angle":45,"axis":"z","origin":[7.5,21,8]},"faces":{"north":{"uv":[0,0,0.6875,0],"texture":"#1"},"east":{"uv":[0,0,0.625,0],"texture":"#1"},"south":{"uv":[0,0,0.6875,0],"texture":"#1"},"west":{"uv":[0,0,0.625,0],"texture":"#1"},"up":{"uv":[6.3125,3,5.625,2.375],"texture":"#1"},"down":{"uv":[7,2.375,6.3125,3],"texture":"#1"}}},{"from":[-4,16,2],"to":[8,16,14],"rotation":{"angle":45,"axis":"z","origin":[7.5,16,8]},"faces":{"north":{"uv":[0,0,0.75,0],"texture":"#1"},"east":{"uv":[0,0,0.75,0],"texture":"#1"},"south":{"uv":[0,0,0.75,0],"texture":"#1"},"west":{"uv":[0,0,0.75,0],"texture":"#1"},"up":{"uv":[6.3125,3.75,5.5625,3],"texture":"#1"},"down":{"uv":[6.375,0.875,5.625,1.625],"texture":"#1"}}},{"from":[-2,26,4],"to":[8,26,12],"rotation":{"angle":45,"axis":"z","origin":[7.5,26,8]},"faces":{"north":{"uv":[0,0,0.625,0],"texture":"#1"},"east":{"uv":[0,0,0.5,0],"texture":"#1"},"south":{"uv":[0,0,0.625,0],"texture":"#1"},"west":{"uv":[0,0,0.5,0],"texture":"#1"},"up":{"uv":[6.1875,4.25,5.5625,3.75],"texture":"#1"},"down":{"uv":[2.25,6.375,1.625,6.875],"texture":"#1"}}},{"from":[7.5,22.5,5],"to":[7.5,31.5,11],"rotation":{"angle":-22.5,"axis":"z","origin":[7.5,31,8]},"faces":{"north":{"uv":[0,0,0,0.5625],"texture":"#1"},"east":{"uv":[6.625,6.125,7,6.6875],"texture":"#1"},"south":{"uv":[0,0,0,0.5625],"texture":"#1"},"west":{"uv":[6.625,6.125,7,6.6875],"texture":"#1"},"up":{"uv":[0,0.375,0,0],"texture":"#1"},"down":{"uv":[0,0,0,0.375],"texture":"#1"}}},{"from":[8,-3,-2],"to":[26,-3,18],"rotation":{"angle":-22.5,"axis":"z","origin":[8.5,-3,8]},"faces":{"north":{"uv":[0,0,1.125,0],"texture":"#1"},"east":{"uv":[0,0,1.25,0],"texture":"#1"},"south":{"uv":[0,0,1.125,0],"texture":"#1"},"west":{"uv":[0,0,1.25,0],"texture":"#1"},"up":{"uv":[1.125,2.5,0,1.25],"texture":"#1"},"down":{"uv":[2.25,1.25,1.125,2.5],"texture":"#1"}}},{"from":[8,2,-1],"to":[25,2,17],"rotation":{"angle":-22.5,"axis":"z","origin":[8.5,2,8]},"faces":{"north":{"uv":[0,0,1.0625,0],"texture":"#1"},"east":{"uv":[0,0,1.125,0],"texture":"#1"},"south":{"uv":[0,0,1.0625,0],"texture":"#1"},"west":{"uv":[0,0,1.125,0],"texture":"#1"},"up":{"uv":[4.4375,4.5,3.375,3.375],"texture":"#1"},"down":{"uv":[4.5625,0,3.5,1.125],"texture":"#1"}}},{"from":[8,6,0],"to":[24,6,16],"rotation":{"angle":-22.5,"axis":"z","origin":[8.5,6,8]},"faces":{"north":{"uv":[0,0,1,0],"texture":"#1"},"east":{"uv":[0,0,1,0],"texture":"#1"},"south":{"uv":[0,0,1,0],"texture":"#1"},"west":{"uv":[0,0,1,0],"texture":"#1"},"up":{"uv":[3.125,5.5,2.125,4.5],"texture":"#1"},"down":{"uv":[4.125,4.5,3.125,5.5],"texture":"#1"}}},{"from":[8,11,1],"to":[22,11,15],"rotation":{"angle":-45,"axis":"z","origin":[8.5,11,8]},"faces":{"north":{"uv":[0,0,0.875,0],"texture":"#1"},"east":{"uv":[0,0,0.875,0],"texture":"#1"},"south":{"uv":[0,0,0.875,0],"texture":"#1"},"west":{"uv":[0,0,0.875,0],"texture":"#1"},"up":{"uv":[5.875,6.1875,5,5.3125],"texture":"#1"},"down":{"uv":[6.3125,4.3125,5.4375,5.1875],"texture":"#1"}}},{"from":[8,16,2],"to":[20,16,14],"rotation":{"angle":-45,"axis":"z","origin":[8.5,16,8]},"faces":{"north":{"uv":[0,0,0.75,0],"texture":"#1"},"east":{"uv":[0,0,0.75,0],"texture":"#1"},"south":{"uv":[0,0,0.75,0],"texture":"#1"},"west":{"uv":[0,0,0.75,0],"texture":"#1"},"up":{"uv":[6.375,2.375,5.625,1.625],"texture":"#1"},"down":{"uv":[0.75,5.6875,0,6.4375],"texture":"#1"}}},{"from":[8,21,3],"to":[19,21,13],"rotation":{"angle":-45,"axis":"z","origin":[8.5,21,8]},"faces":{"north":{"uv":[0,0,0.6875,0],"texture":"#1"},"east":{"uv":[0,0,0.625,0],"texture":"#1"},"south":{"uv":[0,0,0.6875,0],"texture":"#1"},"west":{"uv":[0,0,0.625,0],"texture":"#1"},"up":{"uv":[7,3.625,6.3125,3],"texture":"#1"},"down":{"uv":[7,3.625,6.3125,4.25],"texture":"#1"}}},{"from":[8.5,22.5,5],"to":[8.5,31.5,11],"rotation":{"angle":22.5,"axis":"z","origin":[8.5,31,8]},"faces":{"north":{"uv":[0,0,0,0.5625],"texture":"#1"},"east":{"uv":[6.25,6.6875,6.625,7.25],"texture":"#1"},"south":{"uv":[0,0,0,0.5625],"texture":"#1"},"west":{"uv":[6.25,6.6875,6.625,7.25],"texture":"#1"},"up":{"uv":[0,0.375,0,0],"texture":"#1"},"down":{"uv":[0,0,0,0.375],"texture":"#1"}}},{"from":[8,26,4],"to":[18,26,12],"rotation":{"angle":-45,"axis":"z","origin":[8.5,26,8]},"faces":{"north":{"uv":[0,0,0.625,0],"texture":"#1"},"east":{"uv":[0,0,0.5,0],"texture":"#1"},"south":{"uv":[0,0,0.625,0],"texture":"#1"},"west":{"uv":[0,0,0.5,0],"texture":"#1"},"up":{"uv":[2.875,6.875,2.25,6.375],"texture":"#1"},"down":{"uv":[3.5,6.375,2.875,6.875],"texture":"#1"}}},{"from":[-2,-1.77907,-15.13805],"to":[18,-1.77907,2.86195],"rotation":{"angle":-22.5,"axis":"x","origin":[8,10.52584,8]},"faces":{"north":{"uv":[0,0,1.25,0],"texture":"#1"},"east":{"uv":[0,0,1.125,0],"texture":"#1"},"south":{"uv":[0,0,1.25,0],"texture":"#1"},"west":{"uv":[0,0,1.125,0],"texture":"#1"},"up":{"uv":[3.5,3.375,2.25,2.25],"texture":"#1"},"down":{"uv":[1.25,2.5,0,3.625],"texture":"#1"}}},{"from":[-1,2.84033,-12.22464],"to":[17,2.84033,4.77536],"rotation":{"angle":-22.5,"axis":"x","origin":[8,10.52584,8]},"faces":{"north":{"uv":[0,0,1.125,0],"texture":"#1"},"east":{"uv":[0,0,1.0625,0],"texture":"#1"},"south":{"uv":[0,0,1.125,0],"texture":"#1"},"west":{"uv":[0,0,1.0625,0],"texture":"#1"},"up":{"uv":[1.125,4.6875,0,3.625],"texture":"#1"},"down":{"uv":[5.5625,3.25,4.4375,4.3125],"texture":"#1"}}},{"from":[0,6.53585,-9.6939],"to":[16,6.53585,6.3061],"rotation":{"angle":-22.5,"axis":"x","origin":[8,10.52584,8]},"faces":{"north":{"uv":[0,0,1,0],"texture":"#1"},"east":{"uv":[0,0,1,0],"texture":"#1"},"south":{"uv":[0,0,1,0],"texture":"#1"},"west":{"uv":[0,0,1,0],"texture":"#1"},"up":{"uv":[5.625,3,4.625,2],"texture":"#1"},"down":{"uv":[1,4.6875,0,5.6875],"texture":"#1"}}},{"from":[1,11.21467,-5.51827],"to":[15,11.21467,8.48173],"rotation":{"angle":-45,"axis":"x","origin":[8,10.52584,8]},"faces":{"north":{"uv":[0,0,0.875,0],"texture":"#1"},"east":{"uv":[0,0,0.875,0],"texture":"#1"},"south":{"uv":[0,0,0.875,0],"texture":"#1"},"west":{"uv":[0,0,0.875,0],"texture":"#1"},"up":{"uv":[3.625,6.375,2.75,5.5],"texture":"#1"},"down":{"uv":[6.4375,0,5.5625,0.875],"texture":"#1"}}},{"from":[2,14.75021,0.01726],"to":[14,14.75021,12.01726],"rotation":{"angle":-45,"axis":"x","origin":[8,10.52584,8]},"faces":{"north":{"uv":[0,0,0.75,0],"texture":"#1"},"east":{"uv":[0,0,0.75,0],"texture":"#1"},"south":{"uv":[0,0,0.75,0],"texture":"#1"},"west":{"uv":[0,0,0.75,0],"texture":"#1"},"up":{"uv":[4.375,6.9375,3.625,6.1875],"texture":"#1"},"down":{"uv":[5.125,6.1875,4.375,6.9375],"texture":"#1"}}},{"from":[3,18.28574,4.5528],"to":[13,18.28574,15.5528],"rotation":{"angle":-45,"axis":"x","origin":[8,10.52584,8]},"faces":{"north":{"uv":[0,0,0.625,0],"texture":"#1"},"east":{"uv":[0,0,0.6875,0],"texture":"#1"},"south":{"uv":[0,0,0.625,0],"texture":"#1"},"west":{"uv":[0,0,0.6875,0],"texture":"#1"},"up":{"uv":[1.625,7.0625,1,6.375],"texture":"#1"},"down":{"uv":[7,1.5625,6.375,2.25],"texture":"#1"}}},{"from":[5,20.75016,-0.29706],"to":[11,29.75016,-0.29706],"rotation":{"angle":22.5,"axis":"x","origin":[8,10.52584,8]},"faces":{"north":{"uv":[2,6.875,2.375,7.4375],"texture":"#1"},"east":{"uv":[0,0,0,0.5625],"texture":"#1"},"south":{"uv":[2.375,6.875,2.75,7.4375],"texture":"#1"},"west":{"uv":[0,0,0,0.5625],"texture":"#1"},"up":{"uv":[0.375,0,0,0],"texture":"#1"},"down":{"uv":[0.375,0,0,0],"texture":"#1"}}},{"from":[4,21.82128,9.08833],"to":[12,21.82128,19.08833],"rotation":{"angle":-45,"axis":"x","origin":[8,10.52584,8]},"faces":{"north":{"uv":[0,0,0.5,0],"texture":"#1"},"east":{"uv":[0,0,0.625,0],"texture":"#1"},"south":{"uv":[0,0,0.5,0],"texture":"#1"},"west":{"uv":[0,0,0.625,0],"texture":"#1"},"up":{"uv":[6.9375,0.625,6.4375,0],"texture":"#1"},"down":{"uv":[7.125,4.9375,6.625,5.5625],"texture":"#1"}}},{"from":[-2,-1.77907,13.13805],"to":[18,-1.77907,31.13805],"rotation":{"angle":22.5,"axis":"x","origin":[8,10.52584,8]},"faces":{"north":{"uv":[1.25,0,0,0],"texture":"#1"},"east":{"uv":[1.125,0,0,0],"texture":"#1"},"south":{"uv":[1.25,0,0,0],"texture":"#1"},"west":{"uv":[1.125,0,0,0],"texture":"#1"},"up":{"uv":[3.5,2.25,2.25,3.375],"texture":"#1"},"down":{"uv":[1.25,3.625,0,2.5],"texture":"#1"}}},{"from":[0,6.53585,9.6939],"to":[16,6.53585,25.6939],"rotation":{"angle":22.5,"axis":"x","origin":[8,10.52584,8]},"faces":{"north":{"uv":[1,0,0,0],"texture":"#1"},"east":{"uv":[1,0,0,0],"texture":"#1"},"south":{"uv":[1,0,0,0],"texture":"#1"},"west":{"uv":[1,0,0,0],"texture":"#1"},"up":{"uv":[5.625,2,4.625,3],"texture":"#1"},"down":{"uv":[1,5.6875,0,4.6875],"texture":"#1"}}},{"from":[-1,2.84033,11.22464],"to":[17,2.84033,28.22464],"rotation":{"angle":22.5,"axis":"x","origin":[8,10.52584,8]},"faces":{"north":{"uv":[1.125,0,0,0],"texture":"#1"},"east":{"uv":[1.0625,0,0,0],"texture":"#1"},"south":{"uv":[1.125,0,0,0],"texture":"#1"},"west":{"uv":[1.0625,0,0,0],"texture":"#1"},"up":{"uv":[1.125,3.625,0,4.6875],"texture":"#1"},"down":{"uv":[5.5625,4.3125,4.4375,3.25],"texture":"#1"}}},{"from":[2,14.75021,3.98274],"to":[14,14.75021,15.98274],"rotation":{"angle":45,"axis":"x","origin":[8,10.52584,8]},"faces":{"north":{"uv":[0.75,0,0,0],"texture":"#1"},"east":{"uv":[0.75,0,0,0],"texture":"#1"},"south":{"uv":[0.75,0,0,0],"texture":"#1"},"west":{"uv":[0.75,0,0,0],"texture":"#1"},"up":{"uv":[4.375,6.1875,3.625,6.9375],"texture":"#1"},"down":{"uv":[5.125,6.9375,4.375,6.1875],"texture":"#1"}}},{"from":[1,11.21467,7.51827],"to":[15,11.21467,21.51827],"rotation":{"angle":45,"axis":"x","origin":[8,10.52584,8]},"faces":{"north":{"uv":[0.875,0,0,0],"texture":"#1"},"east":{"uv":[0.875,0,0,0],"texture":"#1"},"south":{"uv":[0.875,0,0,0],"texture":"#1"},"west":{"uv":[0.875,0,0,0],"texture":"#1"},"up":{"uv":[3.625,5.5,2.75,6.375],"texture":"#1"},"down":{"uv":[6.4375,0.875,5.5625,0],"texture":"#1"}}},{"from":[3,18.28574,0.4472],"to":[13,18.28574,11.4472],"rotation":{"angle":45,"axis":"x","origin":[8,10.52584,8]},"faces":{"north":{"uv":[0.625,0,0,0],"texture":"#1"},"east":{"uv":[0.6875,0,0,0],"texture":"#1"},"south":{"uv":[0.625,0,0,0],"texture":"#1"},"west":{"uv":[0.6875,0,0,0],"texture":"#1"},"up":{"uv":[1.625,6.375,1,7.0625],"texture":"#1"},"down":{"uv":[7,2.25,6.375,1.5625],"texture":"#1"}}},{"from":[4,21.82128,-3.08833],"to":[12,21.82128,6.91167],"rotation":{"angle":45,"axis":"x","origin":[8,10.52584,8]},"faces":{"north":{"uv":[0.5,0,0,0],"texture":"#1"},"east":{"uv":[0.625,0,0,0],"texture":"#1"},"south":{"uv":[0.5,0,0,0],"texture":"#1"},"west":{"uv":[0.625,0,0,0],"texture":"#1"},"up":{"uv":[6.9375,0,6.4375,0.625],"texture":"#1"},"down":{"uv":[7.125,5.5625,6.625,4.9375],"texture":"#1"}}},{"from":[5,20.75016,16.29706],"to":[11,29.75016,16.29706],"rotation":{"angle":-22.5,"axis":"x","origin":[8,10.52584,8]},"faces":{"north":{"uv":[2.75,6.875,2.375,7.4375],"texture":"#1"},"east":{"uv":[0,0,0,0.5625],"texture":"#1"},"south":{"uv":[2.375,6.875,2,7.4375],"texture":"#1"},"west":{"uv":[0,0,0,0.5625],"texture":"#1"},"up":{"uv":[0.375,0,0,0],"texture":"#1"},"down":{"uv":[0.375,0,0,0],"texture":"#1"}}}],"display":{"thirdperson_righthand":{"rotation":[75,45,0],"translation":[0,2.5,0],"scale":[0.375,0.375,0.375]},"thirdperson_lefthand":{"rotation":[75,45,0],"translation":[0,2.5,0],"scale":[0.375,0.375,0.375]},"firstperson_righthand":{"rotation":[0,45,0],"scale":[0.4,0.4,0.4]},"firstperson_lefthand":{"rotation":[0,225,0],"scale":[0.4,0.4,0.4]},"ground":{"translation":[0,3,0],"scale":[0.25,0.25,0.25]},"gui":{"rotation":[30,225,0],"scale":[0.3,0.3,0.3]},"fixed":{"rotation":[-90,0,0],"translation":[0,0,-48],"scale":[2,2,2]}}}