{"textures":{"8":"modelengine:entity/hammer"},"elements":[{"from":[9.297765,7.015724,8.408698],"to":[10.440621,18.444296,8.980126],"rotation":{"angle":-45.0,"axis":"z","origin":[7.01205,11.301439,8.265841]},"faces":{"east":{"uv":[4.5,0.0,5.0,10.0],"rotation":0,"texture":"#8","tintindex":0},"south":{"uv":[1.0,0.0,2.0,10.0],"rotation":0,"texture":"#8","tintindex":0},"north":{"uv":[0.0,0.0,1.0,10.0],"rotation":0,"texture":"#8","tintindex":0},"west":{"uv":[5.0,0.0,5.5,10.0],"rotation":0,"texture":"#8","tintindex":0},"up":{"uv":[9.5,3.5,8.5,3.0],"rotation":0,"texture":"#8","tintindex":0},"down":{"uv":[9.5,3.5,8.5,4.0],"rotation":0,"texture":"#8","tintindex":0}}},{"from":[11.297765,15.015724,7.265841],"to":[13.012051,18.444296,10.122984],"rotation":{"angle":-45.0,"axis":"z","origin":[7.01205,11.301439,8.265841]},"faces":{"east":{"uv":[2.0,0.0,4.5,3.0],"rotation":0,"texture":"#8","tintindex":0},"south":{"uv":[5.5,3.0,7.0,6.0],"rotation":0,"texture":"#8","tintindex":0},"north":{"uv":[5.5,0.0,7.0,3.0],"rotation":0,"texture":"#8","tintindex":0},"west":{"uv":[2.0,3.0,4.5,6.0],"rotation":0,"texture":"#8","tintindex":0},"up":{"uv":[3.5,8.5,2.0,6.0],"rotation":0,"texture":"#8","tintindex":0},"down":{"uv":[7.0,6.0,5.5,8.5],"rotation":0,"texture":"#8","tintindex":0}}},{"from":[10.726336,15.5871525,8.408698],"to":[11.297765,17.872868,8.980126],"rotation":{"angle":-45.0,"axis":"z","origin":[7.01205,11.301439,8.265841]},"faces":{"east":{"uv":[2.0,8.5,2.5,10.5],"rotation":0,"texture":"#8","tintindex":0},"south":{"uv":[2.5,8.5,3.0,10.5],"rotation":0,"texture":"#8","tintindex":0},"north":{"uv":[8.5,1.0,9.0,3.0],"rotation":0,"texture":"#8","tintindex":0},"west":{"uv":[3.0,8.5,3.5,10.5],"rotation":0,"texture":"#8","tintindex":0},"up":{"uv":[6.0,9.0,5.5,8.5],"rotation":0,"texture":"#8","tintindex":0},"down":{"uv":[6.5,8.5,6.0,9.0],"rotation":0,"texture":"#8","tintindex":0}}},{"from":[9.01205,15.5871525,8.122984],"to":[10.726336,17.872868,9.265841],"rotation":{"angle":-45.0,"axis":"z","origin":[7.01205,11.301439,8.265841]},"faces":{"east":{"uv":[3.5,6.0,4.5,8.0],"rotation":0,"texture":"#8","tintindex":0},"south":{"uv":[7.0,2.0,8.5,4.0],"rotation":0,"texture":"#8","tintindex":0},"north":{"uv":[7.0,0.0,8.5,2.0],"rotation":0,"texture":"#8","tintindex":0},"west":{"uv":[7.0,4.0,8.0,6.0],"rotation":0,"texture":"#8","tintindex":0},"up":{"uv":[8.5,7.0,7.0,6.0],"rotation":0,"texture":"#8","tintindex":0},"down":{"uv":[8.5,7.0,7.0,8.0],"rotation":0,"texture":"#8","tintindex":0}}},{"from":[7.869193,16.730011,8.122984],"to":[9.01205,17.872868,9.265841],"rotation":{"angle":-45.0,"axis":"z","origin":[7.01205,11.301439,8.265841]},"faces":{"east":{"uv":[8.0,4.0,9.0,5.0],"rotation":0,"texture":"#8","tintindex":0},"south":{"uv":[8.0,5.0,9.0,6.0],"rotation":0,"texture":"#8","tintindex":0},"north":{"uv":[3.5,8.0,4.5,9.0],"rotation":0,"texture":"#8","tintindex":0},"west":{"uv":[7.0,8.0,8.0,9.0],"rotation":0,"texture":"#8","tintindex":0},"up":{"uv":[9.0,9.0,8.0,8.0],"rotation":0,"texture":"#8","tintindex":0},"down":{"uv":[9.5,0.0,8.5,1.0],"rotation":0,"texture":"#8","tintindex":0}}}],"display":{"head":{"translation":[0.0,-6.4,0.0],"scale":[4.0,4.0,4.0]}}}