{"textures":{"0":"modelengine:entity/mso_lava_lord"},"elements":[{"from":[3.1999998,1.0666666,8.0],"to":[12.8,20.266666,8.0],"rotation":{"angle":0.0,"axis":"y","origin":[8.0,13.866667,8.0]},"faces":{"east":{"uv":[4.625,11.375,4.625,12.125],"rotation":0,"texture":"#0","tintindex":0},"south":{"uv":[1.125,11.625,0.75,12.25],"rotation":0,"texture":"#0","tintindex":0},"north":{"uv":[0.75,11.625,1.125,12.25],"rotation":0,"texture":"#0","tintindex":0},"west":{"uv":[4.25,11.375,4.25,12.125],"rotation":0,"texture":"#0","tintindex":0},"up":{"uv":[4.25,11.375,4.625,11.375],"rotation":0,"texture":"#0","tintindex":0},"down":{"uv":[4.625,11.375,5.0,11.375],"rotation":0,"texture":"#0","tintindex":0}}},{"from":[8.0,1.0666666,3.1999998],"to":[8.0,20.266666,12.8],"rotation":{"angle":0.0,"axis":"y","origin":[8.0,13.866667,8.0]},"faces":{"east":{"uv":[1.125,11.625,0.75,12.25],"rotation":0,"texture":"#0","tintindex":0},"south":{"uv":[0.75,4.625,0.75,5.375],"rotation":0,"texture":"#0","tintindex":0},"north":{"uv":[0.375,4.625,0.375,5.375],"rotation":0,"texture":"#0","tintindex":0},"west":{"uv":[0.75,11.625,1.125,12.25],"rotation":0,"texture":"#0","tintindex":0},"up":{"uv":[0.375,4.625,0.375,4.25],"rotation":0,"texture":"#0","tintindex":0},"down":{"uv":[0.375,4.25,0.375,4.625],"rotation":0,"texture":"#0","tintindex":0}}},{"from":[8.0,-1.333334,11.2],"to":[8.0,14.666667,20.8],"rotation":{"angle":22.5,"axis":"x","origin":[8.0,-1.333334,16.0]},"faces":{"east":{"uv":[0.75,11.625,1.125,12.25],"rotation":0,"texture":"#0","tintindex":0},"south":{"uv":[4.25,2.375,4.25,3.0],"rotation":0,"texture":"#0","tintindex":0},"north":{"uv":[3.875,2.375,3.875,3.0],"rotation":0,"texture":"#0","tintindex":0},"west":{"uv":[1.125,11.625,0.75,12.25],"rotation":0,"texture":"#0","tintindex":0},"up":{"uv":[3.875,2.375,3.875,2.0],"rotation":0,"texture":"#0","tintindex":0},"down":{"uv":[3.875,2.0,3.875,2.375],"rotation":0,"texture":"#0","tintindex":0}}},{"from":[3.1999998,-1.333334,16.0],"to":[12.8,14.666667,16.0],"rotation":{"angle":22.5,"axis":"x","origin":[8.0,-1.333334,16.0]},"faces":{"east":{"uv":[0.375,11.625,0.375,12.25],"rotation":0,"texture":"#0","tintindex":0},"south":{"uv":[0.75,11.625,1.125,12.25],"rotation":0,"texture":"#0","tintindex":0},"north":{"uv":[1.125,11.625,0.75,12.25],"rotation":0,"texture":"#0","tintindex":0},"west":{"uv":[0.0,11.625,0.0,12.25],"rotation":0,"texture":"#0","tintindex":0},"up":{"uv":[0.0,11.625,0.375,11.625],"rotation":0,"texture":"#0","tintindex":0},"down":{"uv":[0.375,11.625,0.75,11.625],"rotation":0,"texture":"#0","tintindex":0}}},{"from":[8.0,-1.333334,-4.8],"to":[8.0,14.666667,4.8],"rotation":{"angle":-22.5,"axis":"x","origin":[8.0,-1.333334,0.0]},"faces":{"east":{"uv":[0.75,11.625,1.125,12.25],"rotation":0,"texture":"#0","tintindex":0},"south":{"uv":[5.375,0.5,5.375,1.125],"rotation":0,"texture":"#0","tintindex":0},"north":{"uv":[5.0,0.5,5.0,1.125],"rotation":0,"texture":"#0","tintindex":0},"west":{"uv":[1.125,11.625,0.75,12.25],"rotation":0,"texture":"#0","tintindex":0},"up":{"uv":[5.0,0.5,5.0,0.125],"rotation":0,"texture":"#0","tintindex":0},"down":{"uv":[5.0,0.125,5.0,0.5],"rotation":0,"texture":"#0","tintindex":0}}},{"from":[3.1999998,-1.333334,0.0],"to":[12.8,14.666667,0.0],"rotation":{"angle":-22.5,"axis":"x","origin":[8.0,-1.333334,0.0]},"faces":{"east":{"uv":[1.125,11.625,1.125,12.25],"rotation":0,"texture":"#0","tintindex":0},"south":{"uv":[0.75,11.625,1.125,12.25],"rotation":0,"texture":"#0","tintindex":0},"north":{"uv":[1.125,11.625,0.75,12.25],"rotation":0,"texture":"#0","tintindex":0},"west":{"uv":[0.75,11.625,0.75,12.25],"rotation":0,"texture":"#0","tintindex":0},"up":{"uv":[0.75,11.625,1.125,11.625],"rotation":0,"texture":"#0","tintindex":0},"down":{"uv":[1.125,11.625,1.5,11.625],"rotation":0,"texture":"#0","tintindex":0}}}],"display":{"head":{"translation":[0.0,-6.4,0.0],"scale":[4.0,4.0,4.0]}}}