{"textures":{"0":"modelengine:entity/mso_lava_lord"},"elements":[{"from":[4.8,4.8,1.5999999],"to":[11.2,11.2,8.0],"rotation":{"angle":0.0,"axis":"y","origin":[8.0,8.0,8.0]},"faces":{"east":{"uv":[9.5,11.625,9.75,11.875],"rotation":0,"texture":"#0","tintindex":0},"south":{"uv":[10.25,11.625,10.5,11.875],"rotation":0,"texture":"#0","tintindex":0},"north":{"uv":[9.75,11.625,10.0,11.875],"rotation":0,"texture":"#0","tintindex":0},"west":{"uv":[10.0,11.625,10.25,11.875],"rotation":0,"texture":"#0","tintindex":0},"up":{"uv":[10.0,11.625,9.75,11.375],"rotation":0,"texture":"#0","tintindex":0},"down":{"uv":[10.25,11.375,10.0,11.625],"rotation":0,"texture":"#0","tintindex":0}}},{"from":[-1.6000004,-1.6000004,-9.6],"to":[17.6,17.6,3.1999998],"rotation":{"angle":0.0,"axis":"y","origin":[8.0,8.0,3.1999998]},"faces":{"east":{"uv":[5.25,9.125,5.75,9.875],"rotation":0,"texture":"#0","tintindex":0},"south":{"uv":[7.0,9.125,7.75,9.875],"rotation":0,"texture":"#0","tintindex":0},"north":{"uv":[5.75,9.125,6.5,9.875],"rotation":0,"texture":"#0","tintindex":0},"west":{"uv":[6.5,9.125,7.0,9.875],"rotation":0,"texture":"#0","tintindex":0},"up":{"uv":[6.5,9.125,5.75,8.625],"rotation":0,"texture":"#0","tintindex":0},"down":{"uv":[7.25,8.625,6.5,9.125],"rotation":0,"texture":"#0","tintindex":0}}},{"from":[-2.2400007,-2.2400007,-0.64000034],"to":[18.240002,18.240002,3.8399997],"rotation":{"angle":0.0,"axis":"y","origin":[8.0,8.0,3.1999998]},"faces":{"east":{"uv":[6.75,10.125,6.875,10.875],"rotation":0,"texture":"#0","tintindex":0},"south":{"uv":[7.75,10.125,8.5,10.875],"rotation":0,"texture":"#0","tintindex":0},"north":{"uv":[6.875,10.125,7.625,10.875],"rotation":0,"texture":"#0","tintindex":0},"west":{"uv":[7.625,10.125,7.75,10.875],"rotation":0,"texture":"#0","tintindex":0},"up":{"uv":[7.625,10.125,6.875,10.0],"rotation":0,"texture":"#0","tintindex":0},"down":{"uv":[8.375,10.0,7.625,10.125],"rotation":0,"texture":"#0","tintindex":0}}},{"from":[6.8,9.6,-13.6],"to":[16.400002,12.8,-10.400002],"rotation":{"angle":22.5,"axis":"z","origin":[11.6,12.0,-12.0]},"faces":{"east":{"uv":[4.5,6.625,4.625,6.75],"rotation":0,"texture":"#0","tintindex":0},"south":{"uv":[5.125,6.625,5.5,6.75],"rotation":0,"texture":"#0","tintindex":0},"north":{"uv":[4.625,6.625,5.0,6.75],"rotation":0,"texture":"#0","tintindex":0},"west":{"uv":[5.0,6.625,5.125,6.75],"rotation":0,"texture":"#0","tintindex":0},"up":{"uv":[5.0,6.625,4.625,6.5],"rotation":0,"texture":"#0","tintindex":0},"down":{"uv":[5.375,6.5,5.0,6.625],"rotation":0,"texture":"#0","tintindex":0}}},{"from":[14.8,8.0,-11.200001],"to":[18.0,12.8,-8.0],"rotation":{"angle":22.5,"axis":"z","origin":[16.400002,12.0,-9.6]},"faces":{"east":{"uv":[6.0,6.125,6.125,6.25],"rotation":0,"texture":"#0","tintindex":0},"south":{"uv":[6.375,6.125,6.5,6.25],"rotation":0,"texture":"#0","tintindex":0},"north":{"uv":[6.125,6.125,6.25,6.25],"rotation":0,"texture":"#0","tintindex":0},"west":{"uv":[6.25,6.125,6.375,6.25],"rotation":0,"texture":"#0","tintindex":0},"up":{"uv":[6.25,6.125,6.125,6.0],"rotation":0,"texture":"#0","tintindex":0},"down":{"uv":[6.375,6.0,6.25,6.125],"rotation":0,"texture":"#0","tintindex":0}}},{"from":[6.96,6.4,-11.200001],"to":[10.16,9.6,-8.0],"rotation":{"angle":22.5,"axis":"z","origin":[8.56,8.8,-9.6]},"faces":{"east":{"uv":[4.5,5.75,4.625,5.875],"rotation":0,"texture":"#0","tintindex":0},"south":{"uv":[4.875,5.75,5.0,5.875],"rotation":0,"texture":"#0","tintindex":0},"north":{"uv":[4.625,5.75,4.75,5.875],"rotation":0,"texture":"#0","tintindex":0},"west":{"uv":[4.75,5.75,4.875,5.875],"rotation":0,"texture":"#0","tintindex":0},"up":{"uv":[4.75,5.75,4.625,5.625],"rotation":0,"texture":"#0","tintindex":0},"down":{"uv":[4.875,5.625,4.75,5.75],"rotation":0,"texture":"#0","tintindex":0}}},{"from":[6.8,14.4,-12.800001],"to":[16.400002,17.6,-9.6],"rotation":{"angle":22.5,"axis":"z","origin":[11.6,16.8,-11.200001]},"faces":{"east":{"uv":[1.75,6.625,1.875,6.75],"rotation":0,"texture":"#0","tintindex":0},"south":{"uv":[2.375,6.625,2.75,6.75],"rotation":0,"texture":"#0","tintindex":0},"north":{"uv":[1.875,6.625,2.25,6.75],"rotation":0,"texture":"#0","tintindex":0},"west":{"uv":[2.25,6.625,2.375,6.75],"rotation":0,"texture":"#0","tintindex":0},"up":{"uv":[2.25,6.625,1.875,6.5],"rotation":0,"texture":"#0","tintindex":0},"down":{"uv":[2.625,6.5,2.25,6.625],"rotation":0,"texture":"#0","tintindex":0}}},{"from":[6.8,19.2,-12.0],"to":[13.200001,22.400002,-5.6000004],"rotation":{"angle":22.5,"axis":"z","origin":[11.6,21.6,-10.400002]},"faces":{"east":{"uv":[1.5,9.25,1.75,9.375],"rotation":0,"texture":"#0","tintindex":0},"south":{"uv":[2.25,9.25,2.5,9.375],"rotation":0,"texture":"#0","tintindex":0},"north":{"uv":[1.75,9.25,2.0,9.375],"rotation":0,"texture":"#0","tintindex":0},"west":{"uv":[2.0,9.25,2.25,9.375],"rotation":0,"texture":"#0","tintindex":0},"up":{"uv":[2.0,9.25,1.75,9.0],"rotation":0,"texture":"#0","tintindex":0},"down":{"uv":[2.25,9.0,2.0,9.25],"rotation":0,"texture":"#0","tintindex":0}}},{"from":[12.8,12.0,-10.400002],"to":[19.2,18.400002,-4.000001],"rotation":{"angle":0.0,"axis":"y","origin":[16.0,8.8,2.3999996]},"faces":{"east":{"uv":[11.375,7.5,11.625,7.75],"rotation":0,"texture":"#0","tintindex":0},"south":{"uv":[12.125,7.5,12.375,7.75],"rotation":0,"texture":"#0","tintindex":0},"north":{"uv":[11.625,7.5,11.875,7.75],"rotation":0,"texture":"#0","tintindex":0},"west":{"uv":[11.875,7.5,12.125,7.75],"rotation":0,"texture":"#0","tintindex":0},"up":{"uv":[11.875,7.5,11.625,7.25],"rotation":0,"texture":"#0","tintindex":0},"down":{"uv":[12.125,7.25,11.875,7.5],"rotation":0,"texture":"#0","tintindex":0}}},{"from":[4.8,9.6,-11.200001],"to":[11.2,19.2,1.5999999],"rotation":{"angle":0.0,"axis":"y","origin":[8.0,9.6,1.5999999]},"faces":{"east":{"uv":[10.25,9.0,10.75,9.375],"rotation":0,"texture":"#0","tintindex":0},"south":{"uv":[11.5,9.0,11.75,9.375],"rotation":0,"texture":"#0","tintindex":0},"north":{"uv":[10.75,9.0,11.0,9.375],"rotation":0,"texture":"#0","tintindex":0},"west":{"uv":[11.0,9.0,11.5,9.375],"rotation":0,"texture":"#0","tintindex":0},"up":{"uv":[11.0,9.0,10.75,8.5],"rotation":0,"texture":"#0","tintindex":0},"down":{"uv":[11.25,8.5,11.0,9.0],"rotation":0,"texture":"#0","tintindex":0}}},{"from":[17.6,6.4,-8.0],"to":[20.8,16.0,-1.6000004],"rotation":{"angle":0.0,"axis":"y","origin":[27.2,4.8,3.1999998]},"faces":{"east":{"uv":[1.5,11.875,1.75,12.25],"rotation":0,"texture":"#0","tintindex":0},"south":{"uv":[1.875,11.875,1.75,12.25],"rotation":0,"texture":"#0","tintindex":0},"north":{"uv":[1.75,11.875,1.875,12.25],"rotation":0,"texture":"#0","tintindex":0},"west":{"uv":[1.875,11.875,2.125,12.25],"rotation":0,"texture":"#0","tintindex":0},"up":{"uv":[1.875,11.875,1.75,11.625],"rotation":0,"texture":"#0","tintindex":0},"down":{"uv":[2.0,11.625,1.875,11.875],"rotation":0,"texture":"#0","tintindex":0}}},{"from":[-2.0,8.0,-11.200001],"to":[1.1999998,12.8,-8.0],"rotation":{"angle":-22.5,"axis":"z","origin":[-0.40000057,12.0,-9.6]},"faces":{"east":{"uv":[6.375,6.125,6.25,6.25],"rotation":0,"texture":"#0","tintindex":0},"south":{"uv":[6.5,6.125,6.375,6.25],"rotation":0,"texture":"#0","tintindex":0},"north":{"uv":[6.25,6.125,6.125,6.25],"rotation":0,"texture":"#0","tintindex":0},"west":{"uv":[6.125,6.125,6.0,6.25],"rotation":0,"texture":"#0","tintindex":0},"up":{"uv":[6.125,6.125,6.25,6.0],"rotation":0,"texture":"#0","tintindex":0},"down":{"uv":[6.25,6.0,6.375,6.125],"rotation":0,"texture":"#0","tintindex":0}}},{"from":[-4.8,6.4,-8.0],"to":[-1.6000004,16.0,-1.6000004],"rotation":{"angle":0.0,"axis":"y","origin":[-11.200001,4.8,3.1999998]},"faces":{"east":{"uv":[2.125,11.875,1.875,12.25],"rotation":0,"texture":"#0","tintindex":0},"south":{"uv":[1.75,11.875,1.875,12.25],"rotation":0,"texture":"#0","tintindex":0},"north":{"uv":[1.875,11.875,1.75,12.25],"rotation":0,"texture":"#0","tintindex":0},"west":{"uv":[1.75,11.875,1.5,12.25],"rotation":0,"texture":"#0","tintindex":0},"up":{"uv":[1.75,11.875,1.875,11.625],"rotation":0,"texture":"#0","tintindex":0},"down":{"uv":[1.875,11.625,2.0,11.875],"rotation":0,"texture":"#0","tintindex":0}}},{"from":[-3.2000008,12.0,-10.400002],"to":[3.1999998,18.400002,-4.000001],"rotation":{"angle":0.0,"axis":"y","origin":[0.0,8.8,2.3999996]},"faces":{"east":{"uv":[12.125,7.5,11.875,7.75],"rotation":0,"texture":"#0","tintindex":0},"south":{"uv":[12.375,7.5,12.125,7.75],"rotation":0,"texture":"#0","tintindex":0},"north":{"uv":[11.875,7.5,11.625,7.75],"rotation":0,"texture":"#0","tintindex":0},"west":{"uv":[11.625,7.5,11.375,7.75],"rotation":0,"texture":"#0","tintindex":0},"up":{"uv":[11.625,7.5,11.875,7.25],"rotation":0,"texture":"#0","tintindex":0},"down":{"uv":[11.875,7.25,12.125,7.5],"rotation":0,"texture":"#0","tintindex":0}}},{"from":[-0.40000057,9.6,-13.6],"to":[9.2,12.8,-10.400002],"rotation":{"angle":-22.5,"axis":"z","origin":[4.3999996,12.0,-12.0]},"faces":{"east":{"uv":[5.125,6.625,5.0,6.75],"rotation":0,"texture":"#0","tintindex":0},"south":{"uv":[5.5,6.625,5.125,6.75],"rotation":0,"texture":"#0","tintindex":0},"north":{"uv":[5.0,6.625,4.625,6.75],"rotation":0,"texture":"#0","tintindex":0},"west":{"uv":[4.625,6.625,4.5,6.75],"rotation":0,"texture":"#0","tintindex":0},"up":{"uv":[4.625,6.625,5.0,6.5],"rotation":0,"texture":"#0","tintindex":0},"down":{"uv":[5.0,6.5,5.375,6.625],"rotation":0,"texture":"#0","tintindex":0}}},{"from":[5.84,6.4,-11.200001],"to":[9.04,9.6,-8.0],"rotation":{"angle":-22.5,"axis":"z","origin":[7.44,8.8,-9.6]},"faces":{"east":{"uv":[4.875,5.75,4.75,5.875],"rotation":0,"texture":"#0","tintindex":0},"south":{"uv":[5.0,5.75,4.875,5.875],"rotation":0,"texture":"#0","tintindex":0},"north":{"uv":[4.75,5.75,4.625,5.875],"rotation":0,"texture":"#0","tintindex":0},"west":{"uv":[4.625,5.75,4.5,5.875],"rotation":0,"texture":"#0","tintindex":0},"up":{"uv":[4.625,5.75,4.75,5.625],"rotation":0,"texture":"#0","tintindex":0},"down":{"uv":[4.75,5.625,4.875,5.75],"rotation":0,"texture":"#0","tintindex":0}}},{"from":[-0.40000057,14.4,-12.800001],"to":[9.2,17.6,-9.6],"rotation":{"angle":-22.5,"axis":"z","origin":[4.3999996,16.8,-11.200001]},"faces":{"east":{"uv":[2.375,6.625,2.25,6.75],"rotation":0,"texture":"#0","tintindex":0},"south":{"uv":[2.75,6.625,2.375,6.75],"rotation":0,"texture":"#0","tintindex":0},"north":{"uv":[2.25,6.625,1.875,6.75],"rotation":0,"texture":"#0","tintindex":0},"west":{"uv":[1.875,6.625,1.75,6.75],"rotation":0,"texture":"#0","tintindex":0},"up":{"uv":[1.875,6.625,2.25,6.5],"rotation":0,"texture":"#0","tintindex":0},"down":{"uv":[2.25,6.5,2.625,6.625],"rotation":0,"texture":"#0","tintindex":0}}},{"from":[2.7999997,19.2,-12.0],"to":[9.2,22.400002,-5.6000004],"rotation":{"angle":-22.5,"axis":"z","origin":[4.3999996,21.6,-10.400002]},"faces":{"east":{"uv":[2.25,9.25,2.0,9.375],"rotation":0,"texture":"#0","tintindex":0},"south":{"uv":[2.5,9.25,2.25,9.375],"rotation":0,"texture":"#0","tintindex":0},"north":{"uv":[2.0,9.25,1.75,9.375],"rotation":0,"texture":"#0","tintindex":0},"west":{"uv":[1.75,9.25,1.5,9.375],"rotation":0,"texture":"#0","tintindex":0},"up":{"uv":[1.75,9.25,2.0,9.0],"rotation":0,"texture":"#0","tintindex":0},"down":{"uv":[2.0,9.0,2.25,9.25],"rotation":0,"texture":"#0","tintindex":0}}}],"display":{"head":{"translation":[0.0,-6.4,0.0],"scale":[4.0,4.0,4.0]}}}