{"textures":{"0":"modelengine:entity/mso_lava_lord"},"elements":[{"from":[4.8,4.8,-2.4000006],"to":[11.2,11.2,0.79999924],"rotation":{"angle":45.0,"axis":"z","origin":[8.0,8.0,-0.8000002]},"faces":{"east":{"uv":[11.75,11.5,11.875,11.75],"rotation":0,"texture":"#0","tintindex":0},"south":{"uv":[12.25,11.5,12.5,11.75],"rotation":0,"texture":"#0","tintindex":0},"north":{"uv":[5.125,12.0,5.375,12.25],"rotation":0,"texture":"#0","tintindex":0},"west":{"uv":[12.125,11.5,12.25,11.75],"rotation":0,"texture":"#0","tintindex":0},"up":{"uv":[12.125,11.5,11.875,11.375],"rotation":0,"texture":"#0","tintindex":0},"down":{"uv":[12.375,11.375,12.125,11.5],"rotation":0,"texture":"#0","tintindex":0}}},{"from":[-4.8,11.2,-1.6000004],"to":[0.0,20.8,17.6],"rotation":{"angle":0.0,"axis":"y","origin":[-11.200001,8.0,8.0]},"faces":{"east":{"uv":[0.0,10.5,0.75,10.875],"rotation":0,"texture":"#0","tintindex":0},"south":{"uv":[0.75,10.5,0.875,10.875],"rotation":0,"texture":"#0","tintindex":0},"north":{"uv":[0.75,10.5,0.875,10.875],"rotation":0,"texture":"#0","tintindex":0},"west":{"uv":[2.75,9.75,3.625,10.125],"rotation":0,"texture":"#0","tintindex":0},"up":{"uv":[0.875,10.5,0.75,9.75],"rotation":0,"texture":"#0","tintindex":0},"down":{"uv":[1.0,9.75,0.875,10.5],"rotation":0,"texture":"#0","tintindex":0}}},{"from":[-5.6000004,12.8,1.5999999],"to":[-2.4000006,19.2,14.4],"rotation":{"angle":22.5,"axis":"z","origin":[-5.6000004,12.8,8.0]},"faces":{"east":{"uv":[6.25,11.375,6.75,11.625],"rotation":0,"texture":"#0","tintindex":0},"south":{"uv":[6.625,10.5,6.75,10.75],"rotation":0,"texture":"#0","tintindex":0},"north":{"uv":[6.625,10.5,6.75,10.75],"rotation":0,"texture":"#0","tintindex":0},"west":{"uv":[6.875,11.375,7.375,11.625],"rotation":0,"texture":"#0","tintindex":0},"up":{"uv":[6.875,11.375,6.75,10.875],"rotation":0,"texture":"#0","tintindex":0},"down":{"uv":[7.0,10.875,6.875,11.375],"rotation":0,"texture":"#0","tintindex":0}}},{"from":[-5.6000004,8.0,4.8],"to":[-2.4000006,14.4,11.2],"rotation":{"angle":22.5,"axis":"z","origin":[-5.6000004,8.0,8.0]},"faces":{"east":{"uv":[8.0,12.0,8.25,12.25],"rotation":0,"texture":"#0","tintindex":0},"south":{"uv":[6.625,10.5,6.75,10.75],"rotation":0,"texture":"#0","tintindex":0},"north":{"uv":[6.625,10.5,6.75,10.75],"rotation":0,"texture":"#0","tintindex":0},"west":{"uv":[8.375,12.0,8.625,12.25],"rotation":0,"texture":"#0","tintindex":0},"up":{"uv":[6.0,10.75,5.875,10.5],"rotation":0,"texture":"#0","tintindex":0},"down":{"uv":[8.5,11.75,8.375,12.0],"rotation":0,"texture":"#0","tintindex":0}}},{"from":[18.400002,12.8,1.5999999],"to":[21.6,19.2,14.4],"rotation":{"angle":-22.5,"axis":"z","origin":[21.6,12.8,8.0]},"faces":{"east":{"uv":[7.375,11.375,6.875,11.625],"rotation":0,"texture":"#0","tintindex":0},"south":{"uv":[6.75,10.5,6.625,10.75],"rotation":0,"texture":"#0","tintindex":0},"north":{"uv":[6.75,10.5,6.625,10.75],"rotation":0,"texture":"#0","tintindex":0},"west":{"uv":[6.75,11.375,6.25,11.625],"rotation":0,"texture":"#0","tintindex":0},"up":{"uv":[6.75,11.375,6.875,10.875],"rotation":0,"texture":"#0","tintindex":0},"down":{"uv":[6.875,10.875,7.0,11.375],"rotation":0,"texture":"#0","tintindex":0}}},{"from":[16.0,11.2,-1.6000004],"to":[20.8,20.8,17.6],"rotation":{"angle":0.0,"axis":"y","origin":[27.2,8.0,8.0]},"faces":{"east":{"uv":[3.625,9.75,2.75,10.125],"rotation":0,"texture":"#0","tintindex":0},"south":{"uv":[0.875,10.5,0.75,10.875],"rotation":0,"texture":"#0","tintindex":0},"north":{"uv":[0.875,10.5,0.75,10.875],"rotation":0,"texture":"#0","tintindex":0},"west":{"uv":[0.75,10.5,0.0,10.875],"rotation":0,"texture":"#0","tintindex":0},"up":{"uv":[0.75,10.5,0.875,9.75],"rotation":0,"texture":"#0","tintindex":0},"down":{"uv":[0.875,9.75,1.0,10.5],"rotation":0,"texture":"#0","tintindex":0}}},{"from":[18.400002,8.0,4.8],"to":[21.6,14.4,11.2],"rotation":{"angle":-22.5,"axis":"z","origin":[21.6,8.0,8.0]},"faces":{"east":{"uv":[8.625,12.0,8.375,12.25],"rotation":0,"texture":"#0","tintindex":0},"south":{"uv":[1.25,11.375,1.125,11.625],"rotation":0,"texture":"#0","tintindex":0},"north":{"uv":[6.75,10.5,6.625,10.75],"rotation":0,"texture":"#0","tintindex":0},"west":{"uv":[8.25,12.0,8.0,12.25],"rotation":0,"texture":"#0","tintindex":0},"up":{"uv":[5.875,10.75,6.0,10.5],"rotation":0,"texture":"#0","tintindex":0},"down":{"uv":[8.375,11.75,8.5,12.0],"rotation":0,"texture":"#0","tintindex":0}}},{"from":[3.1999998,3.1999998,3.1999998],"to":[12.8,8.0,12.8],"rotation":{"angle":-45.0,"axis":"y","origin":[8.0,3.1999998,8.0]},"faces":{"east":{"uv":[4.875,7.75,5.25,7.875],"rotation":0,"texture":"#0","tintindex":0},"south":{"uv":[6.0,7.75,6.375,7.875],"rotation":0,"texture":"#0","tintindex":0},"north":{"uv":[5.25,7.75,5.625,7.875],"rotation":0,"texture":"#0","tintindex":0},"west":{"uv":[5.625,7.75,6.0,7.875],"rotation":0,"texture":"#0","tintindex":0},"up":{"uv":[5.625,7.75,5.25,7.375],"rotation":0,"texture":"#0","tintindex":0},"down":{"uv":[6.0,7.375,5.625,7.75],"rotation":0,"texture":"#0","tintindex":0}}},{"from":[4.8,4.8,0.0],"to":[11.2,8.0,16.0],"rotation":{"angle":0.0,"axis":"y","origin":[8.0,6.4,8.0]},"faces":{"east":{"uv":[2.375,3.0,3.0,3.125],"rotation":0,"texture":"#0","tintindex":0},"south":{"uv":[3.875,3.0,4.125,3.125],"rotation":0,"texture":"#0","tintindex":0},"north":{"uv":[3.0,3.0,3.25,3.125],"rotation":0,"texture":"#0","tintindex":0},"west":{"uv":[3.25,3.0,3.875,3.125],"rotation":0,"texture":"#0","tintindex":0},"up":{"uv":[3.25,3.0,3.0,2.375],"rotation":0,"texture":"#0","tintindex":0},"down":{"uv":[3.5,2.375,3.25,3.0],"rotation":0,"texture":"#0","tintindex":0}}},{"from":[-1.6000004,8.0,1.5999999],"to":[17.6,24.0,14.4],"rotation":{"angle":0.0,"axis":"y","origin":[8.0,8.0,8.0]},"faces":{"east":{"uv":[8.75,0.5,9.25,1.125],"rotation":0,"texture":"#0","tintindex":0},"south":{"uv":[10.5,0.5,11.25,1.125],"rotation":0,"texture":"#0","tintindex":0},"north":{"uv":[9.25,0.5,10.0,1.125],"rotation":0,"texture":"#0","tintindex":0},"west":{"uv":[10.0,0.5,10.5,1.125],"rotation":0,"texture":"#0","tintindex":0},"up":{"uv":[10.0,0.5,9.25,0.0],"rotation":0,"texture":"#0","tintindex":0},"down":{"uv":[10.75,0.0,10.0,0.5],"rotation":0,"texture":"#0","tintindex":0}}},{"from":[3.1999998,8.0,-1.6000004],"to":[12.8,14.4,1.5999999],"rotation":{"angle":0.0,"axis":"y","origin":[-1.6000004,4.8,8.0]},"faces":{"east":{"uv":[11.5,1.625,11.625,1.875],"rotation":0,"texture":"#0","tintindex":0},"south":{"uv":[12.125,1.625,12.5,1.875],"rotation":0,"texture":"#0","tintindex":0},"north":{"uv":[11.625,1.625,12.0,1.875],"rotation":0,"texture":"#0","tintindex":0},"west":{"uv":[12.0,1.625,12.125,1.875],"rotation":0,"texture":"#0","tintindex":0},"up":{"uv":[12.0,1.625,11.625,1.5],"rotation":0,"texture":"#0","tintindex":0},"down":{"uv":[12.375,1.5,12.0,1.625],"rotation":0,"texture":"#0","tintindex":0}}},{"from":[6.4,4.3199997,13.6],"to":[12.8,10.72,16.8],"rotation":{"angle":45.0,"axis":"z","origin":[8.0,5.92,15.200001]},"faces":{"east":{"uv":[8.125,11.25,8.25,11.5],"rotation":0,"texture":"#0","tintindex":0},"south":{"uv":[8.625,11.25,8.875,11.5],"rotation":0,"texture":"#0","tintindex":0},"north":{"uv":[8.25,11.25,8.5,11.5],"rotation":0,"texture":"#0","tintindex":0},"west":{"uv":[8.5,11.25,8.625,11.5],"rotation":0,"texture":"#0","tintindex":0},"up":{"uv":[8.5,11.25,8.25,11.125],"rotation":0,"texture":"#0","tintindex":0},"down":{"uv":[8.75,11.125,8.5,11.25],"rotation":0,"texture":"#0","tintindex":0}}},{"from":[6.4,7.52,14.4],"to":[16.0,17.12,17.6],"rotation":{"angle":45.0,"axis":"z","origin":[8.0,9.12,16.0]},"faces":{"east":{"uv":[11.25,0.5,11.375,0.875],"rotation":0,"texture":"#0","tintindex":0},"south":{"uv":[11.875,0.5,12.25,0.875],"rotation":0,"texture":"#0","tintindex":0},"north":{"uv":[11.375,0.5,11.75,0.875],"rotation":0,"texture":"#0","tintindex":0},"west":{"uv":[11.75,0.5,11.875,0.875],"rotation":0,"texture":"#0","tintindex":0},"up":{"uv":[11.75,0.5,11.375,0.375],"rotation":0,"texture":"#0","tintindex":0},"down":{"uv":[12.125,0.375,11.75,0.5],"rotation":0,"texture":"#0","tintindex":0}}}],"display":{"head":{"translation":[0.0,-6.4,0.0],"scale":[4.0,4.0,4.0]}}}