{"textures":{"0":"modelengine:entity/mso_lava_lord"},"elements":[{"from":[8.8,-16.0,11.2],"to":[24.800001,-9.6,17.6],"rotation":{"angle":45.0,"axis":"x","origin":[23.2,-12.800001,14.4]},"faces":{"east":{"uv":[5.5,4.5,5.75,4.75],"rotation":0,"texture":"#0","tintindex":0},"south":{"uv":[5.375,6.0,6.0,6.25],"rotation":0,"texture":"#0","tintindex":0},"north":{"uv":[4.75,6.25,5.375,6.5],"rotation":0,"texture":"#0","tintindex":0},"west":{"uv":[5.375,6.25,5.625,6.5],"rotation":0,"texture":"#0","tintindex":0},"up":{"uv":[5.375,6.25,4.75,6.5],"rotation":0,"texture":"#0","tintindex":0},"down":{"uv":[6.0,6.0,5.375,6.25],"rotation":0,"texture":"#0","tintindex":0}}},{"from":[22.400002,-11.200001,11.2],"to":[25.6,-4.799999,17.6],"rotation":{"angle":45.0,"axis":"x","origin":[24.0,-8.0,14.4]},"faces":{"east":{"uv":[5.5,4.5,5.75,4.75],"rotation":0,"texture":"#0","tintindex":0},"south":{"uv":[5.75,4.25,5.875,4.5],"rotation":0,"texture":"#0","tintindex":0},"north":{"uv":[5.75,4.25,5.875,4.5],"rotation":0,"texture":"#0","tintindex":0},"west":{"uv":[5.875,4.5,6.125,4.75],"rotation":0,"texture":"#0","tintindex":0},"up":{"uv":[5.875,4.5,5.75,4.25],"rotation":0,"texture":"#0","tintindex":0},"down":{"uv":[5.875,4.25,5.75,4.5],"rotation":0,"texture":"#0","tintindex":0}}},{"from":[21.6,-6.3999996,11.2],"to":[24.800001,0.0,17.6],"rotation":{"angle":45.0,"axis":"x","origin":[23.2,-3.2000008,14.4]},"faces":{"east":{"uv":[5.5,4.5,5.75,4.75],"rotation":0,"texture":"#0","tintindex":0},"south":{"uv":[5.75,4.25,5.875,4.5],"rotation":0,"texture":"#0","tintindex":0},"north":{"uv":[5.75,4.25,5.875,4.5],"rotation":0,"texture":"#0","tintindex":0},"west":{"uv":[5.875,4.5,6.125,4.75],"rotation":0,"texture":"#0","tintindex":0},"up":{"uv":[5.875,4.5,5.75,4.25],"rotation":0,"texture":"#0","tintindex":0},"down":{"uv":[5.875,4.25,5.75,4.5],"rotation":0,"texture":"#0","tintindex":0}}},{"from":[21.6,-6.3999996,1.5999999],"to":[24.800001,0.0,8.0],"rotation":{"angle":45.0,"axis":"x","origin":[23.2,-3.2000008,4.8]},"faces":{"east":{"uv":[5.5,4.5,5.75,4.75],"rotation":0,"texture":"#0","tintindex":0},"south":{"uv":[5.75,4.25,5.875,4.5],"rotation":0,"texture":"#0","tintindex":0},"north":{"uv":[5.75,4.25,5.875,4.5],"rotation":0,"texture":"#0","tintindex":0},"west":{"uv":[5.875,4.5,6.125,4.75],"rotation":0,"texture":"#0","tintindex":0},"up":{"uv":[5.875,4.5,5.75,4.25],"rotation":0,"texture":"#0","tintindex":0},"down":{"uv":[5.875,4.25,5.75,4.5],"rotation":0,"texture":"#0","tintindex":0}}},{"from":[22.400002,-11.200001,1.5999999],"to":[25.6,-4.799999,8.0],"rotation":{"angle":45.0,"axis":"x","origin":[24.0,-8.0,4.8]},"faces":{"east":{"uv":[5.5,4.5,5.75,4.75],"rotation":0,"texture":"#0","tintindex":0},"south":{"uv":[5.75,4.25,5.875,4.5],"rotation":0,"texture":"#0","tintindex":0},"north":{"uv":[5.75,4.25,5.875,4.5],"rotation":0,"texture":"#0","tintindex":0},"west":{"uv":[5.875,4.5,6.125,4.75],"rotation":0,"texture":"#0","tintindex":0},"up":{"uv":[5.875,4.5,5.75,4.25],"rotation":0,"texture":"#0","tintindex":0},"down":{"uv":[5.875,4.25,5.75,4.5],"rotation":0,"texture":"#0","tintindex":0}}},{"from":[21.6,-6.3999996,-8.0],"to":[24.800001,0.0,-1.6000004],"rotation":{"angle":45.0,"axis":"x","origin":[23.2,-3.2000008,-4.8]},"faces":{"east":{"uv":[5.5,4.5,5.75,4.75],"rotation":0,"texture":"#0","tintindex":0},"south":{"uv":[5.75,4.25,5.875,4.5],"rotation":0,"texture":"#0","tintindex":0},"north":{"uv":[5.75,4.25,5.875,4.5],"rotation":0,"texture":"#0","tintindex":0},"west":{"uv":[5.875,4.5,6.125,4.75],"rotation":0,"texture":"#0","tintindex":0},"up":{"uv":[5.875,4.5,5.75,4.25],"rotation":0,"texture":"#0","tintindex":0},"down":{"uv":[5.875,4.25,5.75,4.5],"rotation":0,"texture":"#0","tintindex":0}}},{"from":[22.400002,-11.200001,-8.0],"to":[25.6,-4.799999,-1.6000004],"rotation":{"angle":45.0,"axis":"x","origin":[24.0,-8.0,-4.8]},"faces":{"east":{"uv":[5.5,4.5,5.75,4.75],"rotation":0,"texture":"#0","tintindex":0},"south":{"uv":[5.75,4.25,5.875,4.5],"rotation":0,"texture":"#0","tintindex":0},"north":{"uv":[5.75,4.25,5.875,4.5],"rotation":0,"texture":"#0","tintindex":0},"west":{"uv":[5.875,4.5,6.125,4.75],"rotation":0,"texture":"#0","tintindex":0},"up":{"uv":[5.875,4.5,5.75,4.25],"rotation":0,"texture":"#0","tintindex":0},"down":{"uv":[5.875,4.25,5.75,4.5],"rotation":0,"texture":"#0","tintindex":0}}},{"from":[1.5999999,-12.0,-8.0],"to":[4.8,-5.6000004,-1.6000004],"rotation":{"angle":45.0,"axis":"x","origin":[78.4,-8.799999,-4.8]},"faces":{"east":{"uv":[6.125,4.5,5.875,4.75],"rotation":0,"texture":"#0","tintindex":0},"south":{"uv":[5.875,4.25,5.75,4.5],"rotation":0,"texture":"#0","tintindex":0},"north":{"uv":[5.875,4.25,5.75,4.5],"rotation":0,"texture":"#0","tintindex":0},"west":{"uv":[5.75,4.5,5.5,4.75],"rotation":0,"texture":"#0","tintindex":0},"up":{"uv":[5.75,4.5,5.875,4.25],"rotation":0,"texture":"#0","tintindex":0},"down":{"uv":[5.75,4.25,5.875,4.5],"rotation":0,"texture":"#0","tintindex":0}}},{"from":[1.5999999,-12.0,1.5999999],"to":[4.8,-5.6000004,8.0],"rotation":{"angle":45.0,"axis":"x","origin":[78.4,-8.799999,4.8]},"faces":{"east":{"uv":[6.125,4.5,5.875,4.75],"rotation":0,"texture":"#0","tintindex":0},"south":{"uv":[5.875,4.25,5.75,4.5],"rotation":0,"texture":"#0","tintindex":0},"north":{"uv":[5.875,4.25,5.75,4.5],"rotation":0,"texture":"#0","tintindex":0},"west":{"uv":[5.75,4.5,5.5,4.75],"rotation":0,"texture":"#0","tintindex":0},"up":{"uv":[5.75,4.5,5.875,4.25],"rotation":0,"texture":"#0","tintindex":0},"down":{"uv":[5.75,4.25,5.875,4.5],"rotation":0,"texture":"#0","tintindex":0}}},{"from":[1.5999999,-12.0,11.2],"to":[4.8,-5.6000004,17.6],"rotation":{"angle":45.0,"axis":"x","origin":[78.4,-8.799999,14.4]},"faces":{"east":{"uv":[6.125,4.5,5.875,4.75],"rotation":0,"texture":"#0","tintindex":0},"south":{"uv":[5.875,4.25,5.75,4.5],"rotation":0,"texture":"#0","tintindex":0},"north":{"uv":[5.875,4.25,5.75,4.5],"rotation":0,"texture":"#0","tintindex":0},"west":{"uv":[5.75,4.5,5.5,4.75],"rotation":0,"texture":"#0","tintindex":0},"up":{"uv":[5.75,4.5,5.875,4.25],"rotation":0,"texture":"#0","tintindex":0},"down":{"uv":[5.75,4.25,5.875,4.5],"rotation":0,"texture":"#0","tintindex":0}}},{"from":[8.8,-16.0,-8.0],"to":[24.800001,-9.6,-1.6000004],"rotation":{"angle":45.0,"axis":"x","origin":[23.2,-12.800001,-4.8]},"faces":{"east":{"uv":[5.5,4.5,5.75,4.75],"rotation":0,"texture":"#0","tintindex":0},"south":{"uv":[5.375,6.0,6.0,6.25],"rotation":0,"texture":"#0","tintindex":0},"north":{"uv":[4.75,6.25,5.375,6.5],"rotation":0,"texture":"#0","tintindex":0},"west":{"uv":[5.375,6.25,5.625,6.5],"rotation":0,"texture":"#0","tintindex":0},"up":{"uv":[5.375,6.25,4.75,6.5],"rotation":0,"texture":"#0","tintindex":0},"down":{"uv":[6.0,6.0,5.375,6.25],"rotation":0,"texture":"#0","tintindex":0}}},{"from":[8.8,-16.0,1.5999999],"to":[24.800001,-9.6,8.0],"rotation":{"angle":45.0,"axis":"x","origin":[23.2,-12.800001,4.8]},"faces":{"east":{"uv":[5.5,4.5,5.75,4.75],"rotation":0,"texture":"#0","tintindex":0},"south":{"uv":[5.375,6.0,6.0,6.25],"rotation":0,"texture":"#0","tintindex":0},"north":{"uv":[4.75,6.25,5.375,6.5],"rotation":0,"texture":"#0","tintindex":0},"west":{"uv":[5.375,6.25,5.625,6.5],"rotation":0,"texture":"#0","tintindex":0},"up":{"uv":[5.375,6.25,4.75,6.5],"rotation":0,"texture":"#0","tintindex":0},"down":{"uv":[6.0,6.0,5.375,6.25],"rotation":0,"texture":"#0","tintindex":0}}},{"from":[0.0,4.8000007,0.0],"to":[16.0,11.200001,16.0],"rotation":{"angle":0.0,"axis":"y","origin":[8.0,11.200001,8.0]},"faces":{"east":{"uv":[8.875,3.125,9.5,3.375],"rotation":0,"texture":"#0","tintindex":0},"south":{"uv":[10.75,3.125,11.375,3.375],"rotation":0,"texture":"#0","tintindex":0},"north":{"uv":[9.5,3.125,10.125,3.375],"rotation":0,"texture":"#0","tintindex":0},"west":{"uv":[10.125,3.125,10.75,3.375],"rotation":0,"texture":"#0","tintindex":0},"up":{"uv":[10.125,3.125,9.5,2.5],"rotation":0,"texture":"#0","tintindex":0},"down":{"uv":[10.75,2.5,10.125,3.125],"rotation":0,"texture":"#0","tintindex":0}}},{"from":[3.1999998,-11.200001,-6.4000015],"to":[19.2,4.8000007,16.0],"rotation":{"angle":0.0,"axis":"y","origin":[8.0,4.8000007,8.0]},"faces":{"east":{"uv":[4.25,8.25,5.125,8.875],"rotation":0,"texture":"#0","tintindex":0},"south":{"uv":[4.25,8.25,3.625,8.875],"rotation":0,"texture":"#0","tintindex":0},"north":{"uv":[3.625,8.25,4.25,8.875],"rotation":0,"texture":"#0","tintindex":0},"west":{"uv":[4.25,8.25,5.125,8.875],"rotation":0,"texture":"#0","tintindex":0},"up":{"uv":[4.25,8.25,3.625,7.375],"rotation":0,"texture":"#0","tintindex":0},"down":{"uv":[4.25,7.375,3.625,8.25],"rotation":0,"texture":"#0","tintindex":0}}},{"from":[4.8,-12.800001,-8.0],"to":[17.6,-9.6,-1.6000004],"rotation":{"angle":0.0,"axis":"y","origin":[6.4,3.2000008,3.1999998]},"faces":{"east":{"uv":[10.75,0.25,11.0,0.375],"rotation":0,"texture":"#0","tintindex":0},"south":{"uv":[11.75,0.25,12.25,0.375],"rotation":0,"texture":"#0","tintindex":0},"north":{"uv":[11.0,0.25,11.5,0.375],"rotation":0,"texture":"#0","tintindex":0},"west":{"uv":[11.5,0.25,11.75,0.375],"rotation":0,"texture":"#0","tintindex":0},"up":{"uv":[11.5,0.25,11.0,0.0],"rotation":0,"texture":"#0","tintindex":0},"down":{"uv":[12.0,0.0,11.5,0.25],"rotation":0,"texture":"#0","tintindex":0}}},{"from":[20.8,-12.800001,-9.6],"to":[24.0,-3.2000008,19.2],"rotation":{"angle":0.0,"axis":"y","origin":[12.8,3.2000008,3.1999998]},"faces":{"east":{"uv":[7.875,8.625,9.0,9.0],"rotation":0,"texture":"#0","tintindex":0},"south":{"uv":[10.25,8.625,10.375,9.0],"rotation":0,"texture":"#0","tintindex":0},"north":{"uv":[9.0,8.625,9.125,9.0],"rotation":0,"texture":"#0","tintindex":0},"west":{"uv":[9.125,8.625,10.25,9.0],"rotation":0,"texture":"#0","tintindex":0},"up":{"uv":[9.125,8.625,9.0,7.5],"rotation":0,"texture":"#0","tintindex":0},"down":{"uv":[9.25,7.5,9.125,8.625],"rotation":0,"texture":"#0","tintindex":0}}},{"from":[17.6,-12.800001,-8.0],"to":[20.8,0.0,-1.6000004],"rotation":{"angle":0.0,"axis":"y","origin":[9.6,3.2000008,3.1999998]},"faces":{"east":{"uv":[2.5,11.25,2.75,11.75],"rotation":0,"texture":"#0","tintindex":0},"south":{"uv":[3.125,11.25,3.25,11.75],"rotation":0,"texture":"#0","tintindex":0},"north":{"uv":[2.75,11.25,2.875,11.75],"rotation":0,"texture":"#0","tintindex":0},"west":{"uv":[2.875,11.25,3.125,11.75],"rotation":0,"texture":"#0","tintindex":0},"up":{"uv":[2.875,11.25,2.75,11.0],"rotation":0,"texture":"#0","tintindex":0},"down":{"uv":[3.0,11.0,2.875,11.25],"rotation":0,"texture":"#0","tintindex":0}}},{"from":[17.6,-12.800001,1.5999999],"to":[20.8,0.0,8.0],"rotation":{"angle":0.0,"axis":"y","origin":[9.6,3.2000008,12.8]},"faces":{"east":{"uv":[8.75,10.375,9.0,10.875],"rotation":0,"texture":"#0","tintindex":0},"south":{"uv":[9.375,10.375,9.5,10.875],"rotation":0,"texture":"#0","tintindex":0},"north":{"uv":[9.0,10.375,9.125,10.875],"rotation":0,"texture":"#0","tintindex":0},"west":{"uv":[9.125,10.375,9.375,10.875],"rotation":0,"texture":"#0","tintindex":0},"up":{"uv":[9.125,10.375,9.0,10.125],"rotation":0,"texture":"#0","tintindex":0},"down":{"uv":[9.25,10.125,9.125,10.375],"rotation":0,"texture":"#0","tintindex":0}}},{"from":[17.6,-12.800001,11.2],"to":[20.8,0.0,17.6],"rotation":{"angle":0.0,"axis":"y","origin":[9.6,3.2000008,22.400002]},"faces":{"east":{"uv":[0.0,10.0,0.25,10.5],"rotation":0,"texture":"#0","tintindex":0},"south":{"uv":[0.625,10.0,0.75,10.5],"rotation":0,"texture":"#0","tintindex":0},"north":{"uv":[0.25,10.0,0.375,10.5],"rotation":0,"texture":"#0","tintindex":0},"west":{"uv":[0.375,10.0,0.625,10.5],"rotation":0,"texture":"#0","tintindex":0},"up":{"uv":[0.375,10.0,0.25,9.75],"rotation":0,"texture":"#0","tintindex":0},"down":{"uv":[0.5,9.75,0.375,10.0],"rotation":0,"texture":"#0","tintindex":0}}},{"from":[4.8,-12.800001,1.5999999],"to":[17.6,-9.6,8.0],"rotation":{"angle":0.0,"axis":"y","origin":[6.4,3.2000008,12.8]},"faces":{"east":{"uv":[9.25,8.375,9.5,8.5],"rotation":0,"texture":"#0","tintindex":0},"south":{"uv":[10.25,8.375,10.75,8.5],"rotation":0,"texture":"#0","tintindex":0},"north":{"uv":[9.5,8.375,10.0,8.5],"rotation":0,"texture":"#0","tintindex":0},"west":{"uv":[10.0,8.375,10.25,8.5],"rotation":0,"texture":"#0","tintindex":0},"up":{"uv":[10.0,8.375,9.5,8.125],"rotation":0,"texture":"#0","tintindex":0},"down":{"uv":[10.5,8.125,10.0,8.375],"rotation":0,"texture":"#0","tintindex":0}}},{"from":[4.8,-12.800001,11.2],"to":[17.6,-9.6,17.6],"rotation":{"angle":0.0,"axis":"y","origin":[6.4,3.2000008,22.400002]},"faces":{"east":{"uv":[5.5,4.125,5.75,4.25],"rotation":0,"texture":"#0","tintindex":0},"south":{"uv":[6.5,4.125,7.0,4.25],"rotation":0,"texture":"#0","tintindex":0},"north":{"uv":[5.75,4.125,6.25,4.25],"rotation":0,"texture":"#0","tintindex":0},"west":{"uv":[6.25,4.125,6.5,4.25],"rotation":0,"texture":"#0","tintindex":0},"up":{"uv":[6.25,4.125,5.75,3.875],"rotation":0,"texture":"#0","tintindex":0},"down":{"uv":[6.75,3.875,6.25,4.125],"rotation":0,"texture":"#0","tintindex":0}}}],"display":{"head":{"translation":[0.0,-19.200003,0.0],"scale":[4.0,4.0,4.0]}}}