{"textures":{"0":"modelengine:entity/mso_lava_lord"},"elements":[{"from":[1.5999999,3.1999998,1.5999999],"to":[8.0,9.6,14.4],"rotation":{"angle":0.0,"axis":"y","origin":[1.5999999,11.2,8.0]},"faces":{"east":{"uv":[10.0,1.625,10.5,1.875],"rotation":0,"texture":"#0","tintindex":0},"south":{"uv":[5.125,12.0,5.375,12.25],"rotation":0,"texture":"#0","tintindex":0},"north":{"uv":[5.125,12.0,5.375,12.25],"rotation":0,"texture":"#0","tintindex":0},"west":{"uv":[10.75,1.625,11.25,1.875],"rotation":0,"texture":"#0","tintindex":0},"up":{"uv":[10.75,1.625,10.5,1.125],"rotation":0,"texture":"#0","tintindex":0},"down":{"uv":[11.0,1.125,10.75,1.625],"rotation":0,"texture":"#0","tintindex":0}}},{"from":[2.3999996,-3.2000008,2.3999996],"to":[8.8,3.1999998,13.6],"rotation":{"angle":0.0,"axis":"y","origin":[2.3999996,4.8,8.0]},"faces":{"east":{"uv":[2.375,3.5,2.75,3.75],"rotation":0,"texture":"#0","tintindex":0},"south":{"uv":[5.125,12.0,5.375,12.25],"rotation":0,"texture":"#0","tintindex":0},"north":{"uv":[5.125,12.0,5.375,12.25],"rotation":0,"texture":"#0","tintindex":0},"west":{"uv":[3.0,3.5,3.375,3.75],"rotation":0,"texture":"#0","tintindex":0},"up":{"uv":[3.0,3.5,2.75,3.125],"rotation":0,"texture":"#0","tintindex":0},"down":{"uv":[3.25,3.125,3.0,3.5],"rotation":0,"texture":"#0","tintindex":0}}},{"from":[10.4,-3.2000008,7.2],"to":[13.6,1.5999999,13.6],"rotation":{"angle":0.0,"axis":"y","origin":[7.2,4.8,12.8]},"faces":{"east":{"uv":[7.25,9.0,7.5,9.125],"rotation":0,"texture":"#0","tintindex":0},"south":{"uv":[7.875,9.0,8.0,9.125],"rotation":0,"texture":"#0","tintindex":0},"north":{"uv":[7.5,9.0,7.625,9.125],"rotation":0,"texture":"#0","tintindex":0},"west":{"uv":[7.625,9.0,7.875,9.125],"rotation":0,"texture":"#0","tintindex":0},"up":{"uv":[7.625,9.0,7.5,8.75],"rotation":0,"texture":"#0","tintindex":0},"down":{"uv":[7.75,8.75,7.625,9.0],"rotation":0,"texture":"#0","tintindex":0}}},{"from":[10.4,0.0,2.3999996],"to":[13.6,4.8,5.6],"rotation":{"angle":0.0,"axis":"y","origin":[7.2,6.4,6.4]},"faces":{"east":{"uv":[3.375,3.25,3.5,3.375],"rotation":0,"texture":"#0","tintindex":0},"south":{"uv":[3.375,3.25,3.5,3.375],"rotation":0,"texture":"#0","tintindex":0},"north":{"uv":[3.375,3.25,3.5,3.375],"rotation":0,"texture":"#0","tintindex":0},"west":{"uv":[3.375,3.25,3.5,3.375],"rotation":0,"texture":"#0","tintindex":0},"up":{"uv":[3.375,3.25,3.5,3.375],"rotation":0,"texture":"#0","tintindex":0},"down":{"uv":[3.375,3.25,3.5,3.375],"rotation":0,"texture":"#0","tintindex":0}}},{"from":[10.4,-4.8,2.3999996],"to":[13.6,-1.6000004,5.6],"rotation":{"angle":0.0,"axis":"y","origin":[7.2,3.1999998,6.4]},"faces":{"east":{"uv":[2.5,2.875,2.625,3.0],"rotation":0,"texture":"#0","tintindex":0},"south":{"uv":[2.5,2.875,2.625,3.0],"rotation":0,"texture":"#0","tintindex":0},"north":{"uv":[2.5,2.875,2.625,3.0],"rotation":0,"texture":"#0","tintindex":0},"west":{"uv":[2.5,2.875,2.625,3.0],"rotation":0,"texture":"#0","tintindex":0},"up":{"uv":[2.5,2.875,2.625,3.0],"rotation":0,"texture":"#0","tintindex":0},"down":{"uv":[2.5,2.875,2.625,3.0],"rotation":0,"texture":"#0","tintindex":0}}},{"from":[9.6,3.1999998,7.2],"to":[16.0,9.6,13.6],"rotation":{"angle":0.0,"axis":"y","origin":[9.6,11.2,8.0]},"faces":{"east":{"uv":[5.125,12.0,5.375,12.25],"rotation":0,"texture":"#0","tintindex":0},"south":{"uv":[5.125,12.0,5.375,12.25],"rotation":0,"texture":"#0","tintindex":0},"north":{"uv":[5.125,12.0,5.375,12.25],"rotation":0,"texture":"#0","tintindex":0},"west":{"uv":[5.125,12.0,5.375,12.25],"rotation":0,"texture":"#0","tintindex":0},"up":{"uv":[5.125,12.0,5.375,12.25],"rotation":0,"texture":"#0","tintindex":0},"down":{"uv":[5.125,12.0,5.375,12.25],"rotation":0,"texture":"#0","tintindex":0}}},{"from":[10.4,4.8,2.3999996],"to":[15.200001,9.6,5.6],"rotation":{"angle":0.0,"axis":"y","origin":[9.6,11.2,1.5999999]},"faces":{"east":{"uv":[0.0,5.5,0.125,5.625],"rotation":0,"texture":"#0","tintindex":0},"south":{"uv":[0.375,5.5,0.5,5.625],"rotation":0,"texture":"#0","tintindex":0},"north":{"uv":[0.125,5.5,0.25,5.625],"rotation":0,"texture":"#0","tintindex":0},"west":{"uv":[0.25,5.5,0.375,5.625],"rotation":0,"texture":"#0","tintindex":0},"up":{"uv":[0.25,5.5,0.125,5.375],"rotation":0,"texture":"#0","tintindex":0},"down":{"uv":[0.375,5.375,0.25,5.5],"rotation":0,"texture":"#0","tintindex":0}}},{"from":[1.5999999,0.0,4.8],"to":[4.8,6.4,11.2],"rotation":{"angle":22.5,"axis":"z","origin":[1.5999999,0.0,8.0]},"faces":{"east":{"uv":[2.25,12.0,2.5,12.25],"rotation":0,"texture":"#0","tintindex":0},"south":{"uv":[5.875,10.5,6.0,10.75],"rotation":0,"texture":"#0","tintindex":0},"north":{"uv":[6.625,10.5,6.75,10.75],"rotation":0,"texture":"#0","tintindex":0},"west":{"uv":[5.125,12.0,5.375,12.25],"rotation":0,"texture":"#0","tintindex":0},"up":{"uv":[6.0,10.75,5.875,10.5],"rotation":0,"texture":"#0","tintindex":0},"down":{"uv":[2.75,11.75,2.625,12.0],"rotation":0,"texture":"#0","tintindex":0}}},{"from":[1.5999999,6.4,3.1999998],"to":[4.8,9.6,12.8],"rotation":{"angle":22.5,"axis":"z","origin":[1.5999999,6.4,8.0]},"faces":{"east":{"uv":[1.75,7.375,2.125,7.5],"rotation":0,"texture":"#0","tintindex":0},"south":{"uv":[5.875,10.5,6.0,10.625],"rotation":0,"texture":"#0","tintindex":0},"north":{"uv":[5.875,10.5,6.0,10.625],"rotation":0,"texture":"#0","tintindex":0},"west":{"uv":[2.25,7.375,2.625,7.5],"rotation":0,"texture":"#0","tintindex":0},"up":{"uv":[2.25,7.375,2.125,7.0],"rotation":0,"texture":"#0","tintindex":0},"down":{"uv":[2.375,7.0,2.25,7.375],"rotation":0,"texture":"#0","tintindex":0}}},{"from":[3.1999998,-4.8,3.1999998],"to":[12.8,8.0,12.8],"rotation":{"angle":0.0,"axis":"y","origin":[8.0,8.0,8.0]},"faces":{"east":{"uv":[10.125,4.125,10.5,4.625],"rotation":0,"texture":"#0","tintindex":0},"south":{"uv":[11.25,4.125,11.625,4.625],"rotation":0,"texture":"#0","tintindex":0},"north":{"uv":[10.5,4.125,10.875,4.625],"rotation":0,"texture":"#0","tintindex":0},"west":{"uv":[10.875,4.125,11.25,4.625],"rotation":0,"texture":"#0","tintindex":0},"up":{"uv":[10.875,4.125,10.5,3.75],"rotation":0,"texture":"#0","tintindex":0},"down":{"uv":[11.25,3.75,10.875,4.125],"rotation":0,"texture":"#0","tintindex":0}}}],"display":{"head":{"translation":[0.0,-6.4,0.0],"scale":[4.0,4.0,4.0]}}}