{"textures":{"0":"modelengine:entity/mso_lava_lord"},"elements":[{"from":[0.0,12.800001,1.5999999],"to":[16.0,25.6,14.4],"rotation":{"angle":0.0,"axis":"y","origin":[8.0,19.2,8.0]},"faces":{"east":{"uv":[10.0,6.875,10.5,7.375],"rotation":0,"texture":"#0","tintindex":0},"south":{"uv":[9.375,6.875,10.0,7.375],"rotation":0,"texture":"#0","tintindex":0},"north":{"uv":[9.375,6.875,10.0,7.375],"rotation":0,"texture":"#0","tintindex":0},"west":{"uv":[10.0,6.875,10.5,7.375],"rotation":0,"texture":"#0","tintindex":0},"up":{"uv":[10.0,6.875,9.375,6.375],"rotation":0,"texture":"#0","tintindex":0},"down":{"uv":[10.625,6.375,10.0,6.875],"rotation":0,"texture":"#0","tintindex":0}}},{"from":[-1.6000004,-16.0,-1.6000004],"to":[17.6,12.800001,17.6],"rotation":{"angle":0.0,"axis":"y","origin":[8.0,6.4000006,8.0]},"faces":{"east":{"uv":[5.75,0.75,6.5,1.875],"rotation":0,"texture":"#0","tintindex":0},"south":{"uv":[8.0,0.75,8.75,1.875],"rotation":0,"texture":"#0","tintindex":0},"north":{"uv":[6.5,0.75,7.25,1.875],"rotation":0,"texture":"#0","tintindex":0},"west":{"uv":[7.25,0.75,8.0,1.875],"rotation":0,"texture":"#0","tintindex":0},"up":{"uv":[7.25,0.75,6.5,0.0],"rotation":0,"texture":"#0","tintindex":0},"down":{"uv":[8.0,0.0,7.25,0.75],"rotation":0,"texture":"#0","tintindex":0}}},{"from":[-3.2000008,-12.799999,-3.2000008],"to":[19.2,9.6,19.2],"rotation":{"angle":0.0,"axis":"y","origin":[8.0,6.4000006,8.0]},"faces":{"east":{"uv":[3.75,4.75,4.625,5.625],"rotation":0,"texture":"#0","tintindex":0},"south":{"uv":[4.625,4.75,3.75,5.625],"rotation":0,"texture":"#0","tintindex":0},"north":{"uv":[3.75,4.75,4.625,5.625],"rotation":0,"texture":"#0","tintindex":0},"west":{"uv":[4.625,4.75,5.5,5.625],"rotation":0,"texture":"#0","tintindex":0},"up":{"uv":[4.625,4.75,3.75,3.875],"rotation":0,"texture":"#0","tintindex":0},"down":{"uv":[5.5,3.875,4.625,4.75],"rotation":0,"texture":"#0","tintindex":0}}},{"from":[-7.200001,-7.200001,-1.6000004],"to":[-4.000001,2.3999996,17.6],"rotation":{"angle":22.5,"axis":"z","origin":[-7.200001,-7.200001,8.0]},"faces":{"east":{"uv":[9.25,10.0,10.0,10.375],"rotation":0,"texture":"#0","tintindex":0},"south":{"uv":[10.875,10.0,11.0,10.375],"rotation":0,"texture":"#0","tintindex":0},"north":{"uv":[10.0,10.0,10.125,10.375],"rotation":0,"texture":"#0","tintindex":0},"west":{"uv":[10.125,10.0,10.875,10.375],"rotation":0,"texture":"#0","tintindex":0},"up":{"uv":[10.125,10.0,10.0,9.25],"rotation":0,"texture":"#0","tintindex":0},"down":{"uv":[10.25,9.25,10.125,10.0],"rotation":0,"texture":"#0","tintindex":0}}},{"from":[-7.200001,-4.0,0.0],"to":[-4.000001,8.8,16.0],"rotation":{"angle":22.5,"axis":"z","origin":[-7.200001,-4.0,8.0]},"faces":{"east":{"uv":[5.25,10.5,5.875,11.0],"rotation":0,"texture":"#0","tintindex":0},"south":{"uv":[6.625,10.5,6.75,11.0],"rotation":0,"texture":"#0","tintindex":0},"north":{"uv":[5.875,10.5,6.0,11.0],"rotation":0,"texture":"#0","tintindex":0},"west":{"uv":[6.0,10.5,6.625,11.0],"rotation":0,"texture":"#0","tintindex":0},"up":{"uv":[6.0,10.5,5.875,9.875],"rotation":0,"texture":"#0","tintindex":0},"down":{"uv":[6.125,9.875,6.0,10.5],"rotation":0,"texture":"#0","tintindex":0}}},{"from":[-7.200001,2.3999996,1.5999999],"to":[-4.000001,15.200001,14.4],"rotation":{"angle":22.5,"axis":"z","origin":[-7.200001,2.3999996,8.0]},"faces":{"east":{"uv":[0.0,2.875,0.5,3.375],"rotation":0,"texture":"#0","tintindex":0},"south":{"uv":[1.125,2.875,1.25,3.375],"rotation":0,"texture":"#0","tintindex":0},"north":{"uv":[0.5,2.875,0.625,3.375],"rotation":0,"texture":"#0","tintindex":0},"west":{"uv":[0.625,2.875,1.125,3.375],"rotation":0,"texture":"#0","tintindex":0},"up":{"uv":[0.625,2.875,0.5,2.375],"rotation":0,"texture":"#0","tintindex":0},"down":{"uv":[0.75,2.375,0.625,2.875],"rotation":0,"texture":"#0","tintindex":0}}},{"from":[-7.200001,-16.0,1.5999999],"to":[-4.000001,-3.2000008,14.4],"rotation":{"angle":22.5,"axis":"z","origin":[-7.200001,-12.799999,8.0]},"faces":{"east":{"uv":[9.375,10.875,9.875,11.375],"rotation":0,"texture":"#0","tintindex":0},"south":{"uv":[10.5,10.875,10.625,11.375],"rotation":0,"texture":"#0","tintindex":0},"north":{"uv":[9.875,10.875,10.0,11.375],"rotation":0,"texture":"#0","tintindex":0},"west":{"uv":[10.0,10.875,10.5,11.375],"rotation":0,"texture":"#0","tintindex":0},"up":{"uv":[10.0,10.875,9.875,10.375],"rotation":0,"texture":"#0","tintindex":0},"down":{"uv":[10.125,10.375,10.0,10.875],"rotation":0,"texture":"#0","tintindex":0}}},{"from":[-4.000001,2.3999996,14.4],"to":[-0.8000002,18.400002,20.8],"rotation":{"angle":22.5,"axis":"z","origin":[-4.000001,2.3999996,14.4]},"faces":{"east":{"uv":[2.75,7.625,3.0,8.25],"rotation":0,"texture":"#0","tintindex":0},"south":{"uv":[3.375,7.625,3.5,8.25],"rotation":0,"texture":"#0","tintindex":0},"north":{"uv":[3.0,7.625,3.125,8.25],"rotation":0,"texture":"#0","tintindex":0},"west":{"uv":[3.125,7.625,3.375,8.25],"rotation":0,"texture":"#0","tintindex":0},"up":{"uv":[3.125,7.625,3.0,7.375],"rotation":0,"texture":"#0","tintindex":0},"down":{"uv":[3.25,7.375,3.125,7.625],"rotation":0,"texture":"#0","tintindex":0}}},{"from":[-4.000001,-4.0,12.8],"to":[-0.8000002,12.0,22.400002],"rotation":{"angle":22.5,"axis":"z","origin":[-4.000001,-4.0,14.4]},"faces":{"east":{"uv":[0.0,0.375,0.375,1.0],"rotation":0,"texture":"#0","tintindex":0},"south":{"uv":[0.875,0.375,1.0,1.0],"rotation":0,"texture":"#0","tintindex":0},"north":{"uv":[0.375,0.375,0.5,1.0],"rotation":0,"texture":"#0","tintindex":0},"west":{"uv":[0.5,0.375,0.875,1.0],"rotation":0,"texture":"#0","tintindex":0},"up":{"uv":[0.5,0.375,0.375,0.0],"rotation":0,"texture":"#0","tintindex":0},"down":{"uv":[0.625,0.0,0.5,0.375],"rotation":0,"texture":"#0","tintindex":0}}},{"from":[-4.000001,-12.799999,14.4],"to":[-0.8000002,-3.2000008,20.8],"rotation":{"angle":22.5,"axis":"z","origin":[-4.000001,-12.799999,14.4]},"faces":{"east":{"uv":[11.25,11.75,11.5,12.125],"rotation":0,"texture":"#0","tintindex":0},"south":{"uv":[10.875,11.75,10.75,12.125],"rotation":0,"texture":"#0","tintindex":0},"north":{"uv":[11.5,11.75,11.625,12.125],"rotation":0,"texture":"#0","tintindex":0},"west":{"uv":[11.125,11.75,10.875,12.125],"rotation":0,"texture":"#0","tintindex":0},"up":{"uv":[11.625,11.75,11.5,11.5],"rotation":0,"texture":"#0","tintindex":0},"down":{"uv":[11.75,11.5,11.625,11.75],"rotation":0,"texture":"#0","tintindex":0}}},{"from":[-4.000001,-7.200001,11.2],"to":[-0.8000002,2.3999996,24.0],"rotation":{"angle":22.5,"axis":"z","origin":[-4.000001,-7.200001,14.4]},"faces":{"east":{"uv":[4.5,11.0,5.0,11.375],"rotation":0,"texture":"#0","tintindex":0},"south":{"uv":[5.625,11.0,5.75,11.375],"rotation":0,"texture":"#0","tintindex":0},"north":{"uv":[5.0,11.0,5.125,11.375],"rotation":0,"texture":"#0","tintindex":0},"west":{"uv":[5.125,11.0,5.625,11.375],"rotation":0,"texture":"#0","tintindex":0},"up":{"uv":[5.125,11.0,5.0,10.5],"rotation":0,"texture":"#0","tintindex":0},"down":{"uv":[5.25,10.5,5.125,11.0],"rotation":0,"texture":"#0","tintindex":0}}},{"from":[-4.000001,2.3999996,-4.8],"to":[-0.8000002,12.0,1.5999999],"rotation":{"angle":22.5,"axis":"z","origin":[-4.000001,2.3999996,-4.8]},"faces":{"east":{"uv":[1.0,10.125,1.25,10.5],"rotation":0,"texture":"#0","tintindex":0},"south":{"uv":[1.625,10.125,1.75,10.5],"rotation":0,"texture":"#0","tintindex":0},"north":{"uv":[1.25,10.125,1.375,10.5],"rotation":0,"texture":"#0","tintindex":0},"west":{"uv":[1.375,10.125,1.625,10.5],"rotation":0,"texture":"#0","tintindex":0},"up":{"uv":[1.375,10.125,1.25,9.875],"rotation":0,"texture":"#0","tintindex":0},"down":{"uv":[1.5,9.875,1.375,10.125],"rotation":0,"texture":"#0","tintindex":0}}},{"from":[-4.000001,-4.0,-6.4000015],"to":[-0.8000002,5.6000004,3.1999998],"rotation":{"angle":22.5,"axis":"z","origin":[-4.000001,-4.0,-4.8]},"faces":{"east":{"uv":[0.0,6.875,0.375,7.25],"rotation":0,"texture":"#0","tintindex":0},"south":{"uv":[0.875,6.875,1.0,7.25],"rotation":0,"texture":"#0","tintindex":0},"north":{"uv":[0.375,6.875,0.5,7.25],"rotation":0,"texture":"#0","tintindex":0},"west":{"uv":[0.5,6.875,0.875,7.25],"rotation":0,"texture":"#0","tintindex":0},"up":{"uv":[0.5,6.875,0.375,6.5],"rotation":0,"texture":"#0","tintindex":0},"down":{"uv":[0.625,6.5,0.5,6.875],"rotation":0,"texture":"#0","tintindex":0}}},{"from":[-4.000001,-12.799999,-4.8],"to":[-0.8000002,-3.2000008,1.5999999],"rotation":{"angle":22.5,"axis":"z","origin":[-4.000001,-12.799999,-4.8]},"faces":{"east":{"uv":[10.5,11.75,10.75,12.125],"rotation":0,"texture":"#0","tintindex":0},"south":{"uv":[11.125,11.75,11.25,12.125],"rotation":0,"texture":"#0","tintindex":0},"north":{"uv":[10.75,11.75,10.875,12.125],"rotation":0,"texture":"#0","tintindex":0},"west":{"uv":[10.875,11.75,11.125,12.125],"rotation":0,"texture":"#0","tintindex":0},"up":{"uv":[10.875,11.75,10.75,11.5],"rotation":0,"texture":"#0","tintindex":0},"down":{"uv":[11.0,11.5,10.875,11.75],"rotation":0,"texture":"#0","tintindex":0}}},{"from":[-4.000001,-7.200001,-8.0],"to":[-0.8000002,-0.79999924,4.8],"rotation":{"angle":22.5,"axis":"z","origin":[-4.000001,-7.200001,-4.8]},"faces":{"east":{"uv":[10.625,11.25,11.125,11.5],"rotation":0,"texture":"#0","tintindex":0},"south":{"uv":[11.75,11.25,11.875,11.5],"rotation":0,"texture":"#0","tintindex":0},"north":{"uv":[11.125,11.25,11.25,11.5],"rotation":0,"texture":"#0","tintindex":0},"west":{"uv":[11.25,11.25,11.75,11.5],"rotation":0,"texture":"#0","tintindex":0},"up":{"uv":[11.25,11.25,11.125,10.75],"rotation":0,"texture":"#0","tintindex":0},"down":{"uv":[11.375,10.75,11.25,11.25],"rotation":0,"texture":"#0","tintindex":0}}}],"display":{"head":{"translation":[0.0,-51.200005,0.0],"scale":[4.0,4.0,4.0]}}}