{"textures":{"0":"modelengine:entity/mso_lava_lord"},"elements":[{"from":[4.8,4.8,-4.000001],"to":[11.2,11.2,-0.8000002],"rotation":{"angle":45.0,"axis":"z","origin":[8.0,8.0,-2.4000006]},"faces":{"east":{"uv":[5.0,12.0,5.125,12.25],"rotation":0,"texture":"#0","tintindex":0},"south":{"uv":[5.5,12.0,5.75,12.25],"rotation":0,"texture":"#0","tintindex":0},"north":{"uv":[5.125,12.0,5.375,12.25],"rotation":0,"texture":"#0","tintindex":0},"west":{"uv":[5.375,12.0,5.5,12.25],"rotation":0,"texture":"#0","tintindex":0},"up":{"uv":[5.375,12.0,5.125,11.875],"rotation":0,"texture":"#0","tintindex":0},"down":{"uv":[5.625,11.875,5.375,12.0],"rotation":0,"texture":"#0","tintindex":0}}},{"from":[4.8,10.72,16.0],"to":[14.4,20.32,19.2],"rotation":{"angle":45.0,"axis":"z","origin":[8.0,13.92,17.6]},"faces":{"east":{"uv":[4.0,10.625,4.125,11.0],"rotation":0,"texture":"#0","tintindex":0},"south":{"uv":[5.625,11.5,6.0,11.875],"rotation":0,"texture":"#0","tintindex":0},"north":{"uv":[4.125,10.625,4.5,11.0],"rotation":0,"texture":"#0","tintindex":0},"west":{"uv":[4.5,10.625,4.625,11.0],"rotation":0,"texture":"#0","tintindex":0},"up":{"uv":[4.5,10.625,4.125,10.5],"rotation":0,"texture":"#0","tintindex":0},"down":{"uv":[4.875,10.5,4.5,10.625],"rotation":0,"texture":"#0","tintindex":0}}},{"from":[1.5999999,11.2,-3.2000008],"to":[14.4,17.6,0.0],"rotation":{"angle":0.0,"axis":"y","origin":[-1.6000004,8.0,6.4]},"faces":{"east":{"uv":[9.375,5.75,9.5,6.0],"rotation":0,"texture":"#0","tintindex":0},"south":{"uv":[10.125,5.75,10.625,6.0],"rotation":0,"texture":"#0","tintindex":0},"north":{"uv":[9.5,5.75,10.0,6.0],"rotation":0,"texture":"#0","tintindex":0},"west":{"uv":[10.0,5.75,10.125,6.0],"rotation":0,"texture":"#0","tintindex":0},"up":{"uv":[10.0,5.75,9.5,5.625],"rotation":0,"texture":"#0","tintindex":0},"down":{"uv":[10.5,5.625,10.0,5.75],"rotation":0,"texture":"#0","tintindex":0}}},{"from":[3.1999998,8.0,-3.2000008],"to":[12.8,11.2,0.0],"rotation":{"angle":0.0,"axis":"y","origin":[-1.6000004,4.8,6.4]},"faces":{"east":{"uv":[0.0,7.375,0.125,7.5],"rotation":0,"texture":"#0","tintindex":0},"south":{"uv":[0.625,7.375,1.0,7.5],"rotation":0,"texture":"#0","tintindex":0},"north":{"uv":[0.125,7.375,0.5,7.5],"rotation":0,"texture":"#0","tintindex":0},"west":{"uv":[0.5,7.375,0.625,7.5],"rotation":0,"texture":"#0","tintindex":0},"up":{"uv":[0.5,7.375,0.125,7.25],"rotation":0,"texture":"#0","tintindex":0},"down":{"uv":[0.875,7.25,0.5,7.375],"rotation":0,"texture":"#0","tintindex":0}}},{"from":[-8.32,10.88,-3.5200005],"to":[-1.2800007,21.12,19.52],"rotation":{"angle":0.0,"axis":"y","origin":[-14.400002,8.0,8.0]},"faces":{"east":{"uv":[1.625,9.75,2.5,10.125],"rotation":0,"texture":"#0","tintindex":0},"south":{"uv":[2.5,9.75,2.75,10.125],"rotation":0,"texture":"#0","tintindex":0},"north":{"uv":[2.5,9.75,2.75,10.125],"rotation":0,"texture":"#0","tintindex":0},"west":{"uv":[2.75,9.75,3.625,10.125],"rotation":0,"texture":"#0","tintindex":0},"up":{"uv":[2.75,9.75,2.5,8.875],"rotation":0,"texture":"#0","tintindex":0},"down":{"uv":[3.0,8.875,2.75,9.75],"rotation":0,"texture":"#0","tintindex":0}}},{"from":[-8.800001,8.0,3.1999998],"to":[-5.6000004,14.4,12.8],"rotation":{"angle":22.5,"axis":"z","origin":[-8.800001,8.0,8.0]},"faces":{"east":{"uv":[8.5,11.5,8.875,11.75],"rotation":0,"texture":"#0","tintindex":0},"south":{"uv":[1.125,11.375,1.25,11.625],"rotation":0,"texture":"#0","tintindex":0},"north":{"uv":[6.625,10.5,6.75,10.75],"rotation":0,"texture":"#0","tintindex":0},"west":{"uv":[9.0,11.5,9.375,11.75],"rotation":0,"texture":"#0","tintindex":0},"up":{"uv":[9.0,11.5,8.875,11.125],"rotation":0,"texture":"#0","tintindex":0},"down":{"uv":[9.125,11.125,9.0,11.5],"rotation":0,"texture":"#0","tintindex":0}}},{"from":[-8.800001,12.8,0.0],"to":[-5.6000004,19.2,16.0],"rotation":{"angle":22.5,"axis":"z","origin":[-8.800001,12.8,8.0]},"faces":{"east":{"uv":[7.875,10.875,8.5,11.125],"rotation":0,"texture":"#0","tintindex":0},"south":{"uv":[6.625,10.5,6.75,10.75],"rotation":0,"texture":"#0","tintindex":0},"north":{"uv":[6.625,10.5,6.75,10.75],"rotation":0,"texture":"#0","tintindex":0},"west":{"uv":[8.625,10.875,9.25,11.125],"rotation":0,"texture":"#0","tintindex":0},"up":{"uv":[8.625,10.875,8.5,10.25],"rotation":0,"texture":"#0","tintindex":0},"down":{"uv":[8.75,10.25,8.625,10.875],"rotation":0,"texture":"#0","tintindex":0}}},{"from":[17.28,10.88,-3.5200005],"to":[24.32,21.12,19.52],"rotation":{"angle":0.0,"axis":"y","origin":[30.400002,8.0,8.0]},"faces":{"east":{"uv":[3.625,9.75,2.75,10.125],"rotation":0,"texture":"#0","tintindex":0},"south":{"uv":[2.75,9.75,2.5,10.125],"rotation":0,"texture":"#0","tintindex":0},"north":{"uv":[2.75,9.75,2.5,10.125],"rotation":0,"texture":"#0","tintindex":0},"west":{"uv":[2.5,9.75,1.625,10.125],"rotation":0,"texture":"#0","tintindex":0},"up":{"uv":[2.5,9.75,2.75,8.875],"rotation":0,"texture":"#0","tintindex":0},"down":{"uv":[2.75,8.875,3.0,9.75],"rotation":0,"texture":"#0","tintindex":0}}},{"from":[21.6,12.8,0.0],"to":[24.800001,19.2,16.0],"rotation":{"angle":-22.5,"axis":"z","origin":[24.800001,12.8,8.0]},"faces":{"east":{"uv":[9.25,10.875,8.625,11.125],"rotation":0,"texture":"#0","tintindex":0},"south":{"uv":[6.75,10.5,6.625,10.75],"rotation":0,"texture":"#0","tintindex":0},"north":{"uv":[6.75,10.5,6.625,10.75],"rotation":0,"texture":"#0","tintindex":0},"west":{"uv":[8.5,10.875,7.875,11.125],"rotation":0,"texture":"#0","tintindex":0},"up":{"uv":[8.5,10.875,8.625,10.25],"rotation":0,"texture":"#0","tintindex":0},"down":{"uv":[8.625,10.25,8.75,10.875],"rotation":0,"texture":"#0","tintindex":0}}},{"from":[21.6,8.0,3.1999998],"to":[24.800001,14.4,12.8],"rotation":{"angle":-22.5,"axis":"z","origin":[24.800001,8.0,8.0]},"faces":{"east":{"uv":[9.375,11.5,9.0,11.75],"rotation":0,"texture":"#0","tintindex":0},"south":{"uv":[1.25,11.375,1.125,11.625],"rotation":0,"texture":"#0","tintindex":0},"north":{"uv":[6.75,10.5,6.625,10.75],"rotation":0,"texture":"#0","tintindex":0},"west":{"uv":[8.875,11.5,8.5,11.75],"rotation":0,"texture":"#0","tintindex":0},"up":{"uv":[8.875,11.5,9.0,11.125],"rotation":0,"texture":"#0","tintindex":0},"down":{"uv":[9.0,11.125,9.125,11.5],"rotation":0,"texture":"#0","tintindex":0}}},{"from":[-4.8,8.0,0.0],"to":[20.8,24.0,16.0],"rotation":{"angle":0.0,"axis":"y","origin":[8.0,8.0,8.0]},"faces":{"east":{"uv":[5.75,8.0,6.375,8.625],"rotation":0,"texture":"#0","tintindex":0},"south":{"uv":[8.0,8.0,9.0,8.625],"rotation":0,"texture":"#0","tintindex":0},"north":{"uv":[6.375,8.0,7.375,8.625],"rotation":0,"texture":"#0","tintindex":0},"west":{"uv":[7.375,8.0,8.0,8.625],"rotation":0,"texture":"#0","tintindex":0},"up":{"uv":[7.375,8.0,6.375,7.375],"rotation":0,"texture":"#0","tintindex":0},"down":{"uv":[8.375,7.375,7.375,8.0],"rotation":0,"texture":"#0","tintindex":0}}}],"display":{"head":{"translation":[0.0,-6.4,0.0],"scale":[4.0,4.0,4.0]}}}