{"textures":{"0":"modelengine:entity/red_crewmate_texture"},"elements":[{"from":[6.857143,5.714286,6.857143],"to":[8.0,8.0,9.714286],"rotation":{"angle":0.0,"axis":"y","origin":[8.0,8.0,8.0]},"faces":{"east":{"uv":[8.5,8.25,7.25,9.25],"rotation":0,"texture":"#0","tintindex":0},"south":{"uv":[7.5,9.5,7.0,10.5],"rotation":0,"texture":"#0","tintindex":0},"north":{"uv":[3.75,9.5,3.25,10.5],"rotation":0,"texture":"#0","tintindex":0},"west":{"uv":[9.5,6.0,8.25,7.0],"rotation":0,"texture":"#0","tintindex":0},"up":{"uv":[6.25,10.5,6.75,9.25],"rotation":0,"texture":"#0","tintindex":0},"down":{"uv":[2.5,9.5,3.0,10.75],"rotation":0,"texture":"#0","tintindex":0}}}],"display":{"head":{"translation":[0.0,-6.4,0.0],"scale":[4.0,4.0,4.0]}}}